[Licensing::Module] Trying to connect to existing licensing client channel...
Built from '6000.3/staging' branch; Version is '6000.3.14f1 (d68c3f99a318) revision 14060607'; Using compiler version '194234433'; Build Type 'Release'
OS: 'Windows 11  (10.0.26200) Core' Language: 'en' Physical Memory: 15636 MB
[Licensing::IpcConnector] Successfully connected to: "LicenseClient-doria" at "2026-05-01T18:18:01.9713338Z"
BatchMode: 1, IsHumanControllingUs: 0, StartBugReporterOnCrash: 0, Is64bit: 1
System  architecture: x64
Process architecture: x64
Date: 2026-05-01T18:18:01Z

COMMAND LINE ARGUMENTS:
C:\Program Files\Unity\Hub\Editor\6000.3.14f1\Editor\Unity.exe
-adb2
-batchMode
-noUpm
-name
AssetImportWorker0
-projectPath
C:/Users/doria/Documents/Mercenary/MercenaryTop
-logFile
Logs/AssetImportWorker0.log
-srvPort
49798
-licensingIpc
LicenseClient-doria
-job-worker-count
5
-background-job-worker-count
8
-gc-helper-count
1
-name
AssetImport
Successfully changed project path to: C:/Users/doria/Documents/Mercenary/MercenaryTop
C:/Users/doria/Documents/Mercenary/MercenaryTop
[UnityMemory] Configuration Parameters - Can be set up in boot.config
    "memorysetup-temp-allocator-size-nav-mesh-worker=65536"
    "memorysetup-temp-allocator-size-audio-worker=65536"
    "memorysetup-temp-allocator-size-gfx=262144"
    "memorysetup-allocator-temp-initial-block-size-main=262144"
    "memorysetup-allocator-temp-initial-block-size-worker=262144"
    "memorysetup-temp-allocator-size-background-worker=32768"
    "memorysetup-temp-allocator-size-job-worker=262144"
    "memorysetup-temp-allocator-size-preload-manager=33554432"
    "memorysetup-temp-allocator-size-gi-baking-worker=262144"
    "memorysetup-temp-allocator-size-gi-baking-worker=262144"
    "memorysetup-temp-allocator-size-gi-baking-worker=262144"
    "memorysetup-temp-allocator-size-gi-baking-worker=262144"
    "memorysetup-temp-allocator-size-gi-baking-worker=262144"
    "memorysetup-bucket-allocator-granularity=16"
    "memorysetup-bucket-allocator-bucket-count=8"
    "memorysetup-bucket-allocator-block-size=33554432"
    "memorysetup-bucket-allocator-block-count=8"
    "memorysetup-main-allocator-block-size=16777216"
    "memorysetup-thread-allocator-block-size=16777216"
    "memorysetup-gfx-main-allocator-block-size=16777216"
    "memorysetup-gfx-thread-allocator-block-size=16777216"
    "memorysetup-cache-allocator-block-size=4194304"
    "memorysetup-typetree-allocator-block-size=2097152"
    "memorysetup-profiler-bucket-allocator-granularity=16"
    "memorysetup-profiler-bucket-allocator-bucket-count=8"
    "memorysetup-profiler-bucket-allocator-block-size=33554432"
    "memorysetup-profiler-bucket-allocator-block-count=8"
    "memorysetup-profiler-allocator-block-size=16777216"
    "memorysetup-profiler-editor-allocator-block-size=1048576"
    "memorysetup-temp-allocator-size-main=16777216"
    "memorysetup-job-temp-allocator-block-size=2097152"
    "memorysetup-job-temp-allocator-block-size-background=1048576"
    "memorysetup-job-temp-allocator-reduction-small-platforms=262144"
    "memorysetup-temp-allocator-size-cloud-worker=32768"
Player connection [16660]  Target information:

Player connection [16660]  * "[IP] 172.24.165.133 [Port] 0 [Flags] 2 [Guid] 39696678 [EditorId] 39696678 [Version] 1048832 [Id] WindowsEditor(7,WIN-MCABTCBJL24) [Debug] 1 [PackageName] WindowsEditor [ProjectName] Editor" 

Player connection [16660] Host joined multi-casting on [225.0.0.222:54997]...
Player connection [16660] Host joined alternative multi-casting on [225.0.0.222:34997]...
JobSystem: Creating JobQueue using job-worker-count value 5
Input System module state changed to: Initialized.
[Physics::Module] Initialized fallback backend.
[Physics::Module] Id: 0xdecafbad
Library Redirect Path: Library/
[Physics::Module] Selected backend.
[Physics::Module] Name: PhysX
[Physics::Module] Id: 0xf2b8ea05
[Physics::Module] SDK Version: 4.1.2
[Physics::Module] Integration Version: 1.0.0
[Physics::Module] Threading Mode: Multi-Threaded
Refreshing native plugins compatible for Editor in 4.76 ms, found 5 plugins.
Preloading 0 native plugins for Editor in 0.00 ms.
Initialize engine version: 6000.3.14f1 (d68c3f99a318)
[Subsystems] Discovering subsystems at path C:/Program Files/Unity/Hub/Editor/6000.3.14f1/Editor/Data/Resources/UnitySubsystems
[Subsystems] Discovering subsystems at path C:/Users/doria/Documents/Mercenary/MercenaryTop/Assets
GfxDevice: creating device client; kGfxThreadingModeNonThreaded
Direct3D:
    Version:  Direct3D 11.0 [level 11.1]
    Renderer: NVIDIA GeForce RTX 4050 Laptop GPU (ID=0x28e1)
    Vendor:   NVIDIA
    VRAM:     5920 MB
    Driver:   32.0.15.9597
Initialize mono
Mono path[0] = 'C:/Program Files/Unity/Hub/Editor/6000.3.14f1/Editor/Data/Managed'
Mono path[1] = 'C:/Program Files/Unity/Hub/Editor/6000.3.14f1/Editor/Data/MonoBleedingEdge/lib/mono/unityjit-win32'
Mono config path = 'C:/Program Files/Unity/Hub/Editor/6000.3.14f1/Editor/Data/MonoBleedingEdge/etc'
Using monoOptions --debugger-agent=transport=dt_socket,embedding=1,server=y,suspend=n,address=127.0.0.1:56872
Begin MonoManager ReloadAssembly
Registering precompiled unity dll's ...
Register platform support module: C:/Program Files/Unity/Hub/Editor/6000.3.14f1/Editor/Data/PlaybackEngines/WindowsStandaloneSupport/UnityEditor.WindowsStandalone.Extensions.dll
Registered in 0.002206 seconds.
- Loaded All Assemblies, in  0.560 seconds
Native extension for WindowsStandalone target not found
Package Manager log level set to [2]
[Package Manager] Failed to launch server process. Reason: Unity was launched with the -noUpm command-line argument
[Package Manager] Unable to send message (not connected to server process).
[Package Manager] Cannot connect to Unity Package Manager local server
ScheduleIndexationOnStartup MainProcess:False IndexOnStartup:True
Mono: successfully reloaded assembly
- Finished resetting the current domain, in  0.531 seconds
Domain Reload Profiling: 1088ms
	BeginReloadAssembly (174ms)
		ExecutionOrderSort (0ms)
		DisableScriptedObjects (0ms)
		BackupInstance (0ms)
		ReleaseScriptingObjects (0ms)
		CreateAndSetChildDomain (1ms)
	RebuildCommonClasses (54ms)
	RebuildNativeTypeToScriptingClass (19ms)
	initialDomainReloadingComplete (76ms)
	LoadAllAssembliesAndSetupDomain (233ms)
		LoadAssemblies (170ms)
		RebuildTransferFunctionScriptingTraits (0ms)
		AnalyzeDomain (228ms)
			TypeCache.Refresh (226ms)
				TypeCache.ScanAssembly (208ms)
			BuildScriptInfoCaches (0ms)
			ResolveRequiredComponents (1ms)
	FinalizeReload (532ms)
		ReleaseScriptCaches (0ms)
		RebuildScriptCaches (0ms)
		SetupLoadedEditorAssemblies (465ms)
			LogAssemblyErrors (0ms)
			InitializePlatformSupportModulesInManaged (55ms)
			SetLoadedEditorAssemblies (4ms)
			BeforeProcessingInitializeOnLoad (123ms)
			ProcessInitializeOnLoadAttributes (180ms)
			ProcessInitializeOnLoadMethodAttributes (103ms)
			AfterProcessingInitializeOnLoad (0ms)
			EditorAssembliesLoaded (0ms)
		ExecutionOrderSort2 (0ms)
		AwakeInstancesAfterBackupRestoration (0ms)
========================================================================
Worker process is ready to serve import requests
Import Worker Mode flag is 0x00
Begin MonoManager ReloadAssembly
[Licensing::Module] Licensing is not yet initialized.
[Licensing::Client] Error: HandshakeResponse reported an error:
	ResponseCode: 505
	ResponseStatus: Unsupported protocol version '1.18.1'.
[Licensing::Module] Error: Failed to handshake to channel: "LicenseClient-doria"
[Licensing::IpcConnector] LicenseClient-doria channel disconnected successfully.
[Licensing::IpcConnector] Successfully connected to: "LicenseClient-doria-6000.3.14" at "2026-05-01T18:18:04.7997752Z"
[Licensing::Client] Handshaking with LicensingClient:
  Version:                 1.18.1+9fbee8e
  Session Id:              a23a7204cd6c4cdcb6e5c7aa819ed3ef
  Correlation Id:          765f7bb24aa9df4c595fafa3c2b5b340
  External correlation Id: 6635480371048135953
  Machine Id:              YQYdrTSTO+zpb+mG0eT2nX0t3CI=
[Licensing::Module] Successfully connected to LicensingClient on channel: "LicenseClient-doria-6000.3.14" (connect: 0.00s, validation: 0.00s, handshake: 2.72s)
[Licensing::IpcConnector] Successfully connected to: "LicenseClient-doria-6000.3.14-notifications" at "2026-05-01T18:18:07.5225005Z"
[Licensing::Module] Licensing Background thread has ended after 5.55s
[Licensing::Module] Licensing is initialized (took 3.16s).
[Licensing::Client] Successfully resolved entitlement details
[Licensing::Module] License group:
  Id: 4673930102445-UnityPersXXXX
  Product: Unity Personal
  Type: Assigned
  Expiration: Unlimited
- Loaded All Assemblies, in  4.180 seconds
Refreshing native plugins compatible for Editor in 2.94 ms, found 5 plugins.
Native extension for WindowsStandalone target not found
[Package Manager] Failed to launch server process. Reason: Unity was launched with the -noUpm command-line argument
[Package Manager] Unable to send message (not connected to server process).
[Package Manager] Cannot connect to Unity Package Manager local server
Refreshing native plugins compatible for Editor in 2.25 ms, found 5 plugins.
[Package Manager] Failed to launch server process. Reason: Unity was launched with the -noUpm command-line argument
[Package Manager] Unable to send message (not connected to server process).
[Package Manager] Cannot connect to Unity Package Manager local server
ScheduleIndexationOnStartup MainProcess:False IndexOnStartup:True
Mono: successfully reloaded assembly
- Finished resetting the current domain, in  0.900 seconds
Domain Reload Profiling: 5071ms
	BeginReloadAssembly (3377ms)
		ExecutionOrderSort (0ms)
		DisableScriptedObjects (6ms)
		BackupInstance (0ms)
		ReleaseScriptingObjects (0ms)
		CreateAndSetChildDomain (39ms)
	RebuildCommonClasses (45ms)
	RebuildNativeTypeToScriptingClass (15ms)
	initialDomainReloadingComplete (45ms)
	LoadAllAssembliesAndSetupDomain (688ms)
		LoadAssemblies (484ms)
		RebuildTransferFunctionScriptingTraits (0ms)
		AnalyzeDomain (322ms)
			TypeCache.Refresh (229ms)
				TypeCache.ScanAssembly (213ms)
			BuildScriptInfoCaches (78ms)
			ResolveRequiredComponents (9ms)
	FinalizeReload (901ms)
		ReleaseScriptCaches (0ms)
		RebuildScriptCaches (0ms)
		SetupLoadedEditorAssemblies (726ms)
			LogAssemblyErrors (0ms)
			InitializePlatformSupportModulesInManaged (2ms)
			SetLoadedEditorAssemblies (5ms)
			BeforeProcessingInitializeOnLoad (173ms)
			ProcessInitializeOnLoadAttributes (401ms)
			ProcessInitializeOnLoadMethodAttributes (137ms)
			AfterProcessingInitializeOnLoad (8ms)
			EditorAssembliesLoaded (0ms)
		ExecutionOrderSort2 (0ms)
		AwakeInstancesAfterBackupRestoration (7ms)
Launched and connected shader compiler UnityShaderCompiler.exe after 0.02 seconds
Refreshing native plugins compatible for Editor in 3.95 ms, found 5 plugins.
Preloading 0 native plugins for Editor in 0.00 ms.
Unloading 16 Unused Serialized files (Serialized files now loaded: 0)
Unloading 7166 unused Assets / (5.0 MB). Loaded Objects now: 7976.
Memory consumption went from 153.7 MB to 148.7 MB.
Total: 15.627600 ms (FindLiveObjects: 1.891500 ms CreateObjectMapping: 1.946000 ms MarkObjects: 8.235400 ms  DeleteObjects: 3.552300 ms)

========================================================================
Received Import Request.
  Time since last request: 679401.262483 seconds.
  path: Assets/Jojo Jungle Pack v4.0/SpriteSheets/player/john_stand_shooting_up.png
  artifactKey: Guid(565d4c8685b7ee84e96f80e27ddf88f6) Importer(2089858483,b0f066a214c2f5e87bad3c948f4d605d)
Start importing Assets/Jojo Jungle Pack v4.0/SpriteSheets/player/john_stand_shooting_up.png using Guid(565d4c8685b7ee84e96f80e27ddf88f6) Importer(2089858483,b0f066a214c2f5e87bad3c948f4d605d) (ScriptedImporter) -> (artifact id: '323ee9660c7ebb0b5db497476433f6fb') in 0.1575948 seconds
Number of updated asset objects reloaded before import = 0Number of asset objects unloaded after import = 4

========================================================================
Received Import Request.
  Time since last request: 0.000033 seconds.
  path: Assets/Jojo Jungle Pack v4.0
  artifactKey: Guid(ce8f942a74c008a4b9c9d7be29eb4dd7) Importer(815301076,1909f56bfc062723c751e8b465ee728b)
Start importing Assets/Jojo Jungle Pack v4.0 using Guid(ce8f942a74c008a4b9c9d7be29eb4dd7) Importer(815301076,1909f56bfc062723c751e8b465ee728b) (PreviewImporter) -> (artifact id: '2d00a7b68da71920025042987eecd3a1') in 0.0007489 seconds
Number of updated asset objects reloaded before import = 0Number of asset objects unloaded after import = 0

========================================================================
Received Import Request.
  Time since last request: 0.000040 seconds.
  path: Assets/Jojo Jungle Pack v4.0/SpriteSheets/player/john_crouch_shoot.png
  artifactKey: Guid(104060f5e9ccea34e8eb19cb5a76d07e) Importer(2089858483,b0f066a214c2f5e87bad3c948f4d605d)
Start importing Assets/Jojo Jungle Pack v4.0/SpriteSheets/player/john_crouch_shoot.png using Guid(104060f5e9ccea34e8eb19cb5a76d07e) Importer(2089858483,b0f066a214c2f5e87bad3c948f4d605d) (ScriptedImporter) -> (artifact id: '9c0fc83918c2f0a6991a59d6ddb5d47e') in 0.0125508 seconds
Number of updated asset objects reloaded before import = 0Number of asset objects unloaded after import = 4

========================================================================
Received Import Request.
  Time since last request: 0.000020 seconds.
  path: Assets/Jojo Jungle Pack v4.0/SpriteSheets/boss/sparks.png
  artifactKey: Guid(780a04626c6dc044dab5473e7a6486ae) Importer(2089858483,b0f066a214c2f5e87bad3c948f4d605d)
Start importing Assets/Jojo Jungle Pack v4.0/SpriteSheets/boss/sparks.png using Guid(780a04626c6dc044dab5473e7a6486ae) Importer(2089858483,b0f066a214c2f5e87bad3c948f4d605d) (ScriptedImporter) -> (artifact id: '97bdec8e9c438e6be77706ae632e2157') in 0.0155143 seconds
Number of updated asset objects reloaded before import = 0Number of asset objects unloaded after import = 7

========================================================================
Received Import Request.
  Time since last request: 0.000022 seconds.
  path: Assets/Jojo Jungle Pack v4.0/SpriteSheets/enemy/grunt_death.png
  artifactKey: Guid(bcad6d3cff21355499e210562b4ffe1e) Importer(2089858483,b0f066a214c2f5e87bad3c948f4d605d)
Start importing Assets/Jojo Jungle Pack v4.0/SpriteSheets/enemy/grunt_death.png using Guid(bcad6d3cff21355499e210562b4ffe1e) Importer(2089858483,b0f066a214c2f5e87bad3c948f4d605d) (ScriptedImporter) -> (artifact id: 'a33cd1069c46aec48eaeff1aae67a792') in 0.0203807 seconds
Number of updated asset objects reloaded before import = 0Number of asset objects unloaded after import = 14

========================================================================
Received Import Request.
  Time since last request: 0.000027 seconds.
  path: Assets/Jojo Jungle Pack v4.0/SpriteSheets/player/john_stand_up_diag.png
  artifactKey: Guid(2a44586ed3dd80a42baf0447124a5e54) Importer(2089858483,b0f066a214c2f5e87bad3c948f4d605d)
Start importing Assets/Jojo Jungle Pack v4.0/SpriteSheets/player/john_stand_up_diag.png using Guid(2a44586ed3dd80a42baf0447124a5e54) Importer(2089858483,b0f066a214c2f5e87bad3c948f4d605d) (ScriptedImporter) -> (artifact id: '4909e0ef26c5107defd77dc660bdfd62') in 0.0081226 seconds
Number of updated asset objects reloaded before import = 0Number of asset objects unloaded after import = 3

========================================================================
Received Import Request.
  Time since last request: 0.000032 seconds.
  path: Assets/Jojo Jungle Pack v4.0/SpriteSheets/ui/life_unit.png
  artifactKey: Guid(bf85e8e21ad35034e8e05785fe4b65da) Importer(2089858483,b0f066a214c2f5e87bad3c948f4d605d)
Start importing Assets/Jojo Jungle Pack v4.0/SpriteSheets/ui/life_unit.png using Guid(bf85e8e21ad35034e8e05785fe4b65da) Importer(2089858483,b0f066a214c2f5e87bad3c948f4d605d) (ScriptedImporter) -> (artifact id: 'fbf800726f9ff3666605e77b4a831cc8') in 0.0082579 seconds
Number of updated asset objects reloaded before import = 0Number of asset objects unloaded after import = 3

========================================================================
Received Import Request.
  Time since last request: 0.000022 seconds.
  path: Assets/Jojo Jungle Pack v4.0/SpriteSheets/player/john_hagging_fire_right.png
  artifactKey: Guid(cce9a4479350c884e94d7c9290847620) Importer(2089858483,b0f066a214c2f5e87bad3c948f4d605d)
Start importing Assets/Jojo Jungle Pack v4.0/SpriteSheets/player/john_hagging_fire_right.png using Guid(cce9a4479350c884e94d7c9290847620) Importer(2089858483,b0f066a214c2f5e87bad3c948f4d605d) (ScriptedImporter) -> (artifact id: '11220f4da6800b44cdec880ac032fd1d') in 0.0098132 seconds
Number of updated asset objects reloaded before import = 0Number of asset objects unloaded after import = 4

========================================================================
Received Import Request.
  Time since last request: 0.000025 seconds.
  path: Assets/Jojo Jungle Pack v4.0/SpriteSheets/player/john_run_NG_diag_aimdowndiag.png
  artifactKey: Guid(d85002496e67e1b4b800f704d4b0d99e) Importer(2089858483,b0f066a214c2f5e87bad3c948f4d605d)
Start importing Assets/Jojo Jungle Pack v4.0/SpriteSheets/player/john_run_NG_diag_aimdowndiag.png using Guid(d85002496e67e1b4b800f704d4b0d99e) Importer(2089858483,b0f066a214c2f5e87bad3c948f4d605d) (ScriptedImporter) -> (artifact id: '20cd62ea07e8402fd80135db27d88849') in 0.0154995 seconds
Number of updated asset objects reloaded before import = 0Number of asset objects unloaded after import = 12

========================================================================
Received Import Request.
  Time since last request: 0.000021 seconds.
  path: Assets/Jojo Jungle Pack v4.0/SpriteSheets/background/jungle_tree2.png
  artifactKey: Guid(c9a76ddaae90c3c47b664db55607d82e) Importer(2089858483,b0f066a214c2f5e87bad3c948f4d605d)
Start importing Assets/Jojo Jungle Pack v4.0/SpriteSheets/background/jungle_tree2.png using Guid(c9a76ddaae90c3c47b664db55607d82e) Importer(2089858483,b0f066a214c2f5e87bad3c948f4d605d) (ScriptedImporter) -> (artifact id: '3bd73c3685017560b42264bd467b4362') in 0.0136555 seconds
Number of updated asset objects reloaded before import = 0Number of asset objects unloaded after import = 3

========================================================================
Received Import Request.
  Time since last request: 0.000025 seconds.
  path: Assets/Jojo Jungle Pack v4.0/SpriteSheets/background/jungle_tree1.png
  artifactKey: Guid(426537a129d6ff54d96023ee1f48aa71) Importer(2089858483,b0f066a214c2f5e87bad3c948f4d605d)
Start importing Assets/Jojo Jungle Pack v4.0/SpriteSheets/background/jungle_tree1.png using Guid(426537a129d6ff54d96023ee1f48aa71) Importer(2089858483,b0f066a214c2f5e87bad3c948f4d605d) (ScriptedImporter) -> (artifact id: 'cd4791c93f0b5f989e3f31900a8fbd1a') in 0.0131368 seconds
Number of updated asset objects reloaded before import = 0Number of asset objects unloaded after import = 3

========================================================================
Received Import Request.
  Time since last request: 0.000035 seconds.
  path: Assets/Jojo Jungle Pack v4.0/SpriteSheets/enemy/turret_broke.png
  artifactKey: Guid(35484d8c2da2b3b47bc0c30fe4cdf3f3) Importer(2089858483,b0f066a214c2f5e87bad3c948f4d605d)
Start importing Assets/Jojo Jungle Pack v4.0/SpriteSheets/enemy/turret_broke.png using Guid(35484d8c2da2b3b47bc0c30fe4cdf3f3) Importer(2089858483,b0f066a214c2f5e87bad3c948f4d605d) (ScriptedImporter) -> (artifact id: '0c06a5d1e74460c0363fe4b77449d960') in 0.0135492 seconds
Number of updated asset objects reloaded before import = 0Number of asset objects unloaded after import = 6

========================================================================
Received Import Request.
  Time since last request: 0.000018 seconds.
  path: Assets/Jojo Jungle Pack v4.0/SpriteSheets/titlescreen
  artifactKey: Guid(9ac99b38f2c401d408e6370d6d51af68) Importer(2089858483,b0f066a214c2f5e87bad3c948f4d605d)
Start importing Assets/Jojo Jungle Pack v4.0/SpriteSheets/titlescreen using Guid(9ac99b38f2c401d408e6370d6d51af68) Importer(2089858483,b0f066a214c2f5e87bad3c948f4d605d) (ScriptedImporter) -> (artifact id: '3aa761d788ebf3f3da03d2a096c48792') in 0.0051638 seconds
Number of updated asset objects reloaded before import = 0Number of asset objects unloaded after import = 1

========================================================================
Received Import Request.
  Time since last request: 0.000022 seconds.
  path: Assets/Jojo Jungle Pack v4.0/SpriteSheets/tileset.png
  artifactKey: Guid(8d847b7a0d4f1594cb34047245d9c7ce) Importer(815301076,1909f56bfc062723c751e8b465ee728b)
Start importing Assets/Jojo Jungle Pack v4.0/SpriteSheets/tileset.png using Guid(8d847b7a0d4f1594cb34047245d9c7ce) Importer(815301076,1909f56bfc062723c751e8b465ee728b) (PreviewImporter) -> (artifact id: 'ea83e08a386355109968f4c2c67d9484') in 0.077319 seconds
Number of updated asset objects reloaded before import = 0Number of asset objects unloaded after import = 3

========================================================================
Received Import Request.
  Time since last request: 0.000024 seconds.
  path: Assets/Jojo Jungle Pack v4.0/SpriteSheets/fx/bullet_impact.png
  artifactKey: Guid(10ab2f0adf65018429b0593389df2ae3) Importer(2089858483,b0f066a214c2f5e87bad3c948f4d605d)
Start importing Assets/Jojo Jungle Pack v4.0/SpriteSheets/fx/bullet_impact.png using Guid(10ab2f0adf65018429b0593389df2ae3) Importer(2089858483,b0f066a214c2f5e87bad3c948f4d605d) (ScriptedImporter) -> (artifact id: '101c7309ae76a0756df44da3bf44a098') in 0.0119504 seconds
Number of updated asset objects reloaded before import = 0Number of asset objects unloaded after import = 5

========================================================================
Received Import Request.
  Time since last request: 0.000034 seconds.
  path: Assets/Jojo Jungle Pack v4.0/SpriteSheets/cave_tileset.png
  artifactKey: Guid(d15c31b428e0eaf48860b44728a8a81d) Importer(815301076,1909f56bfc062723c751e8b465ee728b)
Start importing Assets/Jojo Jungle Pack v4.0/SpriteSheets/cave_tileset.png using Guid(d15c31b428e0eaf48860b44728a8a81d) Importer(815301076,1909f56bfc062723c751e8b465ee728b) (PreviewImporter) -> (artifact id: 'ecd7a036365454a4a00782eb69671720') in 0.0156172 seconds
Number of updated asset objects reloaded before import = 0Number of asset objects unloaded after import = 3

========================================================================
Received Import Request.
  Time since last request: 0.000020 seconds.
  path: Assets/Jojo Jungle Pack v4.0/SpriteSheets/titlescreen/title_screen.png
  artifactKey: Guid(a1a42bdb9d0b9d449888fc0478c986ff) Importer(2089858483,b0f066a214c2f5e87bad3c948f4d605d)
Start importing Assets/Jojo Jungle Pack v4.0/SpriteSheets/titlescreen/title_screen.png using Guid(a1a42bdb9d0b9d449888fc0478c986ff) Importer(2089858483,b0f066a214c2f5e87bad3c948f4d605d) (ScriptedImporter) -> (artifact id: '1a51d582503da091e60d654809a08ab0') in 0.0097035 seconds
Number of updated asset objects reloaded before import = 0Number of asset objects unloaded after import = 3

========================================================================
Received Import Request.
  Time since last request: 0.000019 seconds.
  path: Assets/Jojo Jungle Pack v4.0/SpriteSheets/enemy/grunt_crouch_shoot_front.png
  artifactKey: Guid(e0c16f18f1ac3814382a5540f7d56ee9) Importer(2089858483,b0f066a214c2f5e87bad3c948f4d605d)
Start importing Assets/Jojo Jungle Pack v4.0/SpriteSheets/enemy/grunt_crouch_shoot_front.png using Guid(e0c16f18f1ac3814382a5540f7d56ee9) Importer(2089858483,b0f066a214c2f5e87bad3c948f4d605d) (ScriptedImporter) -> (artifact id: '64cffbb3ddfaa558ec853805d44f5ef0') in 0.0107557 seconds
Number of updated asset objects reloaded before import = 0Number of asset objects unloaded after import = 4

========================================================================
Received Import Request.
  Time since last request: 0.000021 seconds.
  path: Assets/Jojo Jungle Pack v4.0/SpriteSheets/enemy/enemy_weapon_bullet.png
  artifactKey: Guid(3dc3f04805a956a43bb1222e63ab0f03) Importer(2089858483,b0f066a214c2f5e87bad3c948f4d605d)
Start importing Assets/Jojo Jungle Pack v4.0/SpriteSheets/enemy/enemy_weapon_bullet.png using Guid(3dc3f04805a956a43bb1222e63ab0f03) Importer(2089858483,b0f066a214c2f5e87bad3c948f4d605d) (ScriptedImporter) -> (artifact id: '92d64ce294099c52a7eb52bc5cc7d3b5') in 0.0106268 seconds
Number of updated asset objects reloaded before import = 0Number of asset objects unloaded after import = 6

========================================================================
Received Import Request.
  Time since last request: 0.000021 seconds.
  path: Assets/Jojo Jungle Pack v4.0/Mockups/jjmockups.png
  artifactKey: Guid(b45e8c8356ea1c34d9d8e3aa6efd45ed) Importer(2089858483,b0f066a214c2f5e87bad3c948f4d605d)
Start importing Assets/Jojo Jungle Pack v4.0/Mockups/jjmockups.png using Guid(b45e8c8356ea1c34d9d8e3aa6efd45ed) Importer(2089858483,b0f066a214c2f5e87bad3c948f4d605d) (ScriptedImporter) -> (artifact id: '92a98c228f1e1cabbd982a54562e97f6') in 0.0181447 seconds
Number of updated asset objects reloaded before import = 0Number of asset objects unloaded after import = 3

========================================================================
Received Import Request.
  Time since last request: 0.000028 seconds.
  path: Assets/Jojo Jungle Pack v4.0/SpriteSheets/tileset.png
  artifactKey: Guid(8d847b7a0d4f1594cb34047245d9c7ce) Importer(2089858483,b0f066a214c2f5e87bad3c948f4d605d)
Start importing Assets/Jojo Jungle Pack v4.0/SpriteSheets/tileset.png using Guid(8d847b7a0d4f1594cb34047245d9c7ce) Importer(2089858483,b0f066a214c2f5e87bad3c948f4d605d) (ScriptedImporter) -> (artifact id: '4a7df58d52f6be5a27e8d86d15696c0c') in 0.0086573 seconds
Number of updated asset objects reloaded before import = 0Number of asset objects unloaded after import = 3

========================================================================
Received Import Request.
  Time since last request: 0.000021 seconds.
  path: Assets/Jojo Jungle Pack v4.0/SpriteSheets/player/john_hagging_aimupup.png
  artifactKey: Guid(2229a0c243c7e224b9f04511241521b4) Importer(2089858483,b0f066a214c2f5e87bad3c948f4d605d)
Start importing Assets/Jojo Jungle Pack v4.0/SpriteSheets/player/john_hagging_aimupup.png using Guid(2229a0c243c7e224b9f04511241521b4) Importer(2089858483,b0f066a214c2f5e87bad3c948f4d605d) (ScriptedImporter) -> (artifact id: 'a59d5716210b6843aaa5a380d45881b7') in 0.008942 seconds
Number of updated asset objects reloaded before import = 0Number of asset objects unloaded after import = 3

========================================================================
Received Import Request.
  Time since last request: 0.000035 seconds.
  path: Assets/Jojo Jungle Pack v4.0/SpriteSheets/background/jungle_tree1_bg.png
  artifactKey: Guid(45630d7242765b441b2f7f16d567a013) Importer(2089858483,b0f066a214c2f5e87bad3c948f4d605d)
Start importing Assets/Jojo Jungle Pack v4.0/SpriteSheets/background/jungle_tree1_bg.png using Guid(45630d7242765b441b2f7f16d567a013) Importer(2089858483,b0f066a214c2f5e87bad3c948f4d605d) (ScriptedImporter) -> (artifact id: '3d67020170584df916d7809d11932dec') in 0.0105761 seconds
Number of updated asset objects reloaded before import = 0Number of asset objects unloaded after import = 3

========================================================================
Received Import Request.
  Time since last request: 0.000030 seconds.
  path: Assets/Jojo Jungle Pack v4.0/GIFs/john_stand_shooting_magnified_show_X5.gif
  artifactKey: Guid(533e3dd7220ed774fa8280561f770fba) Importer(2089858483,b0f066a214c2f5e87bad3c948f4d605d)
Start importing Assets/Jojo Jungle Pack v4.0/GIFs/john_stand_shooting_magnified_show_X5.gif using Guid(533e3dd7220ed774fa8280561f770fba) Importer(2089858483,b0f066a214c2f5e87bad3c948f4d605d) (ScriptedImporter) -> (artifact id: '2595b960e106b08215653f79bfc52e1d') in 0.0146686 seconds
Number of updated asset objects reloaded before import = 0Number of asset objects unloaded after import = 3

========================================================================
Received Import Request.
  Time since last request: 0.000040 seconds.
  path: Assets/Jojo Jungle Pack v4.0/SpriteSheets/player/weapon_bullet.png
  artifactKey: Guid(97df29dc087d694449fef449cc8f4d5b) Importer(2089858483,b0f066a214c2f5e87bad3c948f4d605d)
Start importing Assets/Jojo Jungle Pack v4.0/SpriteSheets/player/weapon_bullet.png using Guid(97df29dc087d694449fef449cc8f4d5b) Importer(2089858483,b0f066a214c2f5e87bad3c948f4d605d) (ScriptedImporter) -> (artifact id: '402334c661752eb088b03f1ece61f899') in 0.0143572 seconds
Number of updated asset objects reloaded before import = 0Number of asset objects unloaded after import = 6

========================================================================
Received Import Request.
  Time since last request: 0.000022 seconds.
  path: Assets/Jojo Jungle Pack v4.0/SpriteSheets/ui/ui_medal_life_red.png
  artifactKey: Guid(99fb4bc5fc7860f43bf12b9794f0ba35) Importer(2089858483,b0f066a214c2f5e87bad3c948f4d605d)
Start importing Assets/Jojo Jungle Pack v4.0/SpriteSheets/ui/ui_medal_life_red.png using Guid(99fb4bc5fc7860f43bf12b9794f0ba35) Importer(2089858483,b0f066a214c2f5e87bad3c948f4d605d) (ScriptedImporter) -> (artifact id: '7f14e6b1b47b5bbbb6e4390d9c8b7e36') in 0.0108919 seconds
Number of updated asset objects reloaded before import = 0Number of asset objects unloaded after import = 3

========================================================================
Received Import Request.
  Time since last request: 0.000019 seconds.
  path: Assets/Jojo Jungle Pack v4.0/SpriteSheets/fx/explosion_smoke.png
  artifactKey: Guid(a9c193562c6e29b4182d68c78296d947) Importer(2089858483,b0f066a214c2f5e87bad3c948f4d605d)
Start importing Assets/Jojo Jungle Pack v4.0/SpriteSheets/fx/explosion_smoke.png using Guid(a9c193562c6e29b4182d68c78296d947) Importer(2089858483,b0f066a214c2f5e87bad3c948f4d605d) (ScriptedImporter) -> (artifact id: '50af461874aea7a63382664410995938') in 0.0256151 seconds
Number of updated asset objects reloaded before import = 0Number of asset objects unloaded after import = 22

========================================================================
Received Import Request.
  Time since last request: 0.000025 seconds.
  path: Assets/Jojo Jungle Pack v4.0/SpriteSheets/player/john_jump_ng_aimdown.png
  artifactKey: Guid(6fb155a069203e848aad5195278e17a7) Importer(2089858483,b0f066a214c2f5e87bad3c948f4d605d)
Start importing Assets/Jojo Jungle Pack v4.0/SpriteSheets/player/john_jump_ng_aimdown.png using Guid(6fb155a069203e848aad5195278e17a7) Importer(2089858483,b0f066a214c2f5e87bad3c948f4d605d) (ScriptedImporter) -> (artifact id: '3afa9048e8c84f314a2d95d0d2fbfd65') in 0.0150184 seconds
Number of updated asset objects reloaded before import = 0Number of asset objects unloaded after import = 11

========================================================================
Received Import Request.
  Time since last request: 0.000034 seconds.
  path: Assets/Jojo Jungle Pack v4.0/SpriteSheets/ui/ui_nade_blue.png
  artifactKey: Guid(6d5f378b52c1efb4a83270b2c922ab12) Importer(2089858483,b0f066a214c2f5e87bad3c948f4d605d)
Start importing Assets/Jojo Jungle Pack v4.0/SpriteSheets/ui/ui_nade_blue.png using Guid(6d5f378b52c1efb4a83270b2c922ab12) Importer(2089858483,b0f066a214c2f5e87bad3c948f4d605d) (ScriptedImporter) -> (artifact id: '475d772bb54b008e2b4750e370bdf459') in 0.0080362 seconds
Number of updated asset objects reloaded before import = 0Number of asset objects unloaded after import = 3

========================================================================
Received Import Request.
  Time since last request: 0.000023 seconds.
  path: Assets/Jojo Jungle Pack v4.0/SpriteSheets/background/tile_cave_blob_1.png
  artifactKey: Guid(f768f0108fd3cf846bce0ec19336099f) Importer(2089858483,b0f066a214c2f5e87bad3c948f4d605d)
Start importing Assets/Jojo Jungle Pack v4.0/SpriteSheets/background/tile_cave_blob_1.png using Guid(f768f0108fd3cf846bce0ec19336099f) Importer(2089858483,b0f066a214c2f5e87bad3c948f4d605d) (ScriptedImporter) -> (artifact id: '0f739760a07e7eebea4f20f39239dee2') in 0.0075804 seconds
Number of updated asset objects reloaded before import = 0Number of asset objects unloaded after import = 3

========================================================================
Received Import Request.
  Time since last request: 0.000020 seconds.
  path: Assets/Jojo Jungle Pack v4.0/SpriteSheets/fx/explosion_red.png
  artifactKey: Guid(5264fc5482fd9fc44a7a4266aef76835) Importer(2089858483,b0f066a214c2f5e87bad3c948f4d605d)
Start importing Assets/Jojo Jungle Pack v4.0/SpriteSheets/fx/explosion_red.png using Guid(5264fc5482fd9fc44a7a4266aef76835) Importer(2089858483,b0f066a214c2f5e87bad3c948f4d605d) (ScriptedImporter) -> (artifact id: '27be9e43671b0736077a532f9348cfc9') in 0.0165995 seconds
Number of updated asset objects reloaded before import = 0Number of asset objects unloaded after import = 11

========================================================================
Received Import Request.
  Time since last request: 0.000024 seconds.
  path: Assets/Jojo Jungle Pack v4.0/GIFs/john_run_f.gif
  artifactKey: Guid(8b77ec9deb255e8459c69db9fe52f219) Importer(2089858483,b0f066a214c2f5e87bad3c948f4d605d)
Start importing Assets/Jojo Jungle Pack v4.0/GIFs/john_run_f.gif using Guid(8b77ec9deb255e8459c69db9fe52f219) Importer(2089858483,b0f066a214c2f5e87bad3c948f4d605d) (ScriptedImporter) -> (artifact id: 'addcdfd1501cc7a8b7a6f2f02d21dafd') in 0.0074186 seconds
Number of updated asset objects reloaded before import = 0Number of asset objects unloaded after import = 3

========================================================================
Received Import Request.
  Time since last request: 0.000024 seconds.
  path: Assets/Jojo Jungle Pack v4.0/SpriteSheets/fx/particles_dirt.png
  artifactKey: Guid(71ac16cdb3c7db54a881c677decb1a3b) Importer(2089858483,b0f066a214c2f5e87bad3c948f4d605d)
Start importing Assets/Jojo Jungle Pack v4.0/SpriteSheets/fx/particles_dirt.png using Guid(71ac16cdb3c7db54a881c677decb1a3b) Importer(2089858483,b0f066a214c2f5e87bad3c948f4d605d) (ScriptedImporter) -> (artifact id: '05710a701f71b8c6b7e082cdf8f71ac9') in 0.0103832 seconds
Number of updated asset objects reloaded before import = 0Number of asset objects unloaded after import = 3

========================================================================
Received Import Request.
  Time since last request: 0.000033 seconds.
  path: Assets/Jojo Jungle Pack v4.0/SpriteSheets/ui/ui_weapon_grenadier_blue.png
  artifactKey: Guid(a06021b6f30a8664f870aeeb7157e89c) Importer(2089858483,b0f066a214c2f5e87bad3c948f4d605d)
Start importing Assets/Jojo Jungle Pack v4.0/SpriteSheets/ui/ui_weapon_grenadier_blue.png using Guid(a06021b6f30a8664f870aeeb7157e89c) Importer(2089858483,b0f066a214c2f5e87bad3c948f4d605d) (ScriptedImporter) -> (artifact id: '7576c37b8b4c743843037bb62b47ea6b') in 0.0128641 seconds
Number of updated asset objects reloaded before import = 0Number of asset objects unloaded after import = 3

========================================================================
Received Import Request.
  Time since last request: 0.000023 seconds.
  path: Assets/Jojo Jungle Pack v4.0/SpriteSheets/ui
  artifactKey: Guid(a2cc4595c4445e5448327c3695e93dba) Importer(2089858483,b0f066a214c2f5e87bad3c948f4d605d)
Start importing Assets/Jojo Jungle Pack v4.0/SpriteSheets/ui using Guid(a2cc4595c4445e5448327c3695e93dba) Importer(2089858483,b0f066a214c2f5e87bad3c948f4d605d) (ScriptedImporter) -> (artifact id: '3b283f66182c9c110807987733300693') in 0.0034317 seconds
Number of updated asset objects reloaded before import = 0Number of asset objects unloaded after import = 1

========================================================================
Received Import Request.
  Time since last request: 0.000023 seconds.
  path: Assets/Jojo Jungle Pack v4.0/SpriteSheets/props/barrel.png
  artifactKey: Guid(a06560c42ed521a4c8c0442617d1ca4d) Importer(2089858483,b0f066a214c2f5e87bad3c948f4d605d)
Start importing Assets/Jojo Jungle Pack v4.0/SpriteSheets/props/barrel.png using Guid(a06560c42ed521a4c8c0442617d1ca4d) Importer(2089858483,b0f066a214c2f5e87bad3c948f4d605d) (ScriptedImporter) -> (artifact id: '3ebd4d2217ca26ba570c79e2b0ccc3bd') in 0.0105236 seconds
Number of updated asset objects reloaded before import = 0Number of asset objects unloaded after import = 3

========================================================================
Received Import Request.
  Time since last request: 0.000035 seconds.
  path: Assets/Jojo Jungle Pack v4.0/SpriteSheets/props
  artifactKey: Guid(df62e7e90093f3a41b56e481e2f1909f) Importer(2089858483,b0f066a214c2f5e87bad3c948f4d605d)
Start importing Assets/Jojo Jungle Pack v4.0/SpriteSheets/props using Guid(df62e7e90093f3a41b56e481e2f1909f) Importer(2089858483,b0f066a214c2f5e87bad3c948f4d605d) (ScriptedImporter) -> (artifact id: '4d36d95fde8b0e4b8ee951f12baf6bad') in 0.0036588 seconds
Number of updated asset objects reloaded before import = 0Number of asset objects unloaded after import = 1

========================================================================
Received Import Request.
  Time since last request: 0.000043 seconds.
  path: Assets/Jojo Jungle Pack v4.0/SpriteSheets/player/john_defeated.png
  artifactKey: Guid(bbec3016d2ea76a42903304a4b0d14ec) Importer(2089858483,b0f066a214c2f5e87bad3c948f4d605d)
Start importing Assets/Jojo Jungle Pack v4.0/SpriteSheets/player/john_defeated.png using Guid(bbec3016d2ea76a42903304a4b0d14ec) Importer(2089858483,b0f066a214c2f5e87bad3c948f4d605d) (ScriptedImporter) -> (artifact id: 'fa0a0fe4adc142dd353e14f762a864dc') in 0.0149779 seconds
Number of updated asset objects reloaded before import = 0Number of asset objects unloaded after import = 12

========================================================================
Received Import Request.
  Time since last request: 0.000029 seconds.
  path: Assets/Jojo Jungle Pack v4.0/SpriteSheets/enemy/grunt_portal_broke.png
  artifactKey: Guid(d7f8e3fe26cbfaa4386d066db6fc6519) Importer(2089858483,b0f066a214c2f5e87bad3c948f4d605d)
Start importing Assets/Jojo Jungle Pack v4.0/SpriteSheets/enemy/grunt_portal_broke.png using Guid(d7f8e3fe26cbfaa4386d066db6fc6519) Importer(2089858483,b0f066a214c2f5e87bad3c948f4d605d) (ScriptedImporter) -> (artifact id: '66244db565c6c9a85a0041c20f21ebbd') in 0.0113261 seconds
Number of updated asset objects reloaded before import = 0Number of asset objects unloaded after import = 3

========================================================================
Received Import Request.
  Time since last request: 0.000023 seconds.
  path: Assets/Jojo Jungle Pack v4.0/SpriteSheets/player/john_hagging_idle.png
  artifactKey: Guid(ea8652f9cdf30c442b4572ce16402b3d) Importer(2089858483,b0f066a214c2f5e87bad3c948f4d605d)
Start importing Assets/Jojo Jungle Pack v4.0/SpriteSheets/player/john_hagging_idle.png using Guid(ea8652f9cdf30c442b4572ce16402b3d) Importer(2089858483,b0f066a214c2f5e87bad3c948f4d605d) (ScriptedImporter) -> (artifact id: 'bc34fca3e6851832680d509127c3fa52') in 0.0110774 seconds
Number of updated asset objects reloaded before import = 0Number of asset objects unloaded after import = 3

========================================================================
Received Import Request.
  Time since last request: 0.000025 seconds.
  path: Assets/Jojo Jungle Pack v4.0/SpriteSheets/titlescreen/main_title_title_x.5.png
  artifactKey: Guid(ebf46237a8defe0439eaafc07dd85564) Importer(2089858483,b0f066a214c2f5e87bad3c948f4d605d)
Start importing Assets/Jojo Jungle Pack v4.0/SpriteSheets/titlescreen/main_title_title_x.5.png using Guid(ebf46237a8defe0439eaafc07dd85564) Importer(2089858483,b0f066a214c2f5e87bad3c948f4d605d) (ScriptedImporter) -> (artifact id: '40c8c466e7fd8c4db153363b0eb9090c') in 0.0099304 seconds
Number of updated asset objects reloaded before import = 0Number of asset objects unloaded after import = 3

========================================================================
Received Import Request.
  Time since last request: 0.000031 seconds.
  path: Assets/Jojo Jungle Pack v4.0/SpriteSheets/ui/multiplier_x1.png
  artifactKey: Guid(3b09e3bfe59f8c64cb1e90331d898d9b) Importer(2089858483,b0f066a214c2f5e87bad3c948f4d605d)
Start importing Assets/Jojo Jungle Pack v4.0/SpriteSheets/ui/multiplier_x1.png using Guid(3b09e3bfe59f8c64cb1e90331d898d9b) Importer(2089858483,b0f066a214c2f5e87bad3c948f4d605d) (ScriptedImporter) -> (artifact id: '1486471850de892ba674583a5029c87a') in 0.0101719 seconds
Number of updated asset objects reloaded before import = 0Number of asset objects unloaded after import = 3

========================================================================
Received Import Request.
  Time since last request: 0.000016 seconds.
  path: Assets/Jojo Jungle Pack v4.0/SpriteSheets/player
  artifactKey: Guid(609a83b95c93fd948a3bb40b71f6363b) Importer(2089858483,b0f066a214c2f5e87bad3c948f4d605d)
Start importing Assets/Jojo Jungle Pack v4.0/SpriteSheets/player using Guid(609a83b95c93fd948a3bb40b71f6363b) Importer(2089858483,b0f066a214c2f5e87bad3c948f4d605d) (ScriptedImporter) -> (artifact id: '202e2746f487a584c9f523a20246b91c') in 0.0035218 seconds
Number of updated asset objects reloaded before import = 0Number of asset objects unloaded after import = 1

========================================================================
Received Import Request.
  Time since last request: 0.000018 seconds.
  path: Assets/Jojo Jungle Pack v4.0/SpriteSheets/background/background_color.png
  artifactKey: Guid(6df38a3cb11b85346a42e18378f5ea69) Importer(2089858483,b0f066a214c2f5e87bad3c948f4d605d)
Start importing Assets/Jojo Jungle Pack v4.0/SpriteSheets/background/background_color.png using Guid(6df38a3cb11b85346a42e18378f5ea69) Importer(2089858483,b0f066a214c2f5e87bad3c948f4d605d) (ScriptedImporter) -> (artifact id: '8b68901bf69acb16c0ecbbc3d89f79b8') in 0.008685 seconds
Number of updated asset objects reloaded before import = 0Number of asset objects unloaded after import = 3

========================================================================
Received Import Request.
  Time since last request: 0.000023 seconds.
  path: Assets/Jojo Jungle Pack v4.0/Mockups
  artifactKey: Guid(497bd49726ad43f42b373e20a77eaf34) Importer(2089858483,b0f066a214c2f5e87bad3c948f4d605d)
Start importing Assets/Jojo Jungle Pack v4.0/Mockups using Guid(497bd49726ad43f42b373e20a77eaf34) Importer(2089858483,b0f066a214c2f5e87bad3c948f4d605d) (ScriptedImporter) -> (artifact id: 'af6ba6c4502fb8614b2ea202ac1138ca') in 0.0038788 seconds
Number of updated asset objects reloaded before import = 0Number of asset objects unloaded after import = 1

========================================================================
Received Import Request.
  Time since last request: 0.000022 seconds.
  path: Assets/Jojo Jungle Pack v4.0/SpriteSheets/ui/life_empty.png
  artifactKey: Guid(85ae06a3934ef6a4a8d62dfcff304c76) Importer(2089858483,b0f066a214c2f5e87bad3c948f4d605d)
Start importing Assets/Jojo Jungle Pack v4.0/SpriteSheets/ui/life_empty.png using Guid(85ae06a3934ef6a4a8d62dfcff304c76) Importer(2089858483,b0f066a214c2f5e87bad3c948f4d605d) (ScriptedImporter) -> (artifact id: '740c08130ef88b1ebf6e00d977e4bea6') in 0.0103391 seconds
Number of updated asset objects reloaded before import = 0Number of asset objects unloaded after import = 3

========================================================================
Received Import Request.
  Time since last request: 0.000039 seconds.
  path: Assets/Jojo Jungle Pack v4.0/SpriteSheets/titlescreen/CreditsScreen.png
  artifactKey: Guid(be83a3b413f844f4cafdaeb29a94b92f) Importer(2089858483,b0f066a214c2f5e87bad3c948f4d605d)
Start importing Assets/Jojo Jungle Pack v4.0/SpriteSheets/titlescreen/CreditsScreen.png using Guid(be83a3b413f844f4cafdaeb29a94b92f) Importer(2089858483,b0f066a214c2f5e87bad3c948f4d605d) (ScriptedImporter) -> (artifact id: '9a4a648424d1deb888e9f058913018a5') in 0.0097007 seconds
Number of updated asset objects reloaded before import = 0Number of asset objects unloaded after import = 3

========================================================================
Received Import Request.
  Time since last request: 0.000022 seconds.
  path: Assets/Jojo Jungle Pack v4.0/SpriteSheets/player/john_hagging_move.png
  artifactKey: Guid(826a5b6f40fb73f4783baa3e89f16661) Importer(2089858483,b0f066a214c2f5e87bad3c948f4d605d)
Start importing Assets/Jojo Jungle Pack v4.0/SpriteSheets/player/john_hagging_move.png using Guid(826a5b6f40fb73f4783baa3e89f16661) Importer(2089858483,b0f066a214c2f5e87bad3c948f4d605d) (ScriptedImporter) -> (artifact id: '28992470dc025cfd13551bf520c84478') in 0.0117747 seconds
Number of updated asset objects reloaded before import = 0Number of asset objects unloaded after import = 6

========================================================================
Received Import Request.
  Time since last request: 0.000023 seconds.
  path: Assets/Jojo Jungle Pack v4.0/SpriteSheets/player/john_jump.png
  artifactKey: Guid(5a23e7bcd325edd498bcb4c5a01e0c14) Importer(2089858483,b0f066a214c2f5e87bad3c948f4d605d)
Start importing Assets/Jojo Jungle Pack v4.0/SpriteSheets/player/john_jump.png using Guid(5a23e7bcd325edd498bcb4c5a01e0c14) Importer(2089858483,b0f066a214c2f5e87bad3c948f4d605d) (ScriptedImporter) -> (artifact id: '1992669f30a211d96e7bda62e78097d3') in 0.0160157 seconds
Number of updated asset objects reloaded before import = 0Number of asset objects unloaded after import = 11

========================================================================
Received Import Request.
  Time since last request: 0.000026 seconds.
  path: Assets/Jojo Jungle Pack v4.0/SpriteSheets/player/john_hithurt_ng.png
  artifactKey: Guid(9d2e32b05261a074c81e5e690925f69a) Importer(2089858483,b0f066a214c2f5e87bad3c948f4d605d)
Start importing Assets/Jojo Jungle Pack v4.0/SpriteSheets/player/john_hithurt_ng.png using Guid(9d2e32b05261a074c81e5e690925f69a) Importer(2089858483,b0f066a214c2f5e87bad3c948f4d605d) (ScriptedImporter) -> (artifact id: '5b17e8443659c6b3e3ac7b94a3a6c942') in 0.0098831 seconds
Number of updated asset objects reloaded before import = 0Number of asset objects unloaded after import = 4

========================================================================
Received Import Request.
  Time since last request: 0.000030 seconds.
  path: Assets/Jojo Jungle Pack v4.0/GIFs/john_stand_shooting.gif
  artifactKey: Guid(e19af4f3303bb574e8f8404d85d475e7) Importer(2089858483,b0f066a214c2f5e87bad3c948f4d605d)
Start importing Assets/Jojo Jungle Pack v4.0/GIFs/john_stand_shooting.gif using Guid(e19af4f3303bb574e8f8404d85d475e7) Importer(2089858483,b0f066a214c2f5e87bad3c948f4d605d) (ScriptedImporter) -> (artifact id: 'fd51bdbe1b46f5af71be8353efad314f') in 0.0114951 seconds
Number of updated asset objects reloaded before import = 0Number of asset objects unloaded after import = 3

========================================================================
Received Import Request.
  Time since last request: 0.000021 seconds.
  path: Assets/Jojo Jungle Pack v4.0/SpriteSheets/props/ammo.png
  artifactKey: Guid(bf695f821cdd43a48918c55035a5bd92) Importer(2089858483,b0f066a214c2f5e87bad3c948f4d605d)
Start importing Assets/Jojo Jungle Pack v4.0/SpriteSheets/props/ammo.png using Guid(bf695f821cdd43a48918c55035a5bd92) Importer(2089858483,b0f066a214c2f5e87bad3c948f4d605d) (ScriptedImporter) -> (artifact id: '70ee78ad0b3773d93850af395e511501') in 0.0093617 seconds
Number of updated asset objects reloaded before import = 0Number of asset objects unloaded after import = 3

========================================================================
Received Import Request.
  Time since last request: 0.000023 seconds.
  path: Assets/Jojo Jungle Pack v4.0/SpriteSheets/player/john_idle.png
  artifactKey: Guid(4257d7a2f9ceecd47be718b8786f8de8) Importer(2089858483,b0f066a214c2f5e87bad3c948f4d605d)
Start importing Assets/Jojo Jungle Pack v4.0/SpriteSheets/player/john_idle.png using Guid(4257d7a2f9ceecd47be718b8786f8de8) Importer(2089858483,b0f066a214c2f5e87bad3c948f4d605d) (ScriptedImporter) -> (artifact id: 'b70fb05a8cfadd62fbad722c9a42a376') in 0.0137344 seconds
Number of updated asset objects reloaded before import = 0Number of asset objects unloaded after import = 7

========================================================================
Received Import Request.
  Time since last request: 0.000019 seconds.
  path: Assets/Jojo Jungle Pack v4.0/SpriteSheets/ui/ui_weapon_missile_red.png
  artifactKey: Guid(554f99835220e5a4ba3ca34a4f74ca2b) Importer(2089858483,b0f066a214c2f5e87bad3c948f4d605d)
Start importing Assets/Jojo Jungle Pack v4.0/SpriteSheets/ui/ui_weapon_missile_red.png using Guid(554f99835220e5a4ba3ca34a4f74ca2b) Importer(2089858483,b0f066a214c2f5e87bad3c948f4d605d) (ScriptedImporter) -> (artifact id: 'e0c637ac2cc9448e27c9dff17e9a8773') in 0.0105127 seconds
Number of updated asset objects reloaded before import = 0Number of asset objects unloaded after import = 3

========================================================================
Received Import Request.
  Time since last request: 0.000037 seconds.
  path: Assets/Jojo Jungle Pack v4.0/SpriteSheets/props/shelter.png
  artifactKey: Guid(c5a23cfd3352cfb40a7712b66f4ea1c5) Importer(2089858483,b0f066a214c2f5e87bad3c948f4d605d)
Start importing Assets/Jojo Jungle Pack v4.0/SpriteSheets/props/shelter.png using Guid(c5a23cfd3352cfb40a7712b66f4ea1c5) Importer(2089858483,b0f066a214c2f5e87bad3c948f4d605d) (ScriptedImporter) -> (artifact id: '7af57d3c6639f210a2fe80aea71a16ec') in 0.009543 seconds
Number of updated asset objects reloaded before import = 0Number of asset objects unloaded after import = 3

========================================================================
Received Import Request.
  Time since last request: 0.000019 seconds.
  path: Assets/Jojo Jungle Pack v4.0/Mockups/level_jungle_tiles_02_preview.png
  artifactKey: Guid(ec6cfff7dd6dc204eaf0d780e6c2f9b7) Importer(2089858483,b0f066a214c2f5e87bad3c948f4d605d)
Start importing Assets/Jojo Jungle Pack v4.0/Mockups/level_jungle_tiles_02_preview.png using Guid(ec6cfff7dd6dc204eaf0d780e6c2f9b7) Importer(2089858483,b0f066a214c2f5e87bad3c948f4d605d) (ScriptedImporter) -> (artifact id: 'bc5df531472aedcc22b812482ebe9de9') in 0.0109277 seconds
Number of updated asset objects reloaded before import = 0Number of asset objects unloaded after import = 3

========================================================================
Received Import Request.
  Time since last request: 0.000027 seconds.
  path: Assets/Jojo Jungle Pack v4.0/SpriteSheets/player/john_run.png
  artifactKey: Guid(48f44779f5b054a44a252a57866e88c1) Importer(2089858483,b0f066a214c2f5e87bad3c948f4d605d)
Start importing Assets/Jojo Jungle Pack v4.0/SpriteSheets/player/john_run.png using Guid(48f44779f5b054a44a252a57866e88c1) Importer(2089858483,b0f066a214c2f5e87bad3c948f4d605d) (ScriptedImporter) -> (artifact id: '5d78bbc0e2bc2b402c6d051a33e65d7f') in 0.0199959 seconds
Number of updated asset objects reloaded before import = 0Number of asset objects unloaded after import = 12

========================================================================
Received Import Request.
  Time since last request: 0.000034 seconds.
  path: Assets/Jojo Jungle Pack v4.0/SpriteSheets/enemy/grunt_idle.png
  artifactKey: Guid(4b74ce7084af7204eb2510b149607e4b) Importer(2089858483,b0f066a214c2f5e87bad3c948f4d605d)
Start importing Assets/Jojo Jungle Pack v4.0/SpriteSheets/enemy/grunt_idle.png using Guid(4b74ce7084af7204eb2510b149607e4b) Importer(2089858483,b0f066a214c2f5e87bad3c948f4d605d) (ScriptedImporter) -> (artifact id: '045dce8d6d30c84487cfd611aeae2e6c') in 0.0095633 seconds
Number of updated asset objects reloaded before import = 0Number of asset objects unloaded after import = 4

========================================================================
Received Import Request.
  Time since last request: 0.000028 seconds.
  path: Assets/Jojo Jungle Pack v4.0/SpriteSheets/cave_tileset.png
  artifactKey: Guid(d15c31b428e0eaf48860b44728a8a81d) Importer(2089858483,b0f066a214c2f5e87bad3c948f4d605d)
Start importing Assets/Jojo Jungle Pack v4.0/SpriteSheets/cave_tileset.png using Guid(d15c31b428e0eaf48860b44728a8a81d) Importer(2089858483,b0f066a214c2f5e87bad3c948f4d605d) (ScriptedImporter) -> (artifact id: '65da0e7e2d74c244e9cfb8f64fcecf22') in 0.0085087 seconds
Number of updated asset objects reloaded before import = 0Number of asset objects unloaded after import = 3

========================================================================
Received Import Request.
  Time since last request: 0.000018 seconds.
  path: Assets/Jojo Jungle Pack v4.0/SpriteSheets/player/john_run_shoot_ng.png
  artifactKey: Guid(ee1bb79e00698c64ba6695be15be8b71) Importer(2089858483,b0f066a214c2f5e87bad3c948f4d605d)
Start importing Assets/Jojo Jungle Pack v4.0/SpriteSheets/player/john_run_shoot_ng.png using Guid(ee1bb79e00698c64ba6695be15be8b71) Importer(2089858483,b0f066a214c2f5e87bad3c948f4d605d) (ScriptedImporter) -> (artifact id: '7f48b2bc89142f60d9d00e3bb9085bd3') in 0.0153044 seconds
Number of updated asset objects reloaded before import = 0Number of asset objects unloaded after import = 12

========================================================================
Received Import Request.
  Time since last request: 60.590966 seconds.
  path: Assets/SpriteSheets/player/john_landing.png
  artifactKey: Guid(1888984a4cc3fc549a339b884e7b1691) Importer(2089858483,b0f066a214c2f5e87bad3c948f4d605d)
Start importing Assets/SpriteSheets/player/john_landing.png using Guid(1888984a4cc3fc549a339b884e7b1691) Importer(2089858483,b0f066a214c2f5e87bad3c948f4d605d) (ScriptedImporter) -> (artifact id: 'e1f5fa510ae7ccd869ad7d6bd3baf24c') in 0.0121147 seconds
Number of updated asset objects reloaded before import = 0Number of asset objects unloaded after import = 5

========================================================================
Received Import Request.
  Time since last request: 0.000028 seconds.
  path: Assets/SpriteSheets/player/john_jump_ng_aimdiagup.png
  artifactKey: Guid(b9929275678c5d644bab093abdab30ba) Importer(2089858483,b0f066a214c2f5e87bad3c948f4d605d)
Start importing Assets/SpriteSheets/player/john_jump_ng_aimdiagup.png using Guid(b9929275678c5d644bab093abdab30ba) Importer(2089858483,b0f066a214c2f5e87bad3c948f4d605d) (ScriptedImporter) -> (artifact id: '37347717a39dce169fc3a0df078252a9') in 0.0204324 seconds
Number of updated asset objects reloaded before import = 0Number of asset objects unloaded after import = 11

========================================================================
Received Import Request.
  Time since last request: 0.000033 seconds.
  path: Assets/SpriteSheets/props
  artifactKey: Guid(f71d3805e54ae684f98ac46166e77d8b) Importer(2089858483,b0f066a214c2f5e87bad3c948f4d605d)
Start importing Assets/SpriteSheets/props using Guid(f71d3805e54ae684f98ac46166e77d8b) Importer(2089858483,b0f066a214c2f5e87bad3c948f4d605d) (ScriptedImporter) -> (artifact id: '6a3e3d46e2ffeb39ccc6069b8d1ac419') in 0.0036626 seconds
Number of updated asset objects reloaded before import = 0Number of asset objects unloaded after import = 1

========================================================================
Received Import Request.
  Time since last request: 0.000021 seconds.
  path: Assets/SpriteSheets/player/john_hagging_move.png
  artifactKey: Guid(93afeba4683c1f24788cdbc778029373) Importer(2089858483,b0f066a214c2f5e87bad3c948f4d605d)
Start importing Assets/SpriteSheets/player/john_hagging_move.png using Guid(93afeba4683c1f24788cdbc778029373) Importer(2089858483,b0f066a214c2f5e87bad3c948f4d605d) (ScriptedImporter) -> (artifact id: '3f2a3dbce652522547482c88b570b160') in 0.0115058 seconds
Number of updated asset objects reloaded before import = 0Number of asset objects unloaded after import = 6

========================================================================
Received Import Request.
  Time since last request: 0.000027 seconds.
  path: Assets/SpriteSheets/ui/ui_weapon_target_red.png
  artifactKey: Guid(5890dae05cd9ea14dac231987e3a1918) Importer(2089858483,b0f066a214c2f5e87bad3c948f4d605d)
Start importing Assets/SpriteSheets/ui/ui_weapon_target_red.png using Guid(5890dae05cd9ea14dac231987e3a1918) Importer(2089858483,b0f066a214c2f5e87bad3c948f4d605d) (ScriptedImporter) -> (artifact id: 'e6a1388d3999e076ba4745dc16f36047') in 0.0147531 seconds
Number of updated asset objects reloaded before import = 0Number of asset objects unloaded after import = 3

========================================================================
Received Import Request.
  Time since last request: 0.000029 seconds.
  path: Assets/SpriteSheets/enemy/turret.png
  artifactKey: Guid(b653d9e232cb1e449babbd61b81341bc) Importer(2089858483,b0f066a214c2f5e87bad3c948f4d605d)
Start importing Assets/SpriteSheets/enemy/turret.png using Guid(b653d9e232cb1e449babbd61b81341bc) Importer(2089858483,b0f066a214c2f5e87bad3c948f4d605d) (ScriptedImporter) -> (artifact id: '7e7a3a4d6ede3a9294331df91e83ef95') in 0.0225378 seconds
Number of updated asset objects reloaded before import = 0Number of asset objects unloaded after import = 10

========================================================================
Received Import Request.
  Time since last request: 0.000056 seconds.
  path: Assets/SpriteSheets/ui/ui_weapon_missile_red.png
  artifactKey: Guid(ce323d914f81a3a46974f7c3bf908571) Importer(2089858483,b0f066a214c2f5e87bad3c948f4d605d)
Start importing Assets/SpriteSheets/ui/ui_weapon_missile_red.png using Guid(ce323d914f81a3a46974f7c3bf908571) Importer(2089858483,b0f066a214c2f5e87bad3c948f4d605d) (ScriptedImporter) -> (artifact id: '3e414f8aab3a639340d70e81db331914') in 0.0109679 seconds
Number of updated asset objects reloaded before import = 0Number of asset objects unloaded after import = 3

========================================================================
Received Import Request.
  Time since last request: 0.000039 seconds.
  path: Assets/SpriteSheets/titlescreen/GameOverScreen.png
  artifactKey: Guid(0b50372890f6f1b47835c17f3f8e80db) Importer(2089858483,b0f066a214c2f5e87bad3c948f4d605d)
Start importing Assets/SpriteSheets/titlescreen/GameOverScreen.png using Guid(0b50372890f6f1b47835c17f3f8e80db) Importer(2089858483,b0f066a214c2f5e87bad3c948f4d605d) (ScriptedImporter) -> (artifact id: 'a17612e5574d916c95ca224ba90d5bc7') in 0.0135393 seconds
Number of updated asset objects reloaded before import = 0Number of asset objects unloaded after import = 3

========================================================================
Received Import Request.
  Time since last request: 0.000021 seconds.
  path: Assets/SpriteSheets/boss/BossHeadIdle.png
  artifactKey: Guid(baf8bbbe50713034798e7de7dce7df28) Importer(2089858483,b0f066a214c2f5e87bad3c948f4d605d)
Start importing Assets/SpriteSheets/boss/BossHeadIdle.png using Guid(baf8bbbe50713034798e7de7dce7df28) Importer(2089858483,b0f066a214c2f5e87bad3c948f4d605d) (ScriptedImporter) -> (artifact id: 'e47c5bbfb6aa1c397544536ed2f0b5bb') in 0.0231261 seconds
Number of updated asset objects reloaded before import = 0Number of asset objects unloaded after import = 14

========================================================================
Received Import Request.
  Time since last request: 0.000027 seconds.
  path: Assets/SpriteSheets/player/john_jump_ng_aimup.png
  artifactKey: Guid(c233d70c3996d1044af4b43896b51045) Importer(2089858483,b0f066a214c2f5e87bad3c948f4d605d)
Start importing Assets/SpriteSheets/player/john_jump_ng_aimup.png using Guid(c233d70c3996d1044af4b43896b51045) Importer(2089858483,b0f066a214c2f5e87bad3c948f4d605d) (ScriptedImporter) -> (artifact id: '9c06c1f74d0790fd25f8d30b14af0233') in 0.0249451 seconds
Number of updated asset objects reloaded before import = 0Number of asset objects unloaded after import = 11

========================================================================
Received Import Request.
  Time since last request: 0.000044 seconds.
  path: Assets/SpriteSheets/background/jungle_bg_trees.png
  artifactKey: Guid(41e922cfc88d11e4384be4d6c8c3b71a) Importer(2089858483,b0f066a214c2f5e87bad3c948f4d605d)
Start importing Assets/SpriteSheets/background/jungle_bg_trees.png using Guid(41e922cfc88d11e4384be4d6c8c3b71a) Importer(2089858483,b0f066a214c2f5e87bad3c948f4d605d) (ScriptedImporter) -> (artifact id: '0ef8131a63003a89f42b525560a89d95') in 0.0174923 seconds
Number of updated asset objects reloaded before import = 0Number of asset objects unloaded after import = 3

========================================================================
Received Import Request.
  Time since last request: 0.000023 seconds.
  path: Assets/SpriteSheets/ui
  artifactKey: Guid(8c55e9e99ad76f947a541cc218fbe7ab) Importer(2089858483,b0f066a214c2f5e87bad3c948f4d605d)
Start importing Assets/SpriteSheets/ui using Guid(8c55e9e99ad76f947a541cc218fbe7ab) Importer(2089858483,b0f066a214c2f5e87bad3c948f4d605d) (ScriptedImporter) -> (artifact id: '2787d63501f4377f769b21ba51e3bf41') in 0.0109389 seconds
Number of updated asset objects reloaded before import = 0Number of asset objects unloaded after import = 1

========================================================================
Received Import Request.
  Time since last request: 0.000021 seconds.
  path: Assets/SpriteSheets/boss/BossScreen_Anim_intro.png
  artifactKey: Guid(3d5c77d012438ee48aa5a9dee2ffe69c) Importer(2089858483,b0f066a214c2f5e87bad3c948f4d605d)
Start importing Assets/SpriteSheets/boss/BossScreen_Anim_intro.png using Guid(3d5c77d012438ee48aa5a9dee2ffe69c) Importer(2089858483,b0f066a214c2f5e87bad3c948f4d605d) (ScriptedImporter) -> (artifact id: '36f043a83cdde5833e84f08d9b2f9969') in 0.1023743 seconds
Number of updated asset objects reloaded before import = 0Number of asset objects unloaded after import = 63

========================================================================
Received Import Request.
  Time since last request: 0.000036 seconds.
  path: Assets/SpriteSheets/ui/life_unit.png
  artifactKey: Guid(e5fc0968d70832f45b8187a458566960) Importer(2089858483,b0f066a214c2f5e87bad3c948f4d605d)
Start importing Assets/SpriteSheets/ui/life_unit.png using Guid(e5fc0968d70832f45b8187a458566960) Importer(2089858483,b0f066a214c2f5e87bad3c948f4d605d) (ScriptedImporter) -> (artifact id: '533a2f1695481c1332b6c255e3c67a3e') in 0.0122698 seconds
Number of updated asset objects reloaded before import = 0Number of asset objects unloaded after import = 3

========================================================================
Received Import Request.
  Time since last request: 0.000039 seconds.
  path: Assets/SpriteSheets/player/john_dead_soul.png
  artifactKey: Guid(01ce99751bee59247955eb5eea922679) Importer(2089858483,b0f066a214c2f5e87bad3c948f4d605d)
Start importing Assets/SpriteSheets/player/john_dead_soul.png using Guid(01ce99751bee59247955eb5eea922679) Importer(2089858483,b0f066a214c2f5e87bad3c948f4d605d) (ScriptedImporter) -> (artifact id: 'dc173fbac081211ad6132e22b8c045dd') in 0.0118401 seconds
Number of updated asset objects reloaded before import = 0Number of asset objects unloaded after import = 4

========================================================================
Received Import Request.
  Time since last request: 0.000024 seconds.
  path: Assets/SpriteSheets/ui/gun_icon.png
  artifactKey: Guid(0b37cf63fffbcf44d93ab884e786c2fb) Importer(2089858483,b0f066a214c2f5e87bad3c948f4d605d)
Start importing Assets/SpriteSheets/ui/gun_icon.png using Guid(0b37cf63fffbcf44d93ab884e786c2fb) Importer(2089858483,b0f066a214c2f5e87bad3c948f4d605d) (ScriptedImporter) -> (artifact id: '44568fb113083c7a80a4fb5fec20f310') in 0.0098328 seconds
Number of updated asset objects reloaded before import = 0Number of asset objects unloaded after import = 3

========================================================================
Received Import Request.
  Time since last request: 0.000023 seconds.
  path: Assets/SpriteSheets/ui/ui_medal_life_red.png
  artifactKey: Guid(6f33c85ec485db741baebfc5f0839e24) Importer(2089858483,b0f066a214c2f5e87bad3c948f4d605d)
Start importing Assets/SpriteSheets/ui/ui_medal_life_red.png using Guid(6f33c85ec485db741baebfc5f0839e24) Importer(2089858483,b0f066a214c2f5e87bad3c948f4d605d) (ScriptedImporter) -> (artifact id: 'ee4c9d796c279887c481b8820801259e') in 0.0126718 seconds
Number of updated asset objects reloaded before import = 0Number of asset objects unloaded after import = 3

========================================================================
Received Import Request.
  Time since last request: 0.000033 seconds.
  path: Assets/SpriteSheets/player/weapon_bullet_level2.png
  artifactKey: Guid(2e377db1fcc1c0d4d9f3554138234e76) Importer(2089858483,b0f066a214c2f5e87bad3c948f4d605d)
Start importing Assets/SpriteSheets/player/weapon_bullet_level2.png using Guid(2e377db1fcc1c0d4d9f3554138234e76) Importer(2089858483,b0f066a214c2f5e87bad3c948f4d605d) (ScriptedImporter) -> (artifact id: 'b33c697deccfe217da4b90d9a2a73331') in 0.0147635 seconds
Number of updated asset objects reloaded before import = 0Number of asset objects unloaded after import = 8

========================================================================
Received Import Request.
  Time since last request: 0.000036 seconds.
  path: Assets/SpriteSheets/enemy/grunt_idle.png
  artifactKey: Guid(9f8cd6d349391fe489b061e66dfb6b17) Importer(2089858483,b0f066a214c2f5e87bad3c948f4d605d)
Start importing Assets/SpriteSheets/enemy/grunt_idle.png using Guid(9f8cd6d349391fe489b061e66dfb6b17) Importer(2089858483,b0f066a214c2f5e87bad3c948f4d605d) (ScriptedImporter) -> (artifact id: '6b26226408833af5dc7ec6b05bce754b') in 0.0107493 seconds
Number of updated asset objects reloaded before import = 0Number of asset objects unloaded after import = 4

========================================================================
Received Import Request.
  Time since last request: 0.000030 seconds.
  path: Assets/SpriteSheets/boss/Boss_Fire.png
  artifactKey: Guid(9ae081db6bb9e6243a0448e0f10a65dd) Importer(2089858483,b0f066a214c2f5e87bad3c948f4d605d)
Start importing Assets/SpriteSheets/boss/Boss_Fire.png using Guid(9ae081db6bb9e6243a0448e0f10a65dd) Importer(2089858483,b0f066a214c2f5e87bad3c948f4d605d) (ScriptedImporter) -> (artifact id: '380b8e3a86c274991a18978e65d585ef') in 0.0161331 seconds
Number of updated asset objects reloaded before import = 0Number of asset objects unloaded after import = 5

========================================================================
Received Import Request.
  Time since last request: 0.000021 seconds.
  path: Assets/SpriteSheets/ui/ui_weapon_grenadier_blue.png
  artifactKey: Guid(2cb0eb4b5d062e542a80535cd0d38ec9) Importer(2089858483,b0f066a214c2f5e87bad3c948f4d605d)
Start importing Assets/SpriteSheets/ui/ui_weapon_grenadier_blue.png using Guid(2cb0eb4b5d062e542a80535cd0d38ec9) Importer(2089858483,b0f066a214c2f5e87bad3c948f4d605d) (ScriptedImporter) -> (artifact id: '6ea463c81e33a4aabbf26ea4318c719c') in 0.0128433 seconds
Number of updated asset objects reloaded before import = 0Number of asset objects unloaded after import = 3

========================================================================
Received Import Request.
  Time since last request: 0.000034 seconds.
  path: Assets/SpriteSheets/player/john_hagging_aimdowndiag_firing.png
  artifactKey: Guid(e5b3c6e35e877de458ba44f459010a33) Importer(2089858483,b0f066a214c2f5e87bad3c948f4d605d)
Start importing Assets/SpriteSheets/player/john_hagging_aimdowndiag_firing.png using Guid(e5b3c6e35e877de458ba44f459010a33) Importer(2089858483,b0f066a214c2f5e87bad3c948f4d605d) (ScriptedImporter) -> (artifact id: '311936842e2d9d791b521555d0aa798c') in 0.0113214 seconds
Number of updated asset objects reloaded before import = 0Number of asset objects unloaded after import = 4

========================================================================
Received Import Request.
  Time since last request: 0.000093 seconds.
  path: Assets/SpriteSheets/player/john_jump_ng_aimdiagdown.png
  artifactKey: Guid(a3615534a6c8b6b4c94259c8e86a2ac5) Importer(2089858483,b0f066a214c2f5e87bad3c948f4d605d)
Start importing Assets/SpriteSheets/player/john_jump_ng_aimdiagdown.png using Guid(a3615534a6c8b6b4c94259c8e86a2ac5) Importer(2089858483,b0f066a214c2f5e87bad3c948f4d605d) (ScriptedImporter) -> (artifact id: 'c93e06c25cdfaf9434dc56e2698a70d0') in 0.0245365 seconds
Number of updated asset objects reloaded before import = 0Number of asset objects unloaded after import = 11

========================================================================
Received Import Request.
  Time since last request: 0.000030 seconds.
  path: Assets/SpriteSheets/boss/BossScreen_rockcache.png
  artifactKey: Guid(07e4fa8cb80b3dc4e8bd367f9e28e134) Importer(2089858483,b0f066a214c2f5e87bad3c948f4d605d)
Start importing Assets/SpriteSheets/boss/BossScreen_rockcache.png using Guid(07e4fa8cb80b3dc4e8bd367f9e28e134) Importer(2089858483,b0f066a214c2f5e87bad3c948f4d605d) (ScriptedImporter) -> (artifact id: '6ae7b5d1eb98277d22e66313a6e6049a') in 0.015325 seconds
Number of updated asset objects reloaded before import = 0Number of asset objects unloaded after import = 3

========================================================================
Received Import Request.
  Time since last request: 0.000023 seconds.
  path: Assets/SpriteSheets/props/shelter.png
  artifactKey: Guid(24013cb43c803274ca6e8fa8bd083b99) Importer(2089858483,b0f066a214c2f5e87bad3c948f4d605d)
Start importing Assets/SpriteSheets/props/shelter.png using Guid(24013cb43c803274ca6e8fa8bd083b99) Importer(2089858483,b0f066a214c2f5e87bad3c948f4d605d) (ScriptedImporter) -> (artifact id: '7395a38283d01b2356f9dbed5d331f7a') in 0.0129124 seconds
Number of updated asset objects reloaded before import = 0Number of asset objects unloaded after import = 3

========================================================================
Received Import Request.
  Time since last request: 0.000030 seconds.
  path: Assets/SpriteSheets/enemy/enemy_weapon_bullet.png
  artifactKey: Guid(ea331d760bb774144a4e8932d7846b2a) Importer(2089858483,b0f066a214c2f5e87bad3c948f4d605d)
Start importing Assets/SpriteSheets/enemy/enemy_weapon_bullet.png using Guid(ea331d760bb774144a4e8932d7846b2a) Importer(2089858483,b0f066a214c2f5e87bad3c948f4d605d) (ScriptedImporter) -> (artifact id: '5498dd92cf61da22fca81f392a384b2f') in 0.0162829 seconds
Number of updated asset objects reloaded before import = 0Number of asset objects unloaded after import = 6

========================================================================
Received Import Request.
  Time since last request: 0.000037 seconds.
  path: Assets/SpriteSheets/background/tile_cave_blob_1.png
  artifactKey: Guid(ac6800bbc8b7f464399b7ec1ca0e93a2) Importer(2089858483,b0f066a214c2f5e87bad3c948f4d605d)
Start importing Assets/SpriteSheets/background/tile_cave_blob_1.png using Guid(ac6800bbc8b7f464399b7ec1ca0e93a2) Importer(2089858483,b0f066a214c2f5e87bad3c948f4d605d) (ScriptedImporter) -> (artifact id: '1e31c3e28545950633545c16e50ac43e') in 0.0135027 seconds
Number of updated asset objects reloaded before import = 0Number of asset objects unloaded after import = 3

========================================================================
Received Import Request.
  Time since last request: 0.000030 seconds.
  path: Assets/SpriteSheets/boss/BossBody-static.png
  artifactKey: Guid(f8e5fe732ce93244785a97b825cbc6e7) Importer(2089858483,b0f066a214c2f5e87bad3c948f4d605d)
Start importing Assets/SpriteSheets/boss/BossBody-static.png using Guid(f8e5fe732ce93244785a97b825cbc6e7) Importer(2089858483,b0f066a214c2f5e87bad3c948f4d605d) (ScriptedImporter) -> (artifact id: '4990dc9132de51437a1a538b05584c59') in 0.0106363 seconds
Number of updated asset objects reloaded before import = 0Number of asset objects unloaded after import = 3

========================================================================
Received Import Request.
  Time since last request: 0.000031 seconds.
  path: Assets/SpriteSheets/player/john_jump_ng.png
  artifactKey: Guid(8f3b923fdbf5e0e4aa1012c454c73ed6) Importer(2089858483,b0f066a214c2f5e87bad3c948f4d605d)
Start importing Assets/SpriteSheets/player/john_jump_ng.png using Guid(8f3b923fdbf5e0e4aa1012c454c73ed6) Importer(2089858483,b0f066a214c2f5e87bad3c948f4d605d) (ScriptedImporter) -> (artifact id: '647fc7d33b973b3c99bb0ee4f8b401be') in 0.0170037 seconds
Number of updated asset objects reloaded before import = 0Number of asset objects unloaded after import = 11

========================================================================
Received Import Request.
  Time since last request: 0.000028 seconds.
  path: Assets/SpriteSheets/player/john_idle.png
  artifactKey: Guid(d987b16d43b13954e98405badb46ef95) Importer(2089858483,b0f066a214c2f5e87bad3c948f4d605d)
Start importing Assets/SpriteSheets/player/john_idle.png using Guid(d987b16d43b13954e98405badb46ef95) Importer(2089858483,b0f066a214c2f5e87bad3c948f4d605d) (ScriptedImporter) -> (artifact id: 'c327767bba861b03d72584d5fc7cfb0f') in 0.0130105 seconds
Number of updated asset objects reloaded before import = 0Number of asset objects unloaded after import = 7

========================================================================
Received Import Request.
  Time since last request: 0.000036 seconds.
  path: Assets/SpriteSheets/props/red_barrel.png
  artifactKey: Guid(a14efec1aca66f74aadade7fa2920e68) Importer(2089858483,b0f066a214c2f5e87bad3c948f4d605d)
Start importing Assets/SpriteSheets/props/red_barrel.png using Guid(a14efec1aca66f74aadade7fa2920e68) Importer(2089858483,b0f066a214c2f5e87bad3c948f4d605d) (ScriptedImporter) -> (artifact id: 'ed120b4401f9d835ccb37ce4b3f597da') in 0.0097301 seconds
Number of updated asset objects reloaded before import = 0Number of asset objects unloaded after import = 3

========================================================================
Received Import Request.
  Time since last request: 0.000050 seconds.
  path: Assets/SpriteSheets/titlescreen/main_title_title.png
  artifactKey: Guid(13b17f5600b669e4ab45576efba131aa) Importer(2089858483,b0f066a214c2f5e87bad3c948f4d605d)
Start importing Assets/SpriteSheets/titlescreen/main_title_title.png using Guid(13b17f5600b669e4ab45576efba131aa) Importer(2089858483,b0f066a214c2f5e87bad3c948f4d605d) (ScriptedImporter) -> (artifact id: '7b7c4d611bb721aad79624536e3242e4') in 0.0096674 seconds
Number of updated asset objects reloaded before import = 0Number of asset objects unloaded after import = 3

========================================================================
Received Import Request.
  Time since last request: 0.000019 seconds.
  path: Assets/SpriteSheets/enemy/grunt_shoot.png
  artifactKey: Guid(b9af4d55dc760eb48a93f42713279a5a) Importer(2089858483,b0f066a214c2f5e87bad3c948f4d605d)
Start importing Assets/SpriteSheets/enemy/grunt_shoot.png using Guid(b9af4d55dc760eb48a93f42713279a5a) Importer(2089858483,b0f066a214c2f5e87bad3c948f4d605d) (ScriptedImporter) -> (artifact id: 'ba4b70a64b546e18addec80b24470b87') in 0.0121859 seconds
Number of updated asset objects reloaded before import = 0Number of asset objects unloaded after import = 4

========================================================================
Received Import Request.
  Time since last request: 0.000028 seconds.
  path: Assets/SpriteSheets/player/john_run_shoot.png
  artifactKey: Guid(79187575c8e7ebc4e8423316f25b9add) Importer(2089858483,b0f066a214c2f5e87bad3c948f4d605d)
Start importing Assets/SpriteSheets/player/john_run_shoot.png using Guid(79187575c8e7ebc4e8423316f25b9add) Importer(2089858483,b0f066a214c2f5e87bad3c948f4d605d) (ScriptedImporter) -> (artifact id: '32c46855c738fdfe58e504dfc21b0887') in 0.022463 seconds
Number of updated asset objects reloaded before import = 0Number of asset objects unloaded after import = 12

========================================================================
Received Import Request.
  Time since last request: 0.000048 seconds.
  path: Assets/SpriteSheets/boss/BossScreen_rockcache2.png
  artifactKey: Guid(d032eae0274a16142b36b3befe20bf81) Importer(2089858483,b0f066a214c2f5e87bad3c948f4d605d)
Start importing Assets/SpriteSheets/boss/BossScreen_rockcache2.png using Guid(d032eae0274a16142b36b3befe20bf81) Importer(2089858483,b0f066a214c2f5e87bad3c948f4d605d) (ScriptedImporter) -> (artifact id: '1dbdbb8456c35284c934d00625216fd5') in 0.0129707 seconds
Number of updated asset objects reloaded before import = 0Number of asset objects unloaded after import = 3

========================================================================
Received Import Request.
  Time since last request: 0.000028 seconds.
  path: Assets/SpriteSheets/player/john_hagging_aimdowndiag.png
  artifactKey: Guid(9efdc900240a0a54fb21a99bd8490552) Importer(2089858483,b0f066a214c2f5e87bad3c948f4d605d)
Start importing Assets/SpriteSheets/player/john_hagging_aimdowndiag.png using Guid(9efdc900240a0a54fb21a99bd8490552) Importer(2089858483,b0f066a214c2f5e87bad3c948f4d605d) (ScriptedImporter) -> (artifact id: '349a7dd23d79f4bd478746865068e8a8') in 0.0075585 seconds
Number of updated asset objects reloaded before import = 0Number of asset objects unloaded after import = 3

========================================================================
Received Import Request.
  Time since last request: 0.000039 seconds.
  path: Assets/SpriteSheets/player/john_stand_shooting_up_diag.png
  artifactKey: Guid(a32514625f164de40b21aae306f39285) Importer(2089858483,b0f066a214c2f5e87bad3c948f4d605d)
Start importing Assets/SpriteSheets/player/john_stand_shooting_up_diag.png using Guid(a32514625f164de40b21aae306f39285) Importer(2089858483,b0f066a214c2f5e87bad3c948f4d605d) (ScriptedImporter) -> (artifact id: '2ddc53ec12e96de70ff6333db3f7956c') in 0.0146297 seconds
Number of updated asset objects reloaded before import = 0Number of asset objects unloaded after import = 4

========================================================================
Received Import Request.
  Time since last request: 0.000038 seconds.
  path: Assets/SpriteSheets/player/john_stand_looking_up.png
  artifactKey: Guid(6f42cbcf595ab4d429197e91b24bad10) Importer(2089858483,b0f066a214c2f5e87bad3c948f4d605d)
Start importing Assets/SpriteSheets/player/john_stand_looking_up.png using Guid(6f42cbcf595ab4d429197e91b24bad10) Importer(2089858483,b0f066a214c2f5e87bad3c948f4d605d) (ScriptedImporter) -> (artifact id: 'a0df5ab1ebe2e40ee0f6c3cfa27f9cd6') in 0.0106362 seconds
Number of updated asset objects reloaded before import = 0Number of asset objects unloaded after import = 3

========================================================================
Received Import Request.
  Time since last request: 0.000030 seconds.
  path: Assets/SpriteSheets/background
  artifactKey: Guid(eb39df385d53e0e4eb0b63b41ce44a6e) Importer(2089858483,b0f066a214c2f5e87bad3c948f4d605d)
Start importing Assets/SpriteSheets/background using Guid(eb39df385d53e0e4eb0b63b41ce44a6e) Importer(2089858483,b0f066a214c2f5e87bad3c948f4d605d) (ScriptedImporter) -> (artifact id: 'a7934459e366b4f2d6c23ea78c34e934') in 0.006522 seconds
Number of updated asset objects reloaded before import = 0Number of asset objects unloaded after import = 1

========================================================================
Received Import Request.
  Time since last request: 0.000023 seconds.
  path: Assets/SpriteSheets/boss/Boss_Fire_Expl.png
  artifactKey: Guid(505e801f2e0bea14686d7f46108c04f5) Importer(2089858483,b0f066a214c2f5e87bad3c948f4d605d)
Start importing Assets/SpriteSheets/boss/Boss_Fire_Expl.png using Guid(505e801f2e0bea14686d7f46108c04f5) Importer(2089858483,b0f066a214c2f5e87bad3c948f4d605d) (ScriptedImporter) -> (artifact id: '7f7365ea87336ef40a3b2e82c9b925b5') in 0.0205594 seconds
Number of updated asset objects reloaded before import = 0Number of asset objects unloaded after import = 10

========================================================================
Received Import Request.
  Time since last request: 0.000021 seconds.
  path: Assets/SpriteSheets/ui/life_empty.png
  artifactKey: Guid(e12f43563ccd46f48ad9dd1d48a56efb) Importer(2089858483,b0f066a214c2f5e87bad3c948f4d605d)
Start importing Assets/SpriteSheets/ui/life_empty.png using Guid(e12f43563ccd46f48ad9dd1d48a56efb) Importer(2089858483,b0f066a214c2f5e87bad3c948f4d605d) (ScriptedImporter) -> (artifact id: '7fcbe75fc370c1a895491eb4fda3102c') in 0.0130778 seconds
Number of updated asset objects reloaded before import = 0Number of asset objects unloaded after import = 3

========================================================================
Received Import Request.
  Time since last request: 0.000035 seconds.
  path: Assets/SpriteSheets/boss/BossBodyIdle.png
  artifactKey: Guid(5e7eb99b511c5074dbf3d507c03b5fa6) Importer(2089858483,b0f066a214c2f5e87bad3c948f4d605d)
Start importing Assets/SpriteSheets/boss/BossBodyIdle.png using Guid(5e7eb99b511c5074dbf3d507c03b5fa6) Importer(2089858483,b0f066a214c2f5e87bad3c948f4d605d) (ScriptedImporter) -> (artifact id: '055c301ee91563383c1c5697b0e16dfc') in 0.0141807 seconds
Number of updated asset objects reloaded before import = 0Number of asset objects unloaded after import = 14

========================================================================
Received Import Request.
  Time since last request: 0.000040 seconds.
  path: Assets/SpriteSheets/enemy/turret_broke.png
  artifactKey: Guid(4971b322019a9164381e6392ea85b2a3) Importer(2089858483,b0f066a214c2f5e87bad3c948f4d605d)
Start importing Assets/SpriteSheets/enemy/turret_broke.png using Guid(4971b322019a9164381e6392ea85b2a3) Importer(2089858483,b0f066a214c2f5e87bad3c948f4d605d) (ScriptedImporter) -> (artifact id: '4dd15bb6cfc007f80c78bb4003fecd0a') in 0.0119459 seconds
Number of updated asset objects reloaded before import = 0Number of asset objects unloaded after import = 6

========================================================================
Received Import Request.
  Time since last request: 0.000029 seconds.
  path: Assets/SpriteSheets/boss
  artifactKey: Guid(7450b4a3dc8c521429c8e858024ac05c) Importer(2089858483,b0f066a214c2f5e87bad3c948f4d605d)
Start importing Assets/SpriteSheets/boss using Guid(7450b4a3dc8c521429c8e858024ac05c) Importer(2089858483,b0f066a214c2f5e87bad3c948f4d605d) (ScriptedImporter) -> (artifact id: '40eddd3e8d50650a7fb376937ce17a81') in 0.0054938 seconds
Number of updated asset objects reloaded before import = 0Number of asset objects unloaded after import = 1

========================================================================
Received Import Request.
  Time since last request: 0.000032 seconds.
  path: Assets/SpriteSheets/ui/ui_nade_red.png
  artifactKey: Guid(8e9625a39a4069d43853290191cb82ce) Importer(2089858483,b0f066a214c2f5e87bad3c948f4d605d)
Start importing Assets/SpriteSheets/ui/ui_nade_red.png using Guid(8e9625a39a4069d43853290191cb82ce) Importer(2089858483,b0f066a214c2f5e87bad3c948f4d605d) (ScriptedImporter) -> (artifact id: 'a93c6dfda41fd3342a601e0273ecc5e6') in 0.0117253 seconds
Number of updated asset objects reloaded before import = 0Number of asset objects unloaded after import = 3

========================================================================
Received Import Request.
  Time since last request: 0.000028 seconds.
  path: Assets/SpriteSheets/ui/ui_medal_life.png
  artifactKey: Guid(641bc7abfb845f64d820d1aa8217b18e) Importer(2089858483,b0f066a214c2f5e87bad3c948f4d605d)
Start importing Assets/SpriteSheets/ui/ui_medal_life.png using Guid(641bc7abfb845f64d820d1aa8217b18e) Importer(2089858483,b0f066a214c2f5e87bad3c948f4d605d) (ScriptedImporter) -> (artifact id: 'e967f7235c0cac740373bf80e7ac4469') in 0.0095024 seconds
Number of updated asset objects reloaded before import = 0Number of asset objects unloaded after import = 3

========================================================================
Received Import Request.
  Time since last request: 0.000060 seconds.
  path: Assets/SpriteSheets/enemy/grunt.png
  artifactKey: Guid(78593646419db2e458591da5915f2236) Importer(2089858483,b0f066a214c2f5e87bad3c948f4d605d)
Start importing Assets/SpriteSheets/enemy/grunt.png using Guid(78593646419db2e458591da5915f2236) Importer(2089858483,b0f066a214c2f5e87bad3c948f4d605d) (ScriptedImporter) -> (artifact id: 'f9c3a02d4cf3163481003cf800364506') in 0.0106959 seconds
Number of updated asset objects reloaded before import = 0Number of asset objects unloaded after import = 4

========================================================================
Received Import Request.
  Time since last request: 0.000021 seconds.
  path: Assets/SpriteSheets/titlescreen/main_title_bg.png
  artifactKey: Guid(351fc1ddf8e0bcd45b2152d3a89acc15) Importer(2089858483,b0f066a214c2f5e87bad3c948f4d605d)
Start importing Assets/SpriteSheets/titlescreen/main_title_bg.png using Guid(351fc1ddf8e0bcd45b2152d3a89acc15) Importer(2089858483,b0f066a214c2f5e87bad3c948f4d605d) (ScriptedImporter) -> (artifact id: 'a2eca31dff7f66e2ac89e373c1392bab') in 0.0120392 seconds
Number of updated asset objects reloaded before import = 0Number of asset objects unloaded after import = 3

========================================================================
Received Import Request.
  Time since last request: 0.000027 seconds.
  path: Assets/SpriteSheets/titlescreen/title_screen.png
  artifactKey: Guid(f286a95de4e64814a84842f39fb337f2) Importer(2089858483,b0f066a214c2f5e87bad3c948f4d605d)
Start importing Assets/SpriteSheets/titlescreen/title_screen.png using Guid(f286a95de4e64814a84842f39fb337f2) Importer(2089858483,b0f066a214c2f5e87bad3c948f4d605d) (ScriptedImporter) -> (artifact id: '85284e9a8d3e5aba154cc914c54c6fba') in 0.0102778 seconds
Number of updated asset objects reloaded before import = 0Number of asset objects unloaded after import = 3

========================================================================
Received Import Request.
  Time since last request: 0.000030 seconds.
  path: Assets/SpriteSheets/player/john_defeated.png
  artifactKey: Guid(158c382e8147d9a4fa52bfa275717f21) Importer(2089858483,b0f066a214c2f5e87bad3c948f4d605d)
Start importing Assets/SpriteSheets/player/john_defeated.png using Guid(158c382e8147d9a4fa52bfa275717f21) Importer(2089858483,b0f066a214c2f5e87bad3c948f4d605d) (ScriptedImporter) -> (artifact id: '167cd4c6bbc1fba13173fbf95ed5dd0c') in 0.0207541 seconds
Number of updated asset objects reloaded before import = 0Number of asset objects unloaded after import = 12

========================================================================
Received Import Request.
  Time since last request: 0.000041 seconds.
  path: Assets/SpriteSheets/player/john_stand_shooting_ng.png
  artifactKey: Guid(c17b2e9a06951e04d9d674dc06a5af78) Importer(2089858483,b0f066a214c2f5e87bad3c948f4d605d)
Start importing Assets/SpriteSheets/player/john_stand_shooting_ng.png using Guid(c17b2e9a06951e04d9d674dc06a5af78) Importer(2089858483,b0f066a214c2f5e87bad3c948f4d605d) (ScriptedImporter) -> (artifact id: 'bd5f91b91ecb44a6338a200f27c45ec2') in 0.0106144 seconds
Number of updated asset objects reloaded before import = 0Number of asset objects unloaded after import = 4

========================================================================
Received Import Request.
  Time since last request: 0.000019 seconds.
  path: Assets/SpriteSheets/ui/ui_weapon_shield_red.png
  artifactKey: Guid(90d334e678f0e754aaa5e79332cba5a4) Importer(2089858483,b0f066a214c2f5e87bad3c948f4d605d)
Start importing Assets/SpriteSheets/ui/ui_weapon_shield_red.png using Guid(90d334e678f0e754aaa5e79332cba5a4) Importer(2089858483,b0f066a214c2f5e87bad3c948f4d605d) (ScriptedImporter) -> (artifact id: '055953295ddd8ee7ed480d1bc81d6312') in 0.0138981 seconds
Number of updated asset objects reloaded before import = 0Number of asset objects unloaded after import = 3

========================================================================
Received Import Request.
  Time since last request: 0.000031 seconds.
  path: Assets/SpriteSheets/player/john_stand_shooting_down_diag.png
  artifactKey: Guid(55fa44ba06fee6e4ba2d2c3dc92266b2) Importer(2089858483,b0f066a214c2f5e87bad3c948f4d605d)
Start importing Assets/SpriteSheets/player/john_stand_shooting_down_diag.png using Guid(55fa44ba06fee6e4ba2d2c3dc92266b2) Importer(2089858483,b0f066a214c2f5e87bad3c948f4d605d) (ScriptedImporter) -> (artifact id: 'e3704a5c625579e912db9ff70dc6534a') in 0.0084786 seconds
Number of updated asset objects reloaded before import = 0Number of asset objects unloaded after import = 4

========================================================================
Received Import Request.
  Time since last request: 0.000042 seconds.
  path: Assets/SpriteSheets/player/john_run.png
  artifactKey: Guid(e491ab10272d3d542afad33eeb7a5abe) Importer(2089858483,b0f066a214c2f5e87bad3c948f4d605d)
Start importing Assets/SpriteSheets/player/john_run.png using Guid(e491ab10272d3d542afad33eeb7a5abe) Importer(2089858483,b0f066a214c2f5e87bad3c948f4d605d) (ScriptedImporter) -> (artifact id: 'fed76227c29d7a7fba64216424484442') in 0.0216279 seconds
Number of updated asset objects reloaded before import = 0Number of asset objects unloaded after import = 12

========================================================================
Received Import Request.
  Time since last request: 5.749614 seconds.
  path: Assets/SpriteSheets/background/clouds1.png
  artifactKey: Guid(bffe65c064ef6424c859aeb9b53ba556) Importer(2089858483,b0f066a214c2f5e87bad3c948f4d605d)
Start importing Assets/SpriteSheets/background/clouds1.png using Guid(bffe65c064ef6424c859aeb9b53ba556) Importer(2089858483,b0f066a214c2f5e87bad3c948f4d605d) (ScriptedImporter) -> (artifact id: 'ce9bf51592ffdf3ee944663bdcbdc3be') in 0.0106318 seconds
Number of updated asset objects reloaded before import = 0Number of asset objects unloaded after import = 3

========================================================================
Received Import Request.
  Time since last request: 0.000026 seconds.
  path: Assets/SpriteSheets/enemy/grunt_portal_broke.png
  artifactKey: Guid(72dd8b7496e498a48a75ce3195ad73fb) Importer(2089858483,b0f066a214c2f5e87bad3c948f4d605d)
Start importing Assets/SpriteSheets/enemy/grunt_portal_broke.png using Guid(72dd8b7496e498a48a75ce3195ad73fb) Importer(2089858483,b0f066a214c2f5e87bad3c948f4d605d) (ScriptedImporter) -> (artifact id: 'd1e5ca35c172225d7eb164346e518b05') in 0.0090079 seconds
Number of updated asset objects reloaded before import = 0Number of asset objects unloaded after import = 3

========================================================================
Received Import Request.
  Time since last request: 0.000026 seconds.
  path: Assets/SpriteSheets/player/john_hagging_aimdown.png
  artifactKey: Guid(821940c459812554fb68fc26a4e00ad9) Importer(2089858483,b0f066a214c2f5e87bad3c948f4d605d)
Start importing Assets/SpriteSheets/player/john_hagging_aimdown.png using Guid(821940c459812554fb68fc26a4e00ad9) Importer(2089858483,b0f066a214c2f5e87bad3c948f4d605d) (ScriptedImporter) -> (artifact id: 'bc6d91df86bfe188355877fbc514f6d8') in 0.009518 seconds
Number of updated asset objects reloaded before import = 0Number of asset objects unloaded after import = 3

========================================================================
Received Import Request.
  Time since last request: 0.000040 seconds.
  path: Assets/SpriteSheets/enemy/grunt_crouch_shoot_front.png
  artifactKey: Guid(a78a7ccaafcdaad4c98a32e05f8cf198) Importer(2089858483,b0f066a214c2f5e87bad3c948f4d605d)
Start importing Assets/SpriteSheets/enemy/grunt_crouch_shoot_front.png using Guid(a78a7ccaafcdaad4c98a32e05f8cf198) Importer(2089858483,b0f066a214c2f5e87bad3c948f4d605d) (ScriptedImporter) -> (artifact id: '33671126412009c6e81c0c4299134c64') in 0.0127889 seconds
Number of updated asset objects reloaded before import = 0Number of asset objects unloaded after import = 4

========================================================================
Received Import Request.
  Time since last request: 0.000022 seconds.
  path: Assets/SpriteSheets/player/john_hagging.png
  artifactKey: Guid(97ee2858bbffccf43a3a7e9020b7afc0) Importer(2089858483,b0f066a214c2f5e87bad3c948f4d605d)
Start importing Assets/SpriteSheets/player/john_hagging.png using Guid(97ee2858bbffccf43a3a7e9020b7afc0) Importer(2089858483,b0f066a214c2f5e87bad3c948f4d605d) (ScriptedImporter) -> (artifact id: 'f3b45cc2cf16300df4894540174f611b') in 0.0101777 seconds
Number of updated asset objects reloaded before import = 0Number of asset objects unloaded after import = 3

========================================================================
Received Import Request.
  Time since last request: 0.000022 seconds.
  path: Assets/SpriteSheets/cave_tileset.png
  artifactKey: Guid(99f0e9924c6e8ff4a833390cbace8c72) Importer(2089858483,b0f066a214c2f5e87bad3c948f4d605d)
Start importing Assets/SpriteSheets/cave_tileset.png using Guid(99f0e9924c6e8ff4a833390cbace8c72) Importer(2089858483,b0f066a214c2f5e87bad3c948f4d605d) (ScriptedImporter) -> (artifact id: '6ac84506f79ee49c8a0b7c4ede3baf30') in 0.0091894 seconds
Number of updated asset objects reloaded before import = 0Number of asset objects unloaded after import = 3

========================================================================
Received Import Request.
  Time since last request: 0.000043 seconds.
  path: Assets/SpriteSheets/boss/Boss_laser.png
  artifactKey: Guid(eb0aa6fdfe980044e9cdd9581276b00e) Importer(2089858483,b0f066a214c2f5e87bad3c948f4d605d)
Start importing Assets/SpriteSheets/boss/Boss_laser.png using Guid(eb0aa6fdfe980044e9cdd9581276b00e) Importer(2089858483,b0f066a214c2f5e87bad3c948f4d605d) (ScriptedImporter) -> (artifact id: '1250058b6e46180af2af82409233f0d5') in 0.0090199 seconds
Number of updated asset objects reloaded before import = 0Number of asset objects unloaded after import = 3

========================================================================
Received Import Request.
  Time since last request: 0.000033 seconds.
  path: Assets/SpriteSheets/fx/particles_palette.png
  artifactKey: Guid(d4a4f05eff3dcff4a9f502e4ffb7f759) Importer(2089858483,b0f066a214c2f5e87bad3c948f4d605d)
Start importing Assets/SpriteSheets/fx/particles_palette.png using Guid(d4a4f05eff3dcff4a9f502e4ffb7f759) Importer(2089858483,b0f066a214c2f5e87bad3c948f4d605d) (ScriptedImporter) -> (artifact id: '37d6f6f756088e3d504d9d55854ea820') in 0.0090456 seconds
Number of updated asset objects reloaded before import = 0Number of asset objects unloaded after import = 3

========================================================================
Received Import Request.
  Time since last request: 0.000020 seconds.
  path: Assets/SpriteSheets/background/background_color.png
  artifactKey: Guid(f0e09b2f4705dc14992de9cf76d415d1) Importer(2089858483,b0f066a214c2f5e87bad3c948f4d605d)
Start importing Assets/SpriteSheets/background/background_color.png using Guid(f0e09b2f4705dc14992de9cf76d415d1) Importer(2089858483,b0f066a214c2f5e87bad3c948f4d605d) (ScriptedImporter) -> (artifact id: '573aeb3965d81444d0a27321de69170e') in 0.0111941 seconds
Number of updated asset objects reloaded before import = 0Number of asset objects unloaded after import = 3

========================================================================
Received Import Request.
  Time since last request: 0.000031 seconds.
  path: Assets/SpriteSheets/boss/BossHead-static.png
  artifactKey: Guid(07f1e6b3e73c8eb40871a3c68285d872) Importer(2089858483,b0f066a214c2f5e87bad3c948f4d605d)
Start importing Assets/SpriteSheets/boss/BossHead-static.png using Guid(07f1e6b3e73c8eb40871a3c68285d872) Importer(2089858483,b0f066a214c2f5e87bad3c948f4d605d) (ScriptedImporter) -> (artifact id: '5e872e00b494909a3b2a94bfa38caf80') in 0.0137196 seconds
Number of updated asset objects reloaded before import = 0Number of asset objects unloaded after import = 3

========================================================================
Received Import Request.
  Time since last request: 0.000029 seconds.
  path: Assets/SpriteSheets/titlescreen/CreditsScreen.png
  artifactKey: Guid(d4661c91c6515724a985d840c439374a) Importer(2089858483,b0f066a214c2f5e87bad3c948f4d605d)
Start importing Assets/SpriteSheets/titlescreen/CreditsScreen.png using Guid(d4661c91c6515724a985d840c439374a) Importer(2089858483,b0f066a214c2f5e87bad3c948f4d605d) (ScriptedImporter) -> (artifact id: 'bbdc8e7cc460b60a86f1b8f7a9845311') in 0.0098004 seconds
Number of updated asset objects reloaded before import = 0Number of asset objects unloaded after import = 3

========================================================================
Received Import Request.
  Time since last request: 0.000047 seconds.
  path: Assets/SpriteSheets/player/john_crouch_ng.png
  artifactKey: Guid(8f921f3616f8b40489693d6fa6b96fde) Importer(2089858483,b0f066a214c2f5e87bad3c948f4d605d)
Start importing Assets/SpriteSheets/player/john_crouch_ng.png using Guid(8f921f3616f8b40489693d6fa6b96fde) Importer(2089858483,b0f066a214c2f5e87bad3c948f4d605d) (ScriptedImporter) -> (artifact id: '00089ee8e155e1427984cf1a671792a7') in 0.0112134 seconds
Number of updated asset objects reloaded before import = 0Number of asset objects unloaded after import = 4

========================================================================
Received Import Request.
  Time since last request: 0.121887 seconds.
  path: Assets/SpriteSheets/ui/ui_weapon_curve_blue.png
  artifactKey: Guid(175209c68c1490948a0d6721f585775d) Importer(2089858483,b0f066a214c2f5e87bad3c948f4d605d)
Start importing Assets/SpriteSheets/ui/ui_weapon_curve_blue.png using Guid(175209c68c1490948a0d6721f585775d) Importer(2089858483,b0f066a214c2f5e87bad3c948f4d605d) (ScriptedImporter) -> (artifact id: '632392786c0eef7a27785a3968094901') in 0.0094156 seconds
Number of updated asset objects reloaded before import = 0Number of asset objects unloaded after import = 3

========================================================================
Received Import Request.
  Time since last request: 0.000022 seconds.
  path: Assets/SpriteSheets/props/skullpanel.png
  artifactKey: Guid(ba5e5e94f656ab14fa50f3672f8094eb) Importer(2089858483,b0f066a214c2f5e87bad3c948f4d605d)
Start importing Assets/SpriteSheets/props/skullpanel.png using Guid(ba5e5e94f656ab14fa50f3672f8094eb) Importer(2089858483,b0f066a214c2f5e87bad3c948f4d605d) (ScriptedImporter) -> (artifact id: '9c8b3a8cb2372e98d3ef6eb2baae3deb') in 0.0084794 seconds
Number of updated asset objects reloaded before import = 0Number of asset objects unloaded after import = 3

========================================================================
Received Import Request.
  Time since last request: 0.353816 seconds.
  path: Assets/SpriteSheets/fx/particles_dirt.png
  artifactKey: Guid(8a1f8b586709e6b44988b4f1c02420fe) Importer(2089858483,b0f066a214c2f5e87bad3c948f4d605d)
Start importing Assets/SpriteSheets/fx/particles_dirt.png using Guid(8a1f8b586709e6b44988b4f1c02420fe) Importer(2089858483,b0f066a214c2f5e87bad3c948f4d605d) (ScriptedImporter) -> (artifact id: 'a9cab2159e10a864598e65d7546ff1d2') in 0.0100441 seconds
Number of updated asset objects reloaded before import = 0Number of asset objects unloaded after import = 3

========================================================================
Received Import Request.
  Time since last request: 0.433371 seconds.
  path: Assets/SpriteSheets/ui/ui_weapon_repeater_blue.png
  artifactKey: Guid(509a12065fb211b4aadedf9ff98bd3dc) Importer(2089858483,b0f066a214c2f5e87bad3c948f4d605d)
Start importing Assets/SpriteSheets/ui/ui_weapon_repeater_blue.png using Guid(509a12065fb211b4aadedf9ff98bd3dc) Importer(2089858483,b0f066a214c2f5e87bad3c948f4d605d) (ScriptedImporter) -> (artifact id: 'f1e8a598712f994ba2a37a7b365d01f7') in 0.0130559 seconds
Number of updated asset objects reloaded before import = 0Number of asset objects unloaded after import = 3

========================================================================
Received Import Request.
  Time since last request: 0.657645 seconds.
  path: Assets/SpriteSheets/Mockups
  artifactKey: Guid(e08c986399f170f43ae43bae6a74b5e2) Importer(2089858483,b0f066a214c2f5e87bad3c948f4d605d)
Start importing Assets/SpriteSheets/Mockups using Guid(e08c986399f170f43ae43bae6a74b5e2) Importer(2089858483,b0f066a214c2f5e87bad3c948f4d605d) (ScriptedImporter) -> (artifact id: '7bf6c304151765c3f6e30b32ab19f8f6') in 0.006143 seconds
Number of updated asset objects reloaded before import = 0Number of asset objects unloaded after import = 1

========================================================================
Received Import Request.
  Time since last request: 0.000022 seconds.
  path: Assets/SpriteSheets/Mockups/level_jungle_tiles_02_preview.png
  artifactKey: Guid(7335bde1f32f20442ade2bc8379dfc48) Importer(2089858483,b0f066a214c2f5e87bad3c948f4d605d)
Start importing Assets/SpriteSheets/Mockups/level_jungle_tiles_02_preview.png using Guid(7335bde1f32f20442ade2bc8379dfc48) Importer(2089858483,b0f066a214c2f5e87bad3c948f4d605d) (ScriptedImporter) -> (artifact id: '6aea45725dc00c602901322ed658da27') in 0.0137587 seconds
Number of updated asset objects reloaded before import = 0Number of asset objects unloaded after import = 3

========================================================================
Received Import Request.
  Time since last request: 38.059313 seconds.
  path: Assets/Audio/snd_main_theme.ogg
  artifactKey: Guid(e5463ce0ea4f3a540b916a18eee9ab5a) Importer(2089858483,b0f066a214c2f5e87bad3c948f4d605d)
Start importing Assets/Audio/snd_main_theme.ogg using Guid(e5463ce0ea4f3a540b916a18eee9ab5a) Importer(2089858483,b0f066a214c2f5e87bad3c948f4d605d) (ScriptedImporter) -> (artifact id: '6255c1e5cc305b0231c94a8f7a3479e7') in 0.0373733 seconds
Number of updated asset objects reloaded before import = 0Number of asset objects unloaded after import = 1

========================================================================
Received Import Request.
  Time since last request: 0.000024 seconds.
  path: Assets/Audio/snd_jump_hump.ogg
  artifactKey: Guid(6aba83d2c81059d42afeae9e4d2224fa) Importer(2089858483,b0f066a214c2f5e87bad3c948f4d605d)
Start importing Assets/Audio/snd_jump_hump.ogg using Guid(6aba83d2c81059d42afeae9e4d2224fa) Importer(2089858483,b0f066a214c2f5e87bad3c948f4d605d) (ScriptedImporter) -> (artifact id: 'd1f869e97fd353fd64c2e05aa00a7e75') in 0.0240573 seconds
Number of updated asset objects reloaded before import = 0Number of asset objects unloaded after import = 1

========================================================================
Received Import Request.
  Time since last request: 0.000028 seconds.
  path: Assets/Audio/snd_landing.ogg
  artifactKey: Guid(163c7bf0e48e6d94abdd527162b1703a) Importer(2089858483,b0f066a214c2f5e87bad3c948f4d605d)
Start importing Assets/Audio/snd_landing.ogg using Guid(163c7bf0e48e6d94abdd527162b1703a) Importer(2089858483,b0f066a214c2f5e87bad3c948f4d605d) (ScriptedImporter) -> (artifact id: '93770f6675c25716519e329c9b52cb87') in 0.0341067 seconds
Number of updated asset objects reloaded before import = 0Number of asset objects unloaded after import = 1

========================================================================
Received Import Request.
  Time since last request: 0.000040 seconds.
  path: Assets/Audio/snd_explosion_solid.ogg
  artifactKey: Guid(7f924847c569e3941bad3b4f29de2ddf) Importer(2089858483,b0f066a214c2f5e87bad3c948f4d605d)
Start importing Assets/Audio/snd_explosion_solid.ogg using Guid(7f924847c569e3941bad3b4f29de2ddf) Importer(2089858483,b0f066a214c2f5e87bad3c948f4d605d) (ScriptedImporter) -> (artifact id: '6eef219fce240f31dbff7ab23276b629') in 0.0304617 seconds
Number of updated asset objects reloaded before import = 0Number of asset objects unloaded after import = 1

========================================================================
Received Import Request.
  Time since last request: 0.000028 seconds.
  path: Assets/Audio/snd_missil.ogg
  artifactKey: Guid(dd4648cfc85a0cd4481fe523eb68f487) Importer(2089858483,b0f066a214c2f5e87bad3c948f4d605d)
Start importing Assets/Audio/snd_missil.ogg using Guid(dd4648cfc85a0cd4481fe523eb68f487) Importer(2089858483,b0f066a214c2f5e87bad3c948f4d605d) (ScriptedImporter) -> (artifact id: '2afc169a63cb264698872d068ed6c0f1') in 0.0307024 seconds
Number of updated asset objects reloaded before import = 0Number of asset objects unloaded after import = 1

========================================================================
Received Import Request.
  Time since last request: 0.000022 seconds.
  path: Assets/Audio/snd_explosion_ground.ogg
  artifactKey: Guid(55202a2521375474ca77d43480e77110) Importer(2089858483,b0f066a214c2f5e87bad3c948f4d605d)
Start importing Assets/Audio/snd_explosion_ground.ogg using Guid(55202a2521375474ca77d43480e77110) Importer(2089858483,b0f066a214c2f5e87bad3c948f4d605d) (ScriptedImporter) -> (artifact id: '167eeec7bd16b4dba7c91633a6b87ad1') in 0.0300921 seconds
Number of updated asset objects reloaded before import = 0Number of asset objects unloaded after import = 1

========================================================================
Received Import Request.
  Time since last request: 0.000023 seconds.
  path: Assets/Audio/snd_danger.ogg
  artifactKey: Guid(763b1921f84558e4c8e5cff9a1645f47) Importer(2089858483,b0f066a214c2f5e87bad3c948f4d605d)
Start importing Assets/Audio/snd_danger.ogg using Guid(763b1921f84558e4c8e5cff9a1645f47) Importer(2089858483,b0f066a214c2f5e87bad3c948f4d605d) (ScriptedImporter) -> (artifact id: '03514fc5c48e1fd19db2e66f15993441') in 0.026403 seconds
Number of updated asset objects reloaded before import = 0Number of asset objects unloaded after import = 1

========================================================================
Received Import Request.
  Time since last request: 0.000044 seconds.
  path: Assets/Audio/snd_boss_laser.ogg
  artifactKey: Guid(0e62d09758fc4cf498854a3faaf3f9e9) Importer(2089858483,b0f066a214c2f5e87bad3c948f4d605d)
Start importing Assets/Audio/snd_boss_laser.ogg using Guid(0e62d09758fc4cf498854a3faaf3f9e9) Importer(2089858483,b0f066a214c2f5e87bad3c948f4d605d) (ScriptedImporter) -> (artifact id: '20fcd5a00452d4d25b65cd9bb8d393ba') in 0.0277179 seconds
Number of updated asset objects reloaded before import = 0Number of asset objects unloaded after import = 1

========================================================================
Received Import Request.
  Time since last request: 0.000019 seconds.
  path: Assets/Audio/snd_bossintro.ogg
  artifactKey: Guid(4bdc4ad3fbd3b394684c20d044560b24) Importer(2089858483,b0f066a214c2f5e87bad3c948f4d605d)
Start importing Assets/Audio/snd_bossintro.ogg using Guid(4bdc4ad3fbd3b394684c20d044560b24) Importer(2089858483,b0f066a214c2f5e87bad3c948f4d605d) (ScriptedImporter) -> (artifact id: '10eb4af09c5c242feb602f3806c45e73') in 0.0302304 seconds
Number of updated asset objects reloaded before import = 0Number of asset objects unloaded after import = 1

========================================================================
Received Import Request.
  Time since last request: 46.011190 seconds.
  path: Assets/SpriteSheets/tiles_spritesheet.png
  artifactKey: Guid(660a469de4a74b44bb85f05b53bd9469) Importer(815301076,1909f56bfc062723c751e8b465ee728b)
Start importing Assets/SpriteSheets/tiles_spritesheet.png using Guid(660a469de4a74b44bb85f05b53bd9469) Importer(815301076,1909f56bfc062723c751e8b465ee728b) (PreviewImporter) -> (artifact id: '2d4342a39efbb1b851b84dc6cc2fa1c8') in 0.2903108 seconds
Number of updated asset objects reloaded before import = 0Number of asset objects unloaded after import = 67

========================================================================
Received Import Request.
  Time since last request: 3.318310 seconds.
  path: Assets/SpriteSheets/player/john_crouch_ng.png
  artifactKey: Guid(8f921f3616f8b40489693d6fa6b96fde) Importer(815301076,1909f56bfc062723c751e8b465ee728b)
Start importing Assets/SpriteSheets/player/john_crouch_ng.png using Guid(8f921f3616f8b40489693d6fa6b96fde) Importer(815301076,1909f56bfc062723c751e8b465ee728b) (PreviewImporter) -> (artifact id: '445f352cdde04eb07e11bc8c77fe1402') in 0.0154455 seconds
Number of updated asset objects reloaded before import = 0Number of asset objects unloaded after import = 4

========================================================================
Received Import Request.
  Time since last request: 0.000036 seconds.
  path: Assets/SpriteSheets/player/john_jump_ng_aimdiagup.png
  artifactKey: Guid(b9929275678c5d644bab093abdab30ba) Importer(815301076,1909f56bfc062723c751e8b465ee728b)
Start importing Assets/SpriteSheets/player/john_jump_ng_aimdiagup.png using Guid(b9929275678c5d644bab093abdab30ba) Importer(815301076,1909f56bfc062723c751e8b465ee728b) (PreviewImporter) -> (artifact id: '9fff5f47eee99391bf07ad0a079eac67') in 0.049845 seconds
Number of updated asset objects reloaded before import = 0Number of asset objects unloaded after import = 11

========================================================================
Received Import Request.
  Time since last request: 0.000023 seconds.
  path: Assets/SpriteSheets/player/john_defeated.png
  artifactKey: Guid(158c382e8147d9a4fa52bfa275717f21) Importer(815301076,1909f56bfc062723c751e8b465ee728b)
Start importing Assets/SpriteSheets/player/john_defeated.png using Guid(158c382e8147d9a4fa52bfa275717f21) Importer(815301076,1909f56bfc062723c751e8b465ee728b) (PreviewImporter) -> (artifact id: '177696aa640cefddf9dea69f85427e16') in 0.0508706 seconds
Number of updated asset objects reloaded before import = 0Number of asset objects unloaded after import = 12

========================================================================
Received Import Request.
  Time since last request: 0.000023 seconds.
  path: Assets/SpriteSheets/player/john_stand_shooting_ng.png
  artifactKey: Guid(c17b2e9a06951e04d9d674dc06a5af78) Importer(815301076,1909f56bfc062723c751e8b465ee728b)
Start importing Assets/SpriteSheets/player/john_stand_shooting_ng.png using Guid(c17b2e9a06951e04d9d674dc06a5af78) Importer(815301076,1909f56bfc062723c751e8b465ee728b) (PreviewImporter) -> (artifact id: '9d324b3bff30f6445ad4f95964db5f92') in 0.0128433 seconds
Number of updated asset objects reloaded before import = 0Number of asset objects unloaded after import = 4

========================================================================
Received Import Request.
  Time since last request: 0.000023 seconds.
  path: Assets/SpriteSheets/player/john_stand_looking_down_diag.png
  artifactKey: Guid(9a823dc0327b22f4d8473cecda3926f2) Importer(815301076,1909f56bfc062723c751e8b465ee728b)
Start importing Assets/SpriteSheets/player/john_stand_looking_down_diag.png using Guid(9a823dc0327b22f4d8473cecda3926f2) Importer(815301076,1909f56bfc062723c751e8b465ee728b) (PreviewImporter) -> (artifact id: '8794c52f5402f6ac1f36851b3ef97482') in 0.0101019 seconds
Number of updated asset objects reloaded before import = 0Number of asset objects unloaded after import = 3

========================================================================
Received Import Request.
  Time since last request: 0.000023 seconds.
  path: Assets/SpriteSheets/player/jump_dust.png
  artifactKey: Guid(aca33f33f349d2c4f8fff516acc89ed4) Importer(815301076,1909f56bfc062723c751e8b465ee728b)
Start importing Assets/SpriteSheets/player/jump_dust.png using Guid(aca33f33f349d2c4f8fff516acc89ed4) Importer(815301076,1909f56bfc062723c751e8b465ee728b) (PreviewImporter) -> (artifact id: '08d9511ebd43cb05997ae9411746fd87') in 0.0095347 seconds
Number of updated asset objects reloaded before import = 0Number of asset objects unloaded after import = 3

========================================================================
Received Import Request.
  Time since last request: 0.000030 seconds.
  path: Assets/SpriteSheets/player/john_hithurt.png
  artifactKey: Guid(e29aad426243a5b4eba34ddb7a7b9787) Importer(815301076,1909f56bfc062723c751e8b465ee728b)
Start importing Assets/SpriteSheets/player/john_hithurt.png using Guid(e29aad426243a5b4eba34ddb7a7b9787) Importer(815301076,1909f56bfc062723c751e8b465ee728b) (PreviewImporter) -> (artifact id: '29891a2943c2a9bbb3ed0e09a732f75d') in 0.0139344 seconds
Number of updated asset objects reloaded before import = 0Number of asset objects unloaded after import = 4

========================================================================
Received Import Request.
  Time since last request: 0.000018 seconds.
  path: Assets/SpriteSheets/player/john_hagging_aimupup_firing.png
  artifactKey: Guid(41c7e302939eab9469aafe5d6dfc6ac6) Importer(815301076,1909f56bfc062723c751e8b465ee728b)
Start importing Assets/SpriteSheets/player/john_hagging_aimupup_firing.png using Guid(41c7e302939eab9469aafe5d6dfc6ac6) Importer(815301076,1909f56bfc062723c751e8b465ee728b) (PreviewImporter) -> (artifact id: '670ccca37ee82add089a3f8a0c2cba63') in 0.0114161 seconds
Number of updated asset objects reloaded before import = 0Number of asset objects unloaded after import = 4

========================================================================
Received Import Request.
  Time since last request: 0.000023 seconds.
  path: Assets/SpriteSheets/player/john_static.png
  artifactKey: Guid(cb74f52774694f24d826943ba492abdc) Importer(815301076,1909f56bfc062723c751e8b465ee728b)
Start importing Assets/SpriteSheets/player/john_static.png using Guid(cb74f52774694f24d826943ba492abdc) Importer(815301076,1909f56bfc062723c751e8b465ee728b) (PreviewImporter) -> (artifact id: '19b9f845dfe25c282ae62bc342eeafff') in 0.0088836 seconds
Number of updated asset objects reloaded before import = 0Number of asset objects unloaded after import = 3

========================================================================
Received Import Request.
  Time since last request: 0.000040 seconds.
  path: Assets/SpriteSheets/player/john_defeated_ng.png
  artifactKey: Guid(9bf4ad02722007e43bace2f2a48623d3) Importer(815301076,1909f56bfc062723c751e8b465ee728b)
Start importing Assets/SpriteSheets/player/john_defeated_ng.png using Guid(9bf4ad02722007e43bace2f2a48623d3) Importer(815301076,1909f56bfc062723c751e8b465ee728b) (PreviewImporter) -> (artifact id: 'e6d432c022aee275f3d1e35917d72851') in 0.0352974 seconds
Number of updated asset objects reloaded before import = 0Number of asset objects unloaded after import = 12

========================================================================
Received Import Request.
  Time since last request: 0.000020 seconds.
  path: Assets/SpriteSheets/player/john_dead.png
  artifactKey: Guid(7cd3aaf339e216446a9b6cca7dd8ae84) Importer(815301076,1909f56bfc062723c751e8b465ee728b)
Start importing Assets/SpriteSheets/player/john_dead.png using Guid(7cd3aaf339e216446a9b6cca7dd8ae84) Importer(815301076,1909f56bfc062723c751e8b465ee728b) (PreviewImporter) -> (artifact id: 'f6d3ee5065355223263c2180a2a53066') in 0.0126687 seconds
Number of updated asset objects reloaded before import = 0Number of asset objects unloaded after import = 4

========================================================================
Received Import Request.
  Time since last request: 0.000019 seconds.
  path: Assets/SpriteSheets/player/john_jump_ng.png
  artifactKey: Guid(8f3b923fdbf5e0e4aa1012c454c73ed6) Importer(815301076,1909f56bfc062723c751e8b465ee728b)
Start importing Assets/SpriteSheets/player/john_jump_ng.png using Guid(8f3b923fdbf5e0e4aa1012c454c73ed6) Importer(815301076,1909f56bfc062723c751e8b465ee728b) (PreviewImporter) -> (artifact id: '50376ac86733e800827354bb6c5b5a75') in 0.0390533 seconds
Number of updated asset objects reloaded before import = 0Number of asset objects unloaded after import = 11

========================================================================
Received Import Request.
  Time since last request: 0.000024 seconds.
  path: Assets/SpriteSheets/player/john_run_shoot.png
  artifactKey: Guid(79187575c8e7ebc4e8423316f25b9add) Importer(815301076,1909f56bfc062723c751e8b465ee728b)
Start importing Assets/SpriteSheets/player/john_run_shoot.png using Guid(79187575c8e7ebc4e8423316f25b9add) Importer(815301076,1909f56bfc062723c751e8b465ee728b) (PreviewImporter) -> (artifact id: 'b3646319280949552000835746c41dba') in 0.0324364 seconds
Number of updated asset objects reloaded before import = 0Number of asset objects unloaded after import = 12

========================================================================
Received Import Request.
  Time since last request: 0.000030 seconds.
  path: Assets/SpriteSheets/player/john_jump_ng_aimup.png
  artifactKey: Guid(c233d70c3996d1044af4b43896b51045) Importer(815301076,1909f56bfc062723c751e8b465ee728b)
Start importing Assets/SpriteSheets/player/john_jump_ng_aimup.png using Guid(c233d70c3996d1044af4b43896b51045) Importer(815301076,1909f56bfc062723c751e8b465ee728b) (PreviewImporter) -> (artifact id: '3559d5cf81c83c232a2273a52704ff94') in 0.0471427 seconds
Number of updated asset objects reloaded before import = 0Number of asset objects unloaded after import = 11

========================================================================
Received Import Request.
  Time since last request: 0.000021 seconds.
  path: Assets/SpriteSheets/player/john_run_shoot_ng.png
  artifactKey: Guid(10f8bfe9db7a4a9488655b00eac537dd) Importer(815301076,1909f56bfc062723c751e8b465ee728b)
Start importing Assets/SpriteSheets/player/john_run_shoot_ng.png using Guid(10f8bfe9db7a4a9488655b00eac537dd) Importer(815301076,1909f56bfc062723c751e8b465ee728b) (PreviewImporter) -> (artifact id: '1e178daf51c6814e95d578c40fdd5237') in 0.0313832 seconds
Number of updated asset objects reloaded before import = 0Number of asset objects unloaded after import = 12

========================================================================
Received Import Request.
  Time since last request: 7.437636 seconds.
  path: Assets/SpriteSheets/player/run_dust.png
  artifactKey: Guid(a056fbb432f707b46b6fb7dda7841d94) Importer(815301076,1909f56bfc062723c751e8b465ee728b)
Start importing Assets/SpriteSheets/player/run_dust.png using Guid(a056fbb432f707b46b6fb7dda7841d94) Importer(815301076,1909f56bfc062723c751e8b465ee728b) (PreviewImporter) -> (artifact id: 'ca7dc9bfcf2dfdee9c7ced1519f7c76e') in 0.0236354 seconds
Number of updated asset objects reloaded before import = 0Number of asset objects unloaded after import = 3

========================================================================
Received Import Request.
  Time since last request: 0.000030 seconds.
  path: Assets/SpriteSheets/player/weapon_bullet_level2.png
  artifactKey: Guid(2e377db1fcc1c0d4d9f3554138234e76) Importer(815301076,1909f56bfc062723c751e8b465ee728b)
Start importing Assets/SpriteSheets/player/weapon_bullet_level2.png using Guid(2e377db1fcc1c0d4d9f3554138234e76) Importer(815301076,1909f56bfc062723c751e8b465ee728b) (PreviewImporter) -> (artifact id: 'a2d4f968ff1700ed2776089b635d275c') in 0.0636095 seconds
Number of updated asset objects reloaded before import = 0Number of asset objects unloaded after import = 8

========================================================================
Received Import Request.
  Time since last request: 427.890519 seconds.
  path: Assets/Palette/Palette.prefab
  artifactKey: Guid(97ef7f04bae0a1f41ac70183059b3381) Importer(2089858483,b0f066a214c2f5e87bad3c948f4d605d)
Start importing Assets/Palette/Palette.prefab using Guid(97ef7f04bae0a1f41ac70183059b3381) Importer(2089858483,b0f066a214c2f5e87bad3c948f4d605d) (ScriptedImporter) -> (artifact id: '28976220ccce56d3c4486a874f422ffd') in 0.0265139 seconds
Number of updated asset objects reloaded before import = 0Number of asset objects unloaded after import = 10

========================================================================
Received Import Request.
  Time since last request: 209.787511 seconds.
  path: Assets/Palette/tiles_spritesheet_21.asset
  artifactKey: Guid(d65e161ab3d557d42b43dd6e2c2a64f9) Importer(2089858483,b0f066a214c2f5e87bad3c948f4d605d)
Start importing Assets/Palette/tiles_spritesheet_21.asset using Guid(d65e161ab3d557d42b43dd6e2c2a64f9) Importer(2089858483,b0f066a214c2f5e87bad3c948f4d605d) (ScriptedImporter) -> (artifact id: '1755a64792e33296d4d04e9715efa0c7') in 0.0116214 seconds
Number of updated asset objects reloaded before import = 0Number of asset objects unloaded after import = 2

========================================================================
Received Import Request.
  Time since last request: 0.000046 seconds.
  path: Assets/Palette/tiles_spritesheet_23.asset
  artifactKey: Guid(5fbcb4618c6061743885e3036ae19670) Importer(2089858483,b0f066a214c2f5e87bad3c948f4d605d)
Start importing Assets/Palette/tiles_spritesheet_23.asset using Guid(5fbcb4618c6061743885e3036ae19670) Importer(2089858483,b0f066a214c2f5e87bad3c948f4d605d) (ScriptedImporter) -> (artifact id: '2b4d138f5acdf221716e6e8c5b180a47') in 0.0071432 seconds
Number of updated asset objects reloaded before import = 0Number of asset objects unloaded after import = 2

========================================================================
Received Import Request.
  Time since last request: 0.000021 seconds.
  path: Assets/Palette/tiles_spritesheet_49.asset
  artifactKey: Guid(8d53ab81036f7ff4f861c1c4fab29b94) Importer(2089858483,b0f066a214c2f5e87bad3c948f4d605d)
Start importing Assets/Palette/tiles_spritesheet_49.asset using Guid(8d53ab81036f7ff4f861c1c4fab29b94) Importer(2089858483,b0f066a214c2f5e87bad3c948f4d605d) (ScriptedImporter) -> (artifact id: '485684c7c0b567e54e3c7e0ee85158f3') in 0.0073036 seconds
Number of updated asset objects reloaded before import = 0Number of asset objects unloaded after import = 2

========================================================================
Received Import Request.
  Time since last request: 0.000030 seconds.
  path: Assets/Palette/tiles_spritesheet_1.asset
  artifactKey: Guid(169c1fa1550657047a21f418f03b6d74) Importer(2089858483,b0f066a214c2f5e87bad3c948f4d605d)
Start importing Assets/Palette/tiles_spritesheet_1.asset using Guid(169c1fa1550657047a21f418f03b6d74) Importer(2089858483,b0f066a214c2f5e87bad3c948f4d605d) (ScriptedImporter) -> (artifact id: '545e896f8457526758b379f129227ad8') in 0.0051934 seconds
Number of updated asset objects reloaded before import = 0Number of asset objects unloaded after import = 2

========================================================================
Received Import Request.
  Time since last request: 0.000023 seconds.
  path: Assets/Palette/tiles_spritesheet_26.asset
  artifactKey: Guid(9db808aaa6089ba44a55f2cc436c399b) Importer(2089858483,b0f066a214c2f5e87bad3c948f4d605d)
Start importing Assets/Palette/tiles_spritesheet_26.asset using Guid(9db808aaa6089ba44a55f2cc436c399b) Importer(2089858483,b0f066a214c2f5e87bad3c948f4d605d) (ScriptedImporter) -> (artifact id: 'c155ffee539a3d43c3c406fcef5f194c') in 0.0078707 seconds
Number of updated asset objects reloaded before import = 0Number of asset objects unloaded after import = 2

========================================================================
Received Import Request.
  Time since last request: 0.000020 seconds.
  path: Assets/Palette/tiles_spritesheet_31.asset
  artifactKey: Guid(f54254f3aeeeeed4f847f7194bb30a8f) Importer(2089858483,b0f066a214c2f5e87bad3c948f4d605d)
Start importing Assets/Palette/tiles_spritesheet_31.asset using Guid(f54254f3aeeeeed4f847f7194bb30a8f) Importer(2089858483,b0f066a214c2f5e87bad3c948f4d605d) (ScriptedImporter) -> (artifact id: 'e0ace891f99b084e7fb84359946f2899') in 0.0058839 seconds
Number of updated asset objects reloaded before import = 0Number of asset objects unloaded after import = 2

========================================================================
Received Import Request.
  Time since last request: 0.000022 seconds.
  path: Assets/Palette/tiles_spritesheet_10.asset
  artifactKey: Guid(bc68cfc191c451e40a1d73c679a6f4a1) Importer(2089858483,b0f066a214c2f5e87bad3c948f4d605d)
Start importing Assets/Palette/tiles_spritesheet_10.asset using Guid(bc68cfc191c451e40a1d73c679a6f4a1) Importer(2089858483,b0f066a214c2f5e87bad3c948f4d605d) (ScriptedImporter) -> (artifact id: '810d670461e738494298121cc419e756') in 0.0058048 seconds
Number of updated asset objects reloaded before import = 0Number of asset objects unloaded after import = 2

========================================================================
Received Import Request.
  Time since last request: 0.000032 seconds.
  path: Assets/Palette/tiles_spritesheet_60.asset
  artifactKey: Guid(a51fc91b29ff04e4bb14d1d6aceca583) Importer(2089858483,b0f066a214c2f5e87bad3c948f4d605d)
Start importing Assets/Palette/tiles_spritesheet_60.asset using Guid(a51fc91b29ff04e4bb14d1d6aceca583) Importer(2089858483,b0f066a214c2f5e87bad3c948f4d605d) (ScriptedImporter) -> (artifact id: 'f55ccea8e5fbbf938a49644a7589b060') in 0.0065365 seconds
Number of updated asset objects reloaded before import = 0Number of asset objects unloaded after import = 2

========================================================================
Received Import Request.
  Time since last request: 0.000028 seconds.
  path: Assets/Palette/tiles_spritesheet_19.asset
  artifactKey: Guid(5daccb0cb4b171846af5f688a4a16e98) Importer(2089858483,b0f066a214c2f5e87bad3c948f4d605d)
Start importing Assets/Palette/tiles_spritesheet_19.asset using Guid(5daccb0cb4b171846af5f688a4a16e98) Importer(2089858483,b0f066a214c2f5e87bad3c948f4d605d) (ScriptedImporter) -> (artifact id: '50a464187f28cb8073d70d649acdb20a') in 0.005579 seconds
Number of updated asset objects reloaded before import = 0Number of asset objects unloaded after import = 2

========================================================================
Received Import Request.
  Time since last request: 0.000020 seconds.
  path: Assets/Palette/tiles_spritesheet_34.asset
  artifactKey: Guid(a5bb7f56f5ce2714fbedb66820439485) Importer(2089858483,b0f066a214c2f5e87bad3c948f4d605d)
Start importing Assets/Palette/tiles_spritesheet_34.asset using Guid(a5bb7f56f5ce2714fbedb66820439485) Importer(2089858483,b0f066a214c2f5e87bad3c948f4d605d) (ScriptedImporter) -> (artifact id: '32333c60241721d9a14b44018f48d13d') in 0.0062392 seconds
Number of updated asset objects reloaded before import = 0Number of asset objects unloaded after import = 2

========================================================================
Received Import Request.
  Time since last request: 0.000023 seconds.
  path: Assets/Palette/tiles_spritesheet_48.asset
  artifactKey: Guid(773647504bcbd3546be8857c59a8776d) Importer(2089858483,b0f066a214c2f5e87bad3c948f4d605d)
Start importing Assets/Palette/tiles_spritesheet_48.asset using Guid(773647504bcbd3546be8857c59a8776d) Importer(2089858483,b0f066a214c2f5e87bad3c948f4d605d) (ScriptedImporter) -> (artifact id: '6b7cb06e1938be63de49fe1790dd3c26') in 0.0056026 seconds
Number of updated asset objects reloaded before import = 0Number of asset objects unloaded after import = 2

========================================================================
Received Import Request.
  Time since last request: 0.000018 seconds.
  path: Assets/Palette/tiles_spritesheet_58.asset
  artifactKey: Guid(3ecd160745bae2640bcb24d8156b011a) Importer(2089858483,b0f066a214c2f5e87bad3c948f4d605d)
Start importing Assets/Palette/tiles_spritesheet_58.asset using Guid(3ecd160745bae2640bcb24d8156b011a) Importer(2089858483,b0f066a214c2f5e87bad3c948f4d605d) (ScriptedImporter) -> (artifact id: '3e2020e4297efd18d071ed3e556d55fd') in 0.0061322 seconds
Number of updated asset objects reloaded before import = 0Number of asset objects unloaded after import = 2

========================================================================
Received Import Request.
  Time since last request: 0.000032 seconds.
  path: Assets/Palette/tiles_spritesheet_47.asset
  artifactKey: Guid(fac5a2c93a55abc43ab2839128618444) Importer(2089858483,b0f066a214c2f5e87bad3c948f4d605d)
Start importing Assets/Palette/tiles_spritesheet_47.asset using Guid(fac5a2c93a55abc43ab2839128618444) Importer(2089858483,b0f066a214c2f5e87bad3c948f4d605d) (ScriptedImporter) -> (artifact id: '81459ce9cde2b9ccfecb818ba6347ca4') in 0.0060727 seconds
Number of updated asset objects reloaded before import = 0Number of asset objects unloaded after import = 2

========================================================================
Received Import Request.
  Time since last request: 0.000048 seconds.
  path: Assets/Palette/tiles_spritesheet_40.asset
  artifactKey: Guid(acc32cae0769acc41957027da1b2c638) Importer(2089858483,b0f066a214c2f5e87bad3c948f4d605d)
Start importing Assets/Palette/tiles_spritesheet_40.asset using Guid(acc32cae0769acc41957027da1b2c638) Importer(2089858483,b0f066a214c2f5e87bad3c948f4d605d) (ScriptedImporter) -> (artifact id: '5f1b98db470896faf26f4cfef589137b') in 0.0061974 seconds
Number of updated asset objects reloaded before import = 0Number of asset objects unloaded after import = 2

========================================================================
Received Import Request.
  Time since last request: 0.000024 seconds.
  path: Assets/Palette/tiles_spritesheet_11.asset
  artifactKey: Guid(7f20b19f0f1455a418178efbbdd67701) Importer(2089858483,b0f066a214c2f5e87bad3c948f4d605d)
Start importing Assets/Palette/tiles_spritesheet_11.asset using Guid(7f20b19f0f1455a418178efbbdd67701) Importer(2089858483,b0f066a214c2f5e87bad3c948f4d605d) (ScriptedImporter) -> (artifact id: '4b4f3474cfe20c7edbef20725532e33d') in 0.006204 seconds
Number of updated asset objects reloaded before import = 0Number of asset objects unloaded after import = 2

========================================================================
Received Import Request.
  Time since last request: 0.000028 seconds.
  path: Assets/Palette/tiles_spritesheet_29.asset
  artifactKey: Guid(8a0f75fc048f56e449ec9ff6619a249b) Importer(2089858483,b0f066a214c2f5e87bad3c948f4d605d)
Start importing Assets/Palette/tiles_spritesheet_29.asset using Guid(8a0f75fc048f56e449ec9ff6619a249b) Importer(2089858483,b0f066a214c2f5e87bad3c948f4d605d) (ScriptedImporter) -> (artifact id: 'd5bbcf3aca54ee23dc9757b581713c4b') in 0.0059537 seconds
Number of updated asset objects reloaded before import = 0Number of asset objects unloaded after import = 2

========================================================================
Received Import Request.
  Time since last request: 0.000023 seconds.
  path: Assets/Palette/tiles_spritesheet_6.asset
  artifactKey: Guid(7e69851592148e148a70acce07a20913) Importer(2089858483,b0f066a214c2f5e87bad3c948f4d605d)
Start importing Assets/Palette/tiles_spritesheet_6.asset using Guid(7e69851592148e148a70acce07a20913) Importer(2089858483,b0f066a214c2f5e87bad3c948f4d605d) (ScriptedImporter) -> (artifact id: '10d87aa4eaa184bdfa1965752fe2353c') in 0.0060195 seconds
Number of updated asset objects reloaded before import = 0Number of asset objects unloaded after import = 2

========================================================================
Received Import Request.
  Time since last request: 0.000030 seconds.
  path: Assets/Palette/tiles_spritesheet_20.asset
  artifactKey: Guid(9fbdc4c1f7f8b834dba01432ddc7ae5e) Importer(2089858483,b0f066a214c2f5e87bad3c948f4d605d)
Start importing Assets/Palette/tiles_spritesheet_20.asset using Guid(9fbdc4c1f7f8b834dba01432ddc7ae5e) Importer(2089858483,b0f066a214c2f5e87bad3c948f4d605d) (ScriptedImporter) -> (artifact id: '6863ad1c867306c340d32d651d5d4d97') in 0.0061525 seconds
Number of updated asset objects reloaded before import = 0Number of asset objects unloaded after import = 2

========================================================================
Received Import Request.
  Time since last request: 0.000027 seconds.
  path: Assets/Palette/tiles_spritesheet_35.asset
  artifactKey: Guid(84a5bc7448e1d7945a1f0ea46d8b164c) Importer(2089858483,b0f066a214c2f5e87bad3c948f4d605d)
Start importing Assets/Palette/tiles_spritesheet_35.asset using Guid(84a5bc7448e1d7945a1f0ea46d8b164c) Importer(2089858483,b0f066a214c2f5e87bad3c948f4d605d) (ScriptedImporter) -> (artifact id: '2a77e3f40bd4fce0bdcda2e993199ee8') in 0.0064728 seconds
Number of updated asset objects reloaded before import = 0Number of asset objects unloaded after import = 2

========================================================================
Received Import Request.
  Time since last request: 0.000029 seconds.
  path: Assets/Palette/tiles_spritesheet_51.asset
  artifactKey: Guid(775d2303eeed293458c0ab9de30a31c4) Importer(2089858483,b0f066a214c2f5e87bad3c948f4d605d)
Start importing Assets/Palette/tiles_spritesheet_51.asset using Guid(775d2303eeed293458c0ab9de30a31c4) Importer(2089858483,b0f066a214c2f5e87bad3c948f4d605d) (ScriptedImporter) -> (artifact id: 'be58eb8db611e35cba5cd92f0f0467ae') in 0.0044697 seconds
Number of updated asset objects reloaded before import = 0Number of asset objects unloaded after import = 2

========================================================================
Received Import Request.
  Time since last request: 0.000022 seconds.
  path: Assets/Palette/tiles_spritesheet_50.asset
  artifactKey: Guid(ca3f5b688f1ddda4887ac70e78df0637) Importer(2089858483,b0f066a214c2f5e87bad3c948f4d605d)
Start importing Assets/Palette/tiles_spritesheet_50.asset using Guid(ca3f5b688f1ddda4887ac70e78df0637) Importer(2089858483,b0f066a214c2f5e87bad3c948f4d605d) (ScriptedImporter) -> (artifact id: '5a2d57803fd397c2d97311b8247d9e99') in 0.0052793 seconds
Number of updated asset objects reloaded before import = 0Number of asset objects unloaded after import = 2

========================================================================
Received Import Request.
  Time since last request: 0.000020 seconds.
  path: Assets/Palette/tiles_spritesheet_38.asset
  artifactKey: Guid(acabfc3c72400234fbb8557341f7b0d6) Importer(2089858483,b0f066a214c2f5e87bad3c948f4d605d)
Start importing Assets/Palette/tiles_spritesheet_38.asset using Guid(acabfc3c72400234fbb8557341f7b0d6) Importer(2089858483,b0f066a214c2f5e87bad3c948f4d605d) (ScriptedImporter) -> (artifact id: '8f8446e03ee0776fe28a8d1647f53eb1') in 0.0095057 seconds
Number of updated asset objects reloaded before import = 0Number of asset objects unloaded after import = 2

========================================================================
Received Import Request.
  Time since last request: 0.000037 seconds.
  path: Assets/Palette/tiles_spritesheet_0.asset
  artifactKey: Guid(658deb53492157140a61358d4fff99d4) Importer(2089858483,b0f066a214c2f5e87bad3c948f4d605d)
Start importing Assets/Palette/tiles_spritesheet_0.asset using Guid(658deb53492157140a61358d4fff99d4) Importer(2089858483,b0f066a214c2f5e87bad3c948f4d605d) (ScriptedImporter) -> (artifact id: '35008fdbb6c67bf2f4d23d386ac1381f') in 0.0064799 seconds
Number of updated asset objects reloaded before import = 0Number of asset objects unloaded after import = 2

========================================================================
Received Import Request.
  Time since last request: 0.000019 seconds.
  path: Assets/Palette/tiles_spritesheet_43.asset
  artifactKey: Guid(3d0f4f7fa20830945bb34bd71acd0aba) Importer(2089858483,b0f066a214c2f5e87bad3c948f4d605d)
Start importing Assets/Palette/tiles_spritesheet_43.asset using Guid(3d0f4f7fa20830945bb34bd71acd0aba) Importer(2089858483,b0f066a214c2f5e87bad3c948f4d605d) (ScriptedImporter) -> (artifact id: '4235241373869f837c6b075012b0f628') in 0.0079301 seconds
Number of updated asset objects reloaded before import = 0Number of asset objects unloaded after import = 2

========================================================================
Received Import Request.
  Time since last request: 0.000028 seconds.
  path: Assets/Palette/tiles_spritesheet_13.asset
  artifactKey: Guid(c946ea074c984c34490519b098de2dca) Importer(2089858483,b0f066a214c2f5e87bad3c948f4d605d)
Start importing Assets/Palette/tiles_spritesheet_13.asset using Guid(c946ea074c984c34490519b098de2dca) Importer(2089858483,b0f066a214c2f5e87bad3c948f4d605d) (ScriptedImporter) -> (artifact id: '9206e3fb1d20b0b3da2917a22ea7ce9e') in 0.0073741 seconds
Number of updated asset objects reloaded before import = 0Number of asset objects unloaded after import = 2

========================================================================
Received Import Request.
  Time since last request: 0.000034 seconds.
  path: Assets/Palette/tiles_spritesheet_2.asset
  artifactKey: Guid(35f724e2a144f4d4fa2f521feb6eaa7a) Importer(2089858483,b0f066a214c2f5e87bad3c948f4d605d)
Start importing Assets/Palette/tiles_spritesheet_2.asset using Guid(35f724e2a144f4d4fa2f521feb6eaa7a) Importer(2089858483,b0f066a214c2f5e87bad3c948f4d605d) (ScriptedImporter) -> (artifact id: 'd8739ecfbf21a97ff45162086c2a4d90') in 0.0079071 seconds
Number of updated asset objects reloaded before import = 0Number of asset objects unloaded after import = 2

========================================================================
Received Import Request.
  Time since last request: 0.000041 seconds.
  path: Assets/Palette/tiles_spritesheet_7.asset
  artifactKey: Guid(34f44ce972f853442b7e2236badb27c0) Importer(2089858483,b0f066a214c2f5e87bad3c948f4d605d)
Start importing Assets/Palette/tiles_spritesheet_7.asset using Guid(34f44ce972f853442b7e2236badb27c0) Importer(2089858483,b0f066a214c2f5e87bad3c948f4d605d) (ScriptedImporter) -> (artifact id: '0093989091a713eb835d4b1c82bf8b3a') in 0.005349 seconds
Number of updated asset objects reloaded before import = 0Number of asset objects unloaded after import = 2

========================================================================
Received Import Request.
  Time since last request: 0.000027 seconds.
  path: Assets/Palette/tiles_spritesheet_57.asset
  artifactKey: Guid(829fe5748390b3d4d9f2e89a2d0213bf) Importer(2089858483,b0f066a214c2f5e87bad3c948f4d605d)
Start importing Assets/Palette/tiles_spritesheet_57.asset using Guid(829fe5748390b3d4d9f2e89a2d0213bf) Importer(2089858483,b0f066a214c2f5e87bad3c948f4d605d) (ScriptedImporter) -> (artifact id: 'd689602f9a42eedb8a71ed5ba7e7a800') in 0.0069583 seconds
Number of updated asset objects reloaded before import = 0Number of asset objects unloaded after import = 2

========================================================================
Received Import Request.
  Time since last request: 0.000022 seconds.
  path: Assets/Palette/tiles_spritesheet_8.asset
  artifactKey: Guid(4ca4413bad36efe49874a773dbc20959) Importer(2089858483,b0f066a214c2f5e87bad3c948f4d605d)
Start importing Assets/Palette/tiles_spritesheet_8.asset using Guid(4ca4413bad36efe49874a773dbc20959) Importer(2089858483,b0f066a214c2f5e87bad3c948f4d605d) (ScriptedImporter) -> (artifact id: '1b5238127e3d45ed397b40a18f7784aa') in 0.0059368 seconds
Number of updated asset objects reloaded before import = 0Number of asset objects unloaded after import = 2

========================================================================
Received Import Request.
  Time since last request: 0.000025 seconds.
  path: Assets/Palette/tiles_spritesheet_54.asset
  artifactKey: Guid(be59757c10d61934d9feacd861990be7) Importer(2089858483,b0f066a214c2f5e87bad3c948f4d605d)
Start importing Assets/Palette/tiles_spritesheet_54.asset using Guid(be59757c10d61934d9feacd861990be7) Importer(2089858483,b0f066a214c2f5e87bad3c948f4d605d) (ScriptedImporter) -> (artifact id: '083207b459534e9b17b323d987c7105c') in 0.0061199 seconds
Number of updated asset objects reloaded before import = 0Number of asset objects unloaded after import = 2

========================================================================
Received Import Request.
  Time since last request: 0.000051 seconds.
  path: Assets/Palette/tiles_spritesheet_33.asset
  artifactKey: Guid(9b65d0450f498bb4c80d4e21a63ce959) Importer(2089858483,b0f066a214c2f5e87bad3c948f4d605d)
Start importing Assets/Palette/tiles_spritesheet_33.asset using Guid(9b65d0450f498bb4c80d4e21a63ce959) Importer(2089858483,b0f066a214c2f5e87bad3c948f4d605d) (ScriptedImporter) -> (artifact id: '2267955d061c19fa108523b535c4b620') in 0.0061311 seconds
Number of updated asset objects reloaded before import = 0Number of asset objects unloaded after import = 2

========================================================================
Received Import Request.
  Time since last request: 747.645483 seconds.
  path: Assets/SpriteSheets/background/background_color.png
  artifactKey: Guid(f0e09b2f4705dc14992de9cf76d415d1) Importer(815301076,1909f56bfc062723c751e8b465ee728b)
Start importing Assets/SpriteSheets/background/background_color.png using Guid(f0e09b2f4705dc14992de9cf76d415d1) Importer(815301076,1909f56bfc062723c751e8b465ee728b) (PreviewImporter) -> (artifact id: '9f9529546e4b257696f3dc7f5387ccf4') in 0.0153368 seconds
Number of updated asset objects reloaded before import = 0Number of asset objects unloaded after import = 3

========================================================================
Received Import Request.
  Time since last request: 0.000960 seconds.
  path: Assets/SpriteSheets/background/clouds1.png
  artifactKey: Guid(bffe65c064ef6424c859aeb9b53ba556) Importer(815301076,1909f56bfc062723c751e8b465ee728b)
Start importing Assets/SpriteSheets/background/clouds1.png using Guid(bffe65c064ef6424c859aeb9b53ba556) Importer(815301076,1909f56bfc062723c751e8b465ee728b) (PreviewImporter) -> (artifact id: 'a8ab16fcc924284f3e4dc088d523c5ff') in 0.0205659 seconds
Number of updated asset objects reloaded before import = 0Number of asset objects unloaded after import = 3

========================================================================
Received Import Request.
  Time since last request: 0.000024 seconds.
  path: Assets/SpriteSheets/background/jungle_tree1_bg.png
  artifactKey: Guid(b704837bc784bd8499313180849b3f19) Importer(815301076,1909f56bfc062723c751e8b465ee728b)
Start importing Assets/SpriteSheets/background/jungle_tree1_bg.png using Guid(b704837bc784bd8499313180849b3f19) Importer(815301076,1909f56bfc062723c751e8b465ee728b) (PreviewImporter) -> (artifact id: 'fae5ece628ae8fa0f1b999d97ab22c10') in 0.0239384 seconds
Number of updated asset objects reloaded before import = 0Number of asset objects unloaded after import = 3

========================================================================
Received Import Request.
  Time since last request: 0.000042 seconds.
  path: Assets/SpriteSheets/background/jungle_tree2_bg.png
  artifactKey: Guid(bf5f00f9c4c382243892c263f966cc15) Importer(815301076,1909f56bfc062723c751e8b465ee728b)
Start importing Assets/SpriteSheets/background/jungle_tree2_bg.png using Guid(bf5f00f9c4c382243892c263f966cc15) Importer(815301076,1909f56bfc062723c751e8b465ee728b) (PreviewImporter) -> (artifact id: '674e0f93c3b6ceea0d487031e2d78348') in 0.0202434 seconds
Number of updated asset objects reloaded before import = 0Number of asset objects unloaded after import = 3

========================================================================
Received Import Request.
  Time since last request: 0.000022 seconds.
  path: Assets/SpriteSheets/background/jungle_bg_trees.png
  artifactKey: Guid(41e922cfc88d11e4384be4d6c8c3b71a) Importer(815301076,1909f56bfc062723c751e8b465ee728b)
Start importing Assets/SpriteSheets/background/jungle_bg_trees.png using Guid(41e922cfc88d11e4384be4d6c8c3b71a) Importer(815301076,1909f56bfc062723c751e8b465ee728b) (PreviewImporter) -> (artifact id: 'c8800c04799d677377830af11466aea6') in 0.0146206 seconds
Number of updated asset objects reloaded before import = 0Number of asset objects unloaded after import = 3

========================================================================
Received Import Request.
  Time since last request: 0.000023 seconds.
  path: Assets/SpriteSheets/background/tile_cave_blob_1.png
  artifactKey: Guid(ac6800bbc8b7f464399b7ec1ca0e93a2) Importer(815301076,1909f56bfc062723c751e8b465ee728b)
Start importing Assets/SpriteSheets/background/tile_cave_blob_1.png using Guid(ac6800bbc8b7f464399b7ec1ca0e93a2) Importer(815301076,1909f56bfc062723c751e8b465ee728b) (PreviewImporter) -> (artifact id: 'a31dabb6ef4883af27774c3c456e94bc') in 0.0144029 seconds
Number of updated asset objects reloaded before import = 0Number of asset objects unloaded after import = 3

========================================================================
Received Import Request.
  Time since last request: 0.000028 seconds.
  path: Assets/SpriteSheets/background/tile_cave_hole_1.png
  artifactKey: Guid(5be602d79eb514f4cad7e48e2aa5358c) Importer(815301076,1909f56bfc062723c751e8b465ee728b)
Start importing Assets/SpriteSheets/background/tile_cave_hole_1.png using Guid(5be602d79eb514f4cad7e48e2aa5358c) Importer(815301076,1909f56bfc062723c751e8b465ee728b) (PreviewImporter) -> (artifact id: '547df7d2707f752bb536fd605a296e08') in 0.0099372 seconds
Number of updated asset objects reloaded before import = 0Number of asset objects unloaded after import = 3

Editor requested this worker to shutdown with reason: Scaling down because of idle timeout
AssetImportWorker is now disconnected from the server
Process exiting
Exiting without the bug reporter. Application will terminate with return code 0