[Licensing::Module] Trying to connect to existing licensing client channel...
Built from '6000.3/staging' branch; Version is '6000.3.14f1 (d68c3f99a318) revision 14060607'; Using compiler version '194234433'; Build Type 'Release'
OS: 'Windows 11  (10.0.26200) Core' Language: 'en' Physical Memory: 15636 MB
[Licensing::IpcConnector] Successfully connected to: "LicenseClient-doria" at "2026-05-01T20:57:39.0039865Z"
BatchMode: 1, IsHumanControllingUs: 0, StartBugReporterOnCrash: 0, Is64bit: 1
System  architecture: x64
Process architecture: x64
Date: 2026-05-01T20:57:39Z

COMMAND LINE ARGUMENTS:
C:\Program Files\Unity\Hub\Editor\6000.3.14f1\Editor\Unity.exe
-adb2
-batchMode
-noUpm
-name
AssetImportWorker2
-projectPath
C:/Users/doria/Documents/Mercenary/MercenaryTop
-logFile
Logs/AssetImportWorker2.log
-srvPort
64711
-job-worker-count
5
-background-job-worker-count
8
-gc-helper-count
1
-name
AssetImport
Successfully changed project path to: C:/Users/doria/Documents/Mercenary/MercenaryTop
C:/Users/doria/Documents/Mercenary/MercenaryTop
[UnityMemory] Configuration Parameters - Can be set up in boot.config
    "memorysetup-temp-allocator-size-nav-mesh-worker=65536"
    "memorysetup-temp-allocator-size-audio-worker=65536"
    "memorysetup-temp-allocator-size-gfx=262144"
    "memorysetup-allocator-temp-initial-block-size-main=262144"
    "memorysetup-allocator-temp-initial-block-size-worker=262144"
    "memorysetup-temp-allocator-size-background-worker=32768"
    "memorysetup-temp-allocator-size-job-worker=262144"
    "memorysetup-temp-allocator-size-preload-manager=33554432"
    "memorysetup-temp-allocator-size-gi-baking-worker=262144"
    "memorysetup-temp-allocator-size-gi-baking-worker=262144"
    "memorysetup-temp-allocator-size-gi-baking-worker=262144"
    "memorysetup-temp-allocator-size-gi-baking-worker=262144"
    "memorysetup-temp-allocator-size-gi-baking-worker=262144"
    "memorysetup-bucket-allocator-granularity=16"
    "memorysetup-bucket-allocator-bucket-count=8"
    "memorysetup-bucket-allocator-block-size=33554432"
    "memorysetup-bucket-allocator-block-count=8"
    "memorysetup-main-allocator-block-size=16777216"
    "memorysetup-thread-allocator-block-size=16777216"
    "memorysetup-gfx-main-allocator-block-size=16777216"
    "memorysetup-gfx-thread-allocator-block-size=16777216"
    "memorysetup-cache-allocator-block-size=4194304"
    "memorysetup-typetree-allocator-block-size=2097152"
    "memorysetup-profiler-bucket-allocator-granularity=16"
    "memorysetup-profiler-bucket-allocator-bucket-count=8"
    "memorysetup-profiler-bucket-allocator-block-size=33554432"
    "memorysetup-profiler-bucket-allocator-block-count=8"
    "memorysetup-profiler-allocator-block-size=16777216"
    "memorysetup-profiler-editor-allocator-block-size=1048576"
    "memorysetup-temp-allocator-size-main=16777216"
    "memorysetup-job-temp-allocator-block-size=2097152"
    "memorysetup-job-temp-allocator-block-size-background=1048576"
    "memorysetup-job-temp-allocator-reduction-small-platforms=262144"
    "memorysetup-temp-allocator-size-cloud-worker=32768"
Player connection [36248]  Target information:

Player connection [36248]  * "[IP] 172.24.165.133 [Port] 0 [Flags] 2 [Guid] 2302801287 [EditorId] 2302801287 [Version] 1048832 [Id] WindowsEditor(7,WIN-MCABTCBJL24) [Debug] 1 [PackageName] WindowsEditor [ProjectName] Editor" 

Player connection [36248] Host joined multi-casting on [225.0.0.222:54997]...
Player connection [36248] Host joined alternative multi-casting on [225.0.0.222:34997]...
JobSystem: Creating JobQueue using job-worker-count value 5
Input System module state changed to: Initialized.
[Physics::Module] Initialized fallback backend.
[Physics::Module] Id: 0xdecafbad
Library Redirect Path: Library/
[Physics::Module] Selected backend.
[Physics::Module] Name: PhysX
[Physics::Module] Id: 0xf2b8ea05
[Physics::Module] SDK Version: 4.1.2
[Physics::Module] Integration Version: 1.0.0
[Physics::Module] Threading Mode: Multi-Threaded
Refreshing native plugins compatible for Editor in 10.98 ms, found 5 plugins.
Preloading 0 native plugins for Editor in 0.00 ms.
Initialize engine version: 6000.3.14f1 (d68c3f99a318)
[Subsystems] Discovering subsystems at path C:/Program Files/Unity/Hub/Editor/6000.3.14f1/Editor/Data/Resources/UnitySubsystems
[Subsystems] Discovering subsystems at path C:/Users/doria/Documents/Mercenary/MercenaryTop/Assets
GfxDevice: creating device client; kGfxThreadingModeNonThreaded
Direct3D:
    Version:  Direct3D 11.0 [level 11.1]
    Renderer: NVIDIA GeForce RTX 4050 Laptop GPU (ID=0x28e1)
    Vendor:   NVIDIA
    VRAM:     5920 MB
    Driver:   32.0.15.9597
Initialize mono
Mono path[0] = 'C:/Program Files/Unity/Hub/Editor/6000.3.14f1/Editor/Data/Managed'
Mono path[1] = 'C:/Program Files/Unity/Hub/Editor/6000.3.14f1/Editor/Data/MonoBleedingEdge/lib/mono/unityjit-win32'
Mono config path = 'C:/Program Files/Unity/Hub/Editor/6000.3.14f1/Editor/Data/MonoBleedingEdge/etc'
Using monoOptions --debugger-agent=transport=dt_socket,embedding=1,server=y,suspend=n,address=127.0.0.1:56144
Begin MonoManager ReloadAssembly
Registering precompiled unity dll's ...
Register platform support module: C:/Program Files/Unity/Hub/Editor/6000.3.14f1/Editor/Data/PlaybackEngines/WindowsStandaloneSupport/UnityEditor.WindowsStandalone.Extensions.dll
Registered in 0.002445 seconds.
- Loaded All Assemblies, in  0.419 seconds
Native extension for WindowsStandalone target not found
Package Manager log level set to [2]
[Package Manager] Failed to launch server process. Reason: Unity was launched with the -noUpm command-line argument
[Package Manager] Unable to send message (not connected to server process).
[Package Manager] Cannot connect to Unity Package Manager local server
ScheduleIndexationOnStartup MainProcess:False IndexOnStartup:True
Mono: successfully reloaded assembly
- Finished resetting the current domain, in  0.336 seconds
Domain Reload Profiling: 753ms
	BeginReloadAssembly (134ms)
		ExecutionOrderSort (0ms)
		DisableScriptedObjects (0ms)
		BackupInstance (0ms)
		ReleaseScriptingObjects (0ms)
		CreateAndSetChildDomain (1ms)
	RebuildCommonClasses (51ms)
	RebuildNativeTypeToScriptingClass (15ms)
	initialDomainReloadingComplete (59ms)
	LoadAllAssembliesAndSetupDomain (157ms)
		LoadAssemblies (130ms)
		RebuildTransferFunctionScriptingTraits (0ms)
		AnalyzeDomain (153ms)
			TypeCache.Refresh (151ms)
				TypeCache.ScanAssembly (139ms)
			BuildScriptInfoCaches (0ms)
			ResolveRequiredComponents (1ms)
	FinalizeReload (337ms)
		ReleaseScriptCaches (0ms)
		RebuildScriptCaches (0ms)
		SetupLoadedEditorAssemblies (294ms)
			LogAssemblyErrors (0ms)
			InitializePlatformSupportModulesInManaged (38ms)
			SetLoadedEditorAssemblies (3ms)
			BeforeProcessingInitializeOnLoad (68ms)
			ProcessInitializeOnLoadAttributes (110ms)
			ProcessInitializeOnLoadMethodAttributes (76ms)
			AfterProcessingInitializeOnLoad (0ms)
			EditorAssembliesLoaded (0ms)
		ExecutionOrderSort2 (0ms)
		AwakeInstancesAfterBackupRestoration (0ms)
========================================================================
Worker process is ready to serve import requests
Import Worker Mode flag is 0x00
Begin MonoManager ReloadAssembly
[Licensing::Module] Licensing is not yet initialized.
[Licensing::Client] Error: HandshakeResponse reported an error:
	ResponseCode: 505
	ResponseStatus: Unsupported protocol version '1.18.1'.
[Licensing::Module] Error: Failed to handshake to channel: "LicenseClient-doria"
[Licensing::IpcConnector] LicenseClient-doria channel disconnected successfully.
[Licensing::IpcConnector] Successfully connected to: "LicenseClient-doria-6000.3.14" at "2026-05-01T20:57:41.307109Z"
[Licensing::Client] Handshaking with LicensingClient:
  Version:                 1.18.1+9fbee8e
  Session Id:              606e2c62e3d645ec93441184e5606f43
  Correlation Id:          60af9765b9d9faa2d82a85cff8dece01
  External correlation Id: 68164839936590376
  Machine Id:              YQYdrTSTO+zpb+mG0eT2nX0t3CI=
[Licensing::Module] Successfully connected to LicensingClient on channel: "LicenseClient-doria-6000.3.14" (connect: 0.00s, validation: 0.00s, handshake: 1.90s)
[Licensing::IpcConnector] Successfully connected to: "LicenseClient-doria-6000.3.14-notifications" at "2026-05-01T20:57:43.2041485Z"
[Licensing::Module] Licensing Background thread has ended after 4.20s
[Licensing::Module] Licensing is initialized (took 2.28s).
[Licensing::Client] Successfully resolved entitlement details
[Licensing::Module] License group:
  Id: 4673930102445-UnityPersXXXX
  Product: Unity Personal
  Type: Assigned
  Expiration: Unlimited
- Loaded All Assemblies, in  3.015 seconds
Refreshing native plugins compatible for Editor in 2.25 ms, found 5 plugins.
Native extension for WindowsStandalone target not found
[Package Manager] Failed to launch server process. Reason: Unity was launched with the -noUpm command-line argument
[Package Manager] Unable to send message (not connected to server process).
[Package Manager] Cannot connect to Unity Package Manager local server
Refreshing native plugins compatible for Editor in 1.81 ms, found 5 plugins.
[Package Manager] Failed to launch server process. Reason: Unity was launched with the -noUpm command-line argument
[Package Manager] Unable to send message (not connected to server process).
[Package Manager] Cannot connect to Unity Package Manager local server
ScheduleIndexationOnStartup MainProcess:False IndexOnStartup:True
Mono: successfully reloaded assembly
- Finished resetting the current domain, in  0.748 seconds
Domain Reload Profiling: 3758ms
	BeginReloadAssembly (2425ms)
		ExecutionOrderSort (0ms)
		DisableScriptedObjects (4ms)
		BackupInstance (0ms)
		ReleaseScriptingObjects (0ms)
		CreateAndSetChildDomain (29ms)
	RebuildCommonClasses (28ms)
	RebuildNativeTypeToScriptingClass (10ms)
	initialDomainReloadingComplete (36ms)
	LoadAllAssembliesAndSetupDomain (512ms)
		LoadAssemblies (344ms)
		RebuildTransferFunctionScriptingTraits (0ms)
		AnalyzeDomain (244ms)
			TypeCache.Refresh (171ms)
				TypeCache.ScanAssembly (157ms)
			BuildScriptInfoCaches (59ms)
			ResolveRequiredComponents (8ms)
	FinalizeReload (749ms)
		ReleaseScriptCaches (0ms)
		RebuildScriptCaches (0ms)
		SetupLoadedEditorAssemblies (582ms)
			LogAssemblyErrors (0ms)
			InitializePlatformSupportModulesInManaged (2ms)
			SetLoadedEditorAssemblies (4ms)
			BeforeProcessingInitializeOnLoad (140ms)
			ProcessInitializeOnLoadAttributes (304ms)
			ProcessInitializeOnLoadMethodAttributes (126ms)
			AfterProcessingInitializeOnLoad (4ms)
			EditorAssembliesLoaded (0ms)
		ExecutionOrderSort2 (0ms)
		AwakeInstancesAfterBackupRestoration (6ms)
Launched and connected shader compiler UnityShaderCompiler.exe after 0.02 seconds
Refreshing native plugins compatible for Editor in 1.71 ms, found 5 plugins.
Preloading 0 native plugins for Editor in 0.00 ms.
Unloading 16 Unused Serialized files (Serialized files now loaded: 0)
Unloading 7168 unused Assets / (4.9 MB). Loaded Objects now: 7978.
Memory consumption went from 155.5 MB to 150.6 MB.
Total: 8.376300 ms (FindLiveObjects: 0.827700 ms CreateObjectMapping: 0.506000 ms MarkObjects: 4.559500 ms  DeleteObjects: 2.482100 ms)

========================================================================
Received Import Request.
  Time since last request: 689025.811173 seconds.
  path: Assets/SpriteSheets/enemy/grunt.png
  artifactKey: Guid(78593646419db2e458591da5915f2236) Importer(815301076,1909f56bfc062723c751e8b465ee728b)
Start importing Assets/SpriteSheets/enemy/grunt.png using Guid(78593646419db2e458591da5915f2236) Importer(815301076,1909f56bfc062723c751e8b465ee728b) (PreviewImporter) -> (artifact id: '9ee53f83562c3bec5791804fa87c9898') in 0.0920413 seconds
Number of updated asset objects reloaded before import = 0Number of asset objects unloaded after import = 4

========================================================================
Received Import Request.
  Time since last request: 49.696663 seconds.
  path: ProjectSettings/TagManager.asset
  artifactKey: Guid(00000000000000003000000000000000) Importer(815301076,1909f56bfc062723c751e8b465ee728b)
Start importing ProjectSettings/TagManager.asset using Guid(00000000000000003000000000000000) Importer(815301076,1909f56bfc062723c751e8b465ee728b) (PreviewImporter) -> (artifact id: 'e32edefcba505c65d37cd4dcfc5a1d9e') in 0.0014731 seconds
Number of updated asset objects reloaded before import = 0Number of asset objects unloaded after import = 0

========================================================================
Received Import Request.
  Time since last request: 97.583607 seconds.
  path: Assets/Prefags/john.prefab
  artifactKey: Guid(f4a656bdddde6fa45825b68c4c4fb12a) Importer(815301076,1909f56bfc062723c751e8b465ee728b)
Start importing Assets/Prefags/john.prefab using Guid(f4a656bdddde6fa45825b68c4c4fb12a) Importer(815301076,1909f56bfc062723c751e8b465ee728b) (PreviewImporter) -> (artifact id: '7ef320262f3fb5c402c8a68399f54e3d') in 0.3134772 seconds
Number of updated asset objects reloaded before import = 0Number of asset objects unloaded after import = 34

========================================================================
Received Import Request.
  Time since last request: 22.635715 seconds.
  path: Assets/Scripts/CameraFollow.cs
  artifactKey: Guid(675ed77821a50014bb5e3a34b42a68e8) Importer(2089858483,b0f066a214c2f5e87bad3c948f4d605d)
Start importing Assets/Scripts/CameraFollow.cs using Guid(675ed77821a50014bb5e3a34b42a68e8) Importer(2089858483,b0f066a214c2f5e87bad3c948f4d605d) (ScriptedImporter) -> (artifact id: 'ab857de28380924945dcb25f9e506ea1') in 0.0655715 seconds
Number of updated asset objects reloaded before import = 0Number of asset objects unloaded after import = 0

========================================================================
Received Import Request.
  Time since last request: 0.000028 seconds.
  path: Assets/Animations/Die.anim
  artifactKey: Guid(f08d338a74faa754ea0fa9404997fbd0) Importer(2089858483,b0f066a214c2f5e87bad3c948f4d605d)
Start importing Assets/Animations/Die.anim using Guid(f08d338a74faa754ea0fa9404997fbd0) Importer(2089858483,b0f066a214c2f5e87bad3c948f4d605d) (ScriptedImporter) -> (artifact id: '926ec126423470c7b57366fedf6eb6eb') in 0.0227038 seconds
Number of updated asset objects reloaded before import = 0Number of asset objects unloaded after import = 1

========================================================================
Received Import Request.
  Time since last request: 0.000067 seconds.
  path: Assets/SpriteSheets/enemy/grunt.png
  artifactKey: Guid(78593646419db2e458591da5915f2236) Importer(2089858483,b0f066a214c2f5e87bad3c948f4d605d)
Start importing Assets/SpriteSheets/enemy/grunt.png using Guid(78593646419db2e458591da5915f2236) Importer(2089858483,b0f066a214c2f5e87bad3c948f4d605d) (ScriptedImporter) -> (artifact id: 'fd4522c2c08db77306ee71adbae4f4bf') in 0.0424386 seconds
Number of updated asset objects reloaded before import = 0Number of asset objects unloaded after import = 4

========================================================================
Received Import Request.
  Time since last request: 0.000035 seconds.
  path: Assets/SpriteSheets/player/john_defeated.png
  artifactKey: Guid(158c382e8147d9a4fa52bfa275717f21) Importer(2089858483,b0f066a214c2f5e87bad3c948f4d605d)
Start importing Assets/SpriteSheets/player/john_defeated.png using Guid(158c382e8147d9a4fa52bfa275717f21) Importer(2089858483,b0f066a214c2f5e87bad3c948f4d605d) (ScriptedImporter) -> (artifact id: 'a74d2af786e48d3930c2a009d7bf6ba3') in 0.0188736 seconds
Number of updated asset objects reloaded before import = 0Number of asset objects unloaded after import = 12

========================================================================
Received Import Request.
  Time since last request: 0.000027 seconds.
  path: Assets/SpriteSheets/player/john_idle 2.png
  artifactKey: Guid(52b58d02a2697554da9abc1a1d6c83a1) Importer(2089858483,b0f066a214c2f5e87bad3c948f4d605d)
Start importing Assets/SpriteSheets/player/john_idle 2.png using Guid(52b58d02a2697554da9abc1a1d6c83a1) Importer(2089858483,b0f066a214c2f5e87bad3c948f4d605d) (ScriptedImporter) -> (artifact id: '9b01c4698c8b35f5f6bc42c1933083ef') in 0.0135022 seconds
Number of updated asset objects reloaded before import = 0Number of asset objects unloaded after import = 7

========================================================================
Received Import Request.
  Time since last request: 0.000029 seconds.
  path: Assets/Prefags/john.prefab
  artifactKey: Guid(f4a656bdddde6fa45825b68c4c4fb12a) Importer(2089858483,b0f066a214c2f5e87bad3c948f4d605d)
Start importing Assets/Prefags/john.prefab using Guid(f4a656bdddde6fa45825b68c4c4fb12a) Importer(2089858483,b0f066a214c2f5e87bad3c948f4d605d) (ScriptedImporter) -> (artifact id: '99ac6a96f7a768b29d09d07ca375c0f9') in 0.0584299 seconds
Number of updated asset objects reloaded before import = 0Number of asset objects unloaded after import = 19

========================================================================
Received Import Request.
  Time since last request: 0.000039 seconds.
  path: Assets/SpriteSheets/player/john_run.png
  artifactKey: Guid(e491ab10272d3d542afad33eeb7a5abe) Importer(2089858483,b0f066a214c2f5e87bad3c948f4d605d)
Start importing Assets/SpriteSheets/player/john_run.png using Guid(e491ab10272d3d542afad33eeb7a5abe) Importer(2089858483,b0f066a214c2f5e87bad3c948f4d605d) (ScriptedImporter) -> (artifact id: 'fe11a346c7a2e75ef0380ad64e5a7790') in 0.0168839 seconds
Number of updated asset objects reloaded before import = 0Number of asset objects unloaded after import = 12

========================================================================
Received Prepare
Refreshing native plugins compatible for Editor in 1.87 ms, found 5 plugins.
Preloading 0 native plugins for Editor in 0.00 ms.
Unloading 16 Unused Serialized files (Serialized files now loaded: 0)
Unloading 7153 unused Assets / (4.3 MB). Loaded Objects now: 8089.
Memory consumption went from 156.1 MB to 151.8 MB.
Total: 12.356800 ms (FindLiveObjects: 1.004600 ms CreateObjectMapping: 0.414800 ms MarkObjects: 8.178400 ms  DeleteObjects: 2.757400 ms)

Prepare: number of updated asset objects reloaded= 0
========================================================================
Received Import Request.
  Time since last request: 10.989611 seconds.
  path: Assets/Scripts/EnemyMovement.cs
  artifactKey: Guid(94dde27ba6989a947bfc608e8801ba1b) Importer(815301076,1909f56bfc062723c751e8b465ee728b)
Start importing Assets/Scripts/EnemyMovement.cs using Guid(94dde27ba6989a947bfc608e8801ba1b) Importer(815301076,1909f56bfc062723c751e8b465ee728b) (PreviewImporter) -> (artifact id: '7abbfd4692a6ecaa8ba824d929f05988') in 0.0068623 seconds
Number of updated asset objects reloaded before import = 0Number of asset objects unloaded after import = 0

========================================================================
Received Import Request.
  Time since last request: 0.274309 seconds.
  path: Assets/Scripts/EnemyMovement.cs
  artifactKey: Guid(94dde27ba6989a947bfc608e8801ba1b) Importer(2089858483,b0f066a214c2f5e87bad3c948f4d605d)
Start importing Assets/Scripts/EnemyMovement.cs using Guid(94dde27ba6989a947bfc608e8801ba1b) Importer(2089858483,b0f066a214c2f5e87bad3c948f4d605d) (ScriptedImporter) -> (artifact id: 'cd5064a8a40981b410f69b4e77f94137') in 0.0040075 seconds
Number of updated asset objects reloaded before import = 0Number of asset objects unloaded after import = 0

========================================================================
Received Prepare
Begin MonoManager ReloadAssembly
[Licensing::Client] Successfully resolved entitlement details
- Loaded All Assemblies, in  1.133 seconds
Refreshing native plugins compatible for Editor in 2.81 ms, found 5 plugins.
Native extension for WindowsStandalone target not found
[Package Manager] Failed to launch server process. Reason: Unity was launched with the -noUpm command-line argument
[Package Manager] Unable to send message (not connected to server process).
[Package Manager] Cannot connect to Unity Package Manager local server
[Package Manager] Failed to launch server process. Reason: Unity was launched with the -noUpm command-line argument
[Package Manager] Unable to send message (not connected to server process).
[Package Manager] Cannot connect to Unity Package Manager local server
ScheduleIndexationOnStartup MainProcess:False IndexOnStartup:True
Mono: successfully reloaded assembly
- Finished resetting the current domain, in  0.947 seconds
Domain Reload Profiling: 2080ms
	BeginReloadAssembly (305ms)
		ExecutionOrderSort (0ms)
		DisableScriptedObjects (38ms)
		BackupInstance (0ms)
		ReleaseScriptingObjects (0ms)
		CreateAndSetChildDomain (95ms)
	RebuildCommonClasses (64ms)
	RebuildNativeTypeToScriptingClass (21ms)
	initialDomainReloadingComplete (44ms)
	LoadAllAssembliesAndSetupDomain (699ms)
		LoadAssemblies (506ms)
		RebuildTransferFunctionScriptingTraits (0ms)
		AnalyzeDomain (297ms)
			TypeCache.Refresh (11ms)
				TypeCache.ScanAssembly (0ms)
			BuildScriptInfoCaches (267ms)
			ResolveRequiredComponents (13ms)
	FinalizeReload (947ms)
		ReleaseScriptCaches (0ms)
		RebuildScriptCaches (0ms)
		SetupLoadedEditorAssemblies (729ms)
			LogAssemblyErrors (0ms)
			InitializePlatformSupportModulesInManaged (4ms)
			SetLoadedEditorAssemblies (5ms)
			BeforeProcessingInitializeOnLoad (186ms)
			ProcessInitializeOnLoadAttributes (419ms)
			ProcessInitializeOnLoadMethodAttributes (107ms)
			AfterProcessingInitializeOnLoad (8ms)
			EditorAssembliesLoaded (0ms)
		ExecutionOrderSort2 (0ms)
		AwakeInstancesAfterBackupRestoration (23ms)
Refreshing native plugins compatible for Editor in 2.75 ms, found 5 plugins.
Preloading 0 native plugins for Editor in 0.00 ms.
Unloading 16 Unused Serialized files (Serialized files now loaded: 0)
Unloading 7167 unused Assets / (4.9 MB). Loaded Objects now: 8020.
Memory consumption went from 158.5 MB to 153.6 MB.
Total: 13.113600 ms (FindLiveObjects: 1.540300 ms CreateObjectMapping: 0.873800 ms MarkObjects: 7.290900 ms  DeleteObjects: 3.406900 ms)

Prepare: number of updated asset objects reloaded= 0
========================================================================
Received Import Request.
  Time since last request: 9.378750 seconds.
  path: Assets/Scripts/EnemyMovement.cs
  artifactKey: Guid(94dde27ba6989a947bfc608e8801ba1b) Importer(815301076,1909f56bfc062723c751e8b465ee728b)
Start importing Assets/Scripts/EnemyMovement.cs using Guid(94dde27ba6989a947bfc608e8801ba1b) Importer(815301076,1909f56bfc062723c751e8b465ee728b) (PreviewImporter) -> (artifact id: '00000000000000000000000000000000') in 0.0106733 seconds
Import Error Code:(4)
Message: Build asset version error: assets/scripts/enemymovement.cs in SourceAssetDB has modification time of '2026-05-01T21:01:36.1309522Z' while content on disk has modification time of '2026-05-01T21:01:46.6376486Z'
  ERROR: Build asset version error: assets/scripts/enemymovement.cs in SourceAssetDB has modification time of '2026-05-01T21:01:36.1309522Z' while content on disk has modification time of '2026-05-01T21:01:46.6376486Z'
Number of updated asset objects reloaded before import = 0Number of asset objects unloaded after import = 0

========================================================================
Received Import Request.
  Time since last request: 0.000018 seconds.
  path: Assets/Scripts/EnemyMovement.cs
  artifactKey: Guid(94dde27ba6989a947bfc608e8801ba1b) Importer(815301076,1909f56bfc062723c751e8b465ee728b)
Start importing Assets/Scripts/EnemyMovement.cs using Guid(94dde27ba6989a947bfc608e8801ba1b) Importer(815301076,1909f56bfc062723c751e8b465ee728b) (PreviewImporter) -> (artifact id: '00000000000000000000000000000000') in 0.000587 seconds
Import Error Code:(4)
Message: Build asset version error: assets/scripts/enemymovement.cs in SourceAssetDB has modification time of '2026-05-01T21:01:36.1309522Z' while content on disk has modification time of '2026-05-01T21:01:46.6376486Z'
  ERROR: Build asset version error: assets/scripts/enemymovement.cs in SourceAssetDB has modification time of '2026-05-01T21:01:36.1309522Z' while content on disk has modification time of '2026-05-01T21:01:46.6376486Z'
Number of updated asset objects reloaded before import = 0Number of asset objects unloaded after import = 0

========================================================================
Received Import Request.
  Time since last request: 0.000015 seconds.
  path: Assets/Scripts/EnemyMovement.cs
  artifactKey: Guid(94dde27ba6989a947bfc608e8801ba1b) Importer(815301076,1909f56bfc062723c751e8b465ee728b)
Start importing Assets/Scripts/EnemyMovement.cs using Guid(94dde27ba6989a947bfc608e8801ba1b) Importer(815301076,1909f56bfc062723c751e8b465ee728b) (PreviewImporter) -> (artifact id: '00000000000000000000000000000000') in 0.0005893 seconds
Import Error Code:(4)
Message: Build asset version error: assets/scripts/enemymovement.cs in SourceAssetDB has modification time of '2026-05-01T21:01:36.1309522Z' while content on disk has modification time of '2026-05-01T21:01:46.6376486Z'
  ERROR: Build asset version error: assets/scripts/enemymovement.cs in SourceAssetDB has modification time of '2026-05-01T21:01:36.1309522Z' while content on disk has modification time of '2026-05-01T21:01:46.6376486Z'
Number of updated asset objects reloaded before import = 0Number of asset objects unloaded after import = 0

========================================================================
Received Import Request.
  Time since last request: 0.000015 seconds.
  path: Assets/Scripts/EnemyMovement.cs
  artifactKey: Guid(94dde27ba6989a947bfc608e8801ba1b) Importer(815301076,1909f56bfc062723c751e8b465ee728b)
Start importing Assets/Scripts/EnemyMovement.cs using Guid(94dde27ba6989a947bfc608e8801ba1b) Importer(815301076,1909f56bfc062723c751e8b465ee728b) (PreviewImporter) -> (artifact id: '00000000000000000000000000000000') in 0.0006459 seconds
Import Error Code:(4)
Message: Build asset version error: assets/scripts/enemymovement.cs in SourceAssetDB has modification time of '2026-05-01T21:01:36.1309522Z' while content on disk has modification time of '2026-05-01T21:01:46.6376486Z'
  ERROR: Build asset version error: assets/scripts/enemymovement.cs in SourceAssetDB has modification time of '2026-05-01T21:01:36.1309522Z' while content on disk has modification time of '2026-05-01T21:01:46.6376486Z'
Number of updated asset objects reloaded before import = 0Number of asset objects unloaded after import = 0

========================================================================
Received Import Request.
  Time since last request: 0.000018 seconds.
  path: Assets/Scripts/EnemyMovement.cs
  artifactKey: Guid(94dde27ba6989a947bfc608e8801ba1b) Importer(815301076,1909f56bfc062723c751e8b465ee728b)
Start importing Assets/Scripts/EnemyMovement.cs using Guid(94dde27ba6989a947bfc608e8801ba1b) Importer(815301076,1909f56bfc062723c751e8b465ee728b) (PreviewImporter) -> (artifact id: '00000000000000000000000000000000') in 0.0006752 seconds
Import Error Code:(4)
Message: Build asset version error: assets/scripts/enemymovement.cs in SourceAssetDB has modification time of '2026-05-01T21:01:36.1309522Z' while content on disk has modification time of '2026-05-01T21:01:46.6376486Z'
  ERROR: Build asset version error: assets/scripts/enemymovement.cs in SourceAssetDB has modification time of '2026-05-01T21:01:36.1309522Z' while content on disk has modification time of '2026-05-01T21:01:46.6376486Z'
Number of updated asset objects reloaded before import = 0Number of asset objects unloaded after import = 0

========================================================================
Received Import Request.
  Time since last request: 0.000043 seconds.
  path: Assets/Scripts/EnemyMovement.cs
  artifactKey: Guid(94dde27ba6989a947bfc608e8801ba1b) Importer(815301076,1909f56bfc062723c751e8b465ee728b)
Start importing Assets/Scripts/EnemyMovement.cs using Guid(94dde27ba6989a947bfc608e8801ba1b) Importer(815301076,1909f56bfc062723c751e8b465ee728b) (PreviewImporter) -> (artifact id: '00000000000000000000000000000000') in 0.0007327 seconds
Import Error Code:(4)
Message: Build asset version error: assets/scripts/enemymovement.cs in SourceAssetDB has modification time of '2026-05-01T21:01:36.1309522Z' while content on disk has modification time of '2026-05-01T21:01:46.6376486Z'
  ERROR: Build asset version error: assets/scripts/enemymovement.cs in SourceAssetDB has modification time of '2026-05-01T21:01:36.1309522Z' while content on disk has modification time of '2026-05-01T21:01:46.6376486Z'
Number of updated asset objects reloaded before import = 0Number of asset objects unloaded after import = 0

========================================================================
Received Import Request.
  Time since last request: 0.000016 seconds.
  path: Assets/Scripts/EnemyMovement.cs
  artifactKey: Guid(94dde27ba6989a947bfc608e8801ba1b) Importer(815301076,1909f56bfc062723c751e8b465ee728b)
Start importing Assets/Scripts/EnemyMovement.cs using Guid(94dde27ba6989a947bfc608e8801ba1b) Importer(815301076,1909f56bfc062723c751e8b465ee728b) (PreviewImporter) -> (artifact id: '00000000000000000000000000000000') in 0.000756 seconds
Import Error Code:(4)
Message: Build asset version error: assets/scripts/enemymovement.cs in SourceAssetDB has modification time of '2026-05-01T21:01:36.1309522Z' while content on disk has modification time of '2026-05-01T21:01:46.6376486Z'
  ERROR: Build asset version error: assets/scripts/enemymovement.cs in SourceAssetDB has modification time of '2026-05-01T21:01:36.1309522Z' while content on disk has modification time of '2026-05-01T21:01:46.6376486Z'
Number of updated asset objects reloaded before import = 0Number of asset objects unloaded after import = 0

========================================================================
Received Import Request.
  Time since last request: 0.000014 seconds.
  path: Assets/Scripts/EnemyMovement.cs
  artifactKey: Guid(94dde27ba6989a947bfc608e8801ba1b) Importer(815301076,1909f56bfc062723c751e8b465ee728b)
Start importing Assets/Scripts/EnemyMovement.cs using Guid(94dde27ba6989a947bfc608e8801ba1b) Importer(815301076,1909f56bfc062723c751e8b465ee728b) (PreviewImporter) -> (artifact id: '00000000000000000000000000000000') in 0.0006189 seconds
Import Error Code:(4)
Message: Build asset version error: assets/scripts/enemymovement.cs in SourceAssetDB has modification time of '2026-05-01T21:01:36.1309522Z' while content on disk has modification time of '2026-05-01T21:01:46.6376486Z'
  ERROR: Build asset version error: assets/scripts/enemymovement.cs in SourceAssetDB has modification time of '2026-05-01T21:01:36.1309522Z' while content on disk has modification time of '2026-05-01T21:01:46.6376486Z'
Number of updated asset objects reloaded before import = 0Number of asset objects unloaded after import = 0

========================================================================
Received Import Request.
  Time since last request: 0.000017 seconds.
  path: Assets/Scripts/EnemyMovement.cs
  artifactKey: Guid(94dde27ba6989a947bfc608e8801ba1b) Importer(815301076,1909f56bfc062723c751e8b465ee728b)
Start importing Assets/Scripts/EnemyMovement.cs using Guid(94dde27ba6989a947bfc608e8801ba1b) Importer(815301076,1909f56bfc062723c751e8b465ee728b) (PreviewImporter) -> (artifact id: '00000000000000000000000000000000') in 0.0005989 seconds
Import Error Code:(4)
Message: Build asset version error: assets/scripts/enemymovement.cs in SourceAssetDB has modification time of '2026-05-01T21:01:36.1309522Z' while content on disk has modification time of '2026-05-01T21:01:46.6376486Z'
  ERROR: Build asset version error: assets/scripts/enemymovement.cs in SourceAssetDB has modification time of '2026-05-01T21:01:36.1309522Z' while content on disk has modification time of '2026-05-01T21:01:46.6376486Z'
Number of updated asset objects reloaded before import = 0Number of asset objects unloaded after import = 0

========================================================================
Received Import Request.
  Time since last request: 0.000015 seconds.
  path: Assets/Scripts/EnemyMovement.cs
  artifactKey: Guid(94dde27ba6989a947bfc608e8801ba1b) Importer(815301076,1909f56bfc062723c751e8b465ee728b)
Start importing Assets/Scripts/EnemyMovement.cs using Guid(94dde27ba6989a947bfc608e8801ba1b) Importer(815301076,1909f56bfc062723c751e8b465ee728b) (PreviewImporter) -> (artifact id: '00000000000000000000000000000000') in 0.0006831 seconds
Import Error Code:(4)
Message: Build asset version error: assets/scripts/enemymovement.cs in SourceAssetDB has modification time of '2026-05-01T21:01:36.1309522Z' while content on disk has modification time of '2026-05-01T21:01:46.6376486Z'
  ERROR: Build asset version error: assets/scripts/enemymovement.cs in SourceAssetDB has modification time of '2026-05-01T21:01:36.1309522Z' while content on disk has modification time of '2026-05-01T21:01:46.6376486Z'
Number of updated asset objects reloaded before import = 0Number of asset objects unloaded after import = 0

========================================================================
Received Import Request.
  Time since last request: 0.000022 seconds.
  path: Assets/Scripts/EnemyMovement.cs
  artifactKey: Guid(94dde27ba6989a947bfc608e8801ba1b) Importer(815301076,1909f56bfc062723c751e8b465ee728b)
Start importing Assets/Scripts/EnemyMovement.cs using Guid(94dde27ba6989a947bfc608e8801ba1b) Importer(815301076,1909f56bfc062723c751e8b465ee728b) (PreviewImporter) -> (artifact id: '00000000000000000000000000000000') in 0.0006799 seconds
Import Error Code:(4)
Message: Build asset version error: assets/scripts/enemymovement.cs in SourceAssetDB has modification time of '2026-05-01T21:01:36.1309522Z' while content on disk has modification time of '2026-05-01T21:01:46.6376486Z'
  ERROR: Build asset version error: assets/scripts/enemymovement.cs in SourceAssetDB has modification time of '2026-05-01T21:01:36.1309522Z' while content on disk has modification time of '2026-05-01T21:01:46.6376486Z'
Number of updated asset objects reloaded before import = 0Number of asset objects unloaded after import = 0

========================================================================
Received Import Request.
  Time since last request: 0.000036 seconds.
  path: Assets/Scripts/EnemyMovement.cs
  artifactKey: Guid(94dde27ba6989a947bfc608e8801ba1b) Importer(815301076,1909f56bfc062723c751e8b465ee728b)
Start importing Assets/Scripts/EnemyMovement.cs using Guid(94dde27ba6989a947bfc608e8801ba1b) Importer(815301076,1909f56bfc062723c751e8b465ee728b) (PreviewImporter) -> (artifact id: '00000000000000000000000000000000') in 0.0007565 seconds
Import Error Code:(4)
Message: Build asset version error: assets/scripts/enemymovement.cs in SourceAssetDB has modification time of '2026-05-01T21:01:36.1309522Z' while content on disk has modification time of '2026-05-01T21:01:46.6376486Z'
  ERROR: Build asset version error: assets/scripts/enemymovement.cs in SourceAssetDB has modification time of '2026-05-01T21:01:36.1309522Z' while content on disk has modification time of '2026-05-01T21:01:46.6376486Z'
Number of updated asset objects reloaded before import = 0Number of asset objects unloaded after import = 0

========================================================================
Received Import Request.
  Time since last request: 0.000082 seconds.
  path: Assets/Scripts/EnemyMovement.cs
  artifactKey: Guid(94dde27ba6989a947bfc608e8801ba1b) Importer(815301076,1909f56bfc062723c751e8b465ee728b)
Start importing Assets/Scripts/EnemyMovement.cs using Guid(94dde27ba6989a947bfc608e8801ba1b) Importer(815301076,1909f56bfc062723c751e8b465ee728b) (PreviewImporter) -> (artifact id: '00000000000000000000000000000000') in 0.0007312 seconds
Import Error Code:(4)
Message: Build asset version error: assets/scripts/enemymovement.cs in SourceAssetDB has modification time of '2026-05-01T21:01:36.1309522Z' while content on disk has modification time of '2026-05-01T21:01:46.6376486Z'
  ERROR: Build asset version error: assets/scripts/enemymovement.cs in SourceAssetDB has modification time of '2026-05-01T21:01:36.1309522Z' while content on disk has modification time of '2026-05-01T21:01:46.6376486Z'
Number of updated asset objects reloaded before import = 0Number of asset objects unloaded after import = 0

========================================================================
Received Import Request.
  Time since last request: 0.000014 seconds.
  path: Assets/Scripts/EnemyMovement.cs
  artifactKey: Guid(94dde27ba6989a947bfc608e8801ba1b) Importer(815301076,1909f56bfc062723c751e8b465ee728b)
Start importing Assets/Scripts/EnemyMovement.cs using Guid(94dde27ba6989a947bfc608e8801ba1b) Importer(815301076,1909f56bfc062723c751e8b465ee728b) (PreviewImporter) -> (artifact id: '00000000000000000000000000000000') in 0.0006208 seconds
Import Error Code:(4)
Message: Build asset version error: assets/scripts/enemymovement.cs in SourceAssetDB has modification time of '2026-05-01T21:01:36.1309522Z' while content on disk has modification time of '2026-05-01T21:01:46.6376486Z'
  ERROR: Build asset version error: assets/scripts/enemymovement.cs in SourceAssetDB has modification time of '2026-05-01T21:01:36.1309522Z' while content on disk has modification time of '2026-05-01T21:01:46.6376486Z'
Number of updated asset objects reloaded before import = 0Number of asset objects unloaded after import = 0

========================================================================
Received Import Request.
  Time since last request: 0.000016 seconds.
  path: Assets/Scripts/EnemyMovement.cs
  artifactKey: Guid(94dde27ba6989a947bfc608e8801ba1b) Importer(815301076,1909f56bfc062723c751e8b465ee728b)
Start importing Assets/Scripts/EnemyMovement.cs using Guid(94dde27ba6989a947bfc608e8801ba1b) Importer(815301076,1909f56bfc062723c751e8b465ee728b) (PreviewImporter) -> (artifact id: '00000000000000000000000000000000') in 0.0007373 seconds
Import Error Code:(4)
Message: Build asset version error: assets/scripts/enemymovement.cs in SourceAssetDB has modification time of '2026-05-01T21:01:36.1309522Z' while content on disk has modification time of '2026-05-01T21:01:46.6376486Z'
  ERROR: Build asset version error: assets/scripts/enemymovement.cs in SourceAssetDB has modification time of '2026-05-01T21:01:36.1309522Z' while content on disk has modification time of '2026-05-01T21:01:46.6376486Z'
Number of updated asset objects reloaded before import = 0Number of asset objects unloaded after import = 0

========================================================================
Received Import Request.
  Time since last request: 0.000018 seconds.
  path: Assets/Scripts/EnemyMovement.cs
  artifactKey: Guid(94dde27ba6989a947bfc608e8801ba1b) Importer(815301076,1909f56bfc062723c751e8b465ee728b)
Start importing Assets/Scripts/EnemyMovement.cs using Guid(94dde27ba6989a947bfc608e8801ba1b) Importer(815301076,1909f56bfc062723c751e8b465ee728b) (PreviewImporter) -> (artifact id: '00000000000000000000000000000000') in 0.0008127 seconds
Import Error Code:(4)
Message: Build asset version error: assets/scripts/enemymovement.cs in SourceAssetDB has modification time of '2026-05-01T21:01:36.1309522Z' while content on disk has modification time of '2026-05-01T21:01:46.6376486Z'
  ERROR: Build asset version error: assets/scripts/enemymovement.cs in SourceAssetDB has modification time of '2026-05-01T21:01:36.1309522Z' while content on disk has modification time of '2026-05-01T21:01:46.6376486Z'
Number of updated asset objects reloaded before import = 0Number of asset objects unloaded after import = 0

========================================================================
Received Import Request.
  Time since last request: 0.000019 seconds.
  path: Assets/Scripts/EnemyMovement.cs
  artifactKey: Guid(94dde27ba6989a947bfc608e8801ba1b) Importer(815301076,1909f56bfc062723c751e8b465ee728b)
Start importing Assets/Scripts/EnemyMovement.cs using Guid(94dde27ba6989a947bfc608e8801ba1b) Importer(815301076,1909f56bfc062723c751e8b465ee728b) (PreviewImporter) -> (artifact id: '00000000000000000000000000000000') in 0.0007106 seconds
Import Error Code:(4)
Message: Build asset version error: assets/scripts/enemymovement.cs in SourceAssetDB has modification time of '2026-05-01T21:01:36.1309522Z' while content on disk has modification time of '2026-05-01T21:01:46.6376486Z'
  ERROR: Build asset version error: assets/scripts/enemymovement.cs in SourceAssetDB has modification time of '2026-05-01T21:01:36.1309522Z' while content on disk has modification time of '2026-05-01T21:01:46.6376486Z'
Number of updated asset objects reloaded before import = 0Number of asset objects unloaded after import = 0

========================================================================
Received Import Request.
  Time since last request: 0.000033 seconds.
  path: Assets/Scripts/EnemyMovement.cs
  artifactKey: Guid(94dde27ba6989a947bfc608e8801ba1b) Importer(815301076,1909f56bfc062723c751e8b465ee728b)
Start importing Assets/Scripts/EnemyMovement.cs using Guid(94dde27ba6989a947bfc608e8801ba1b) Importer(815301076,1909f56bfc062723c751e8b465ee728b) (PreviewImporter) -> (artifact id: '00000000000000000000000000000000') in 0.0006249 seconds
Import Error Code:(4)
Message: Build asset version error: assets/scripts/enemymovement.cs in SourceAssetDB has modification time of '2026-05-01T21:01:36.1309522Z' while content on disk has modification time of '2026-05-01T21:01:46.6376486Z'
  ERROR: Build asset version error: assets/scripts/enemymovement.cs in SourceAssetDB has modification time of '2026-05-01T21:01:36.1309522Z' while content on disk has modification time of '2026-05-01T21:01:46.6376486Z'
Number of updated asset objects reloaded before import = 0Number of asset objects unloaded after import = 0

========================================================================
Received Import Request.
  Time since last request: 0.000018 seconds.
  path: Assets/Scripts/EnemyMovement.cs
  artifactKey: Guid(94dde27ba6989a947bfc608e8801ba1b) Importer(815301076,1909f56bfc062723c751e8b465ee728b)
Start importing Assets/Scripts/EnemyMovement.cs using Guid(94dde27ba6989a947bfc608e8801ba1b) Importer(815301076,1909f56bfc062723c751e8b465ee728b) (PreviewImporter) -> (artifact id: '00000000000000000000000000000000') in 0.0007735 seconds
Import Error Code:(4)
Message: Build asset version error: assets/scripts/enemymovement.cs in SourceAssetDB has modification time of '2026-05-01T21:01:36.1309522Z' while content on disk has modification time of '2026-05-01T21:01:46.6376486Z'
  ERROR: Build asset version error: assets/scripts/enemymovement.cs in SourceAssetDB has modification time of '2026-05-01T21:01:36.1309522Z' while content on disk has modification time of '2026-05-01T21:01:46.6376486Z'
Number of updated asset objects reloaded before import = 0Number of asset objects unloaded after import = 0

========================================================================
Received Import Request.
  Time since last request: 0.000015 seconds.
  path: Assets/Scripts/EnemyMovement.cs
  artifactKey: Guid(94dde27ba6989a947bfc608e8801ba1b) Importer(815301076,1909f56bfc062723c751e8b465ee728b)
Start importing Assets/Scripts/EnemyMovement.cs using Guid(94dde27ba6989a947bfc608e8801ba1b) Importer(815301076,1909f56bfc062723c751e8b465ee728b) (PreviewImporter) -> (artifact id: '00000000000000000000000000000000') in 0.0006745 seconds
Import Error Code:(4)
Message: Build asset version error: assets/scripts/enemymovement.cs in SourceAssetDB has modification time of '2026-05-01T21:01:36.1309522Z' while content on disk has modification time of '2026-05-01T21:01:46.6376486Z'
  ERROR: Build asset version error: assets/scripts/enemymovement.cs in SourceAssetDB has modification time of '2026-05-01T21:01:36.1309522Z' while content on disk has modification time of '2026-05-01T21:01:46.6376486Z'
Number of updated asset objects reloaded before import = 0Number of asset objects unloaded after import = 0

========================================================================
Received Import Request.
  Time since last request: 0.000022 seconds.
  path: Assets/Scripts/EnemyMovement.cs
  artifactKey: Guid(94dde27ba6989a947bfc608e8801ba1b) Importer(815301076,1909f56bfc062723c751e8b465ee728b)
Start importing Assets/Scripts/EnemyMovement.cs using Guid(94dde27ba6989a947bfc608e8801ba1b) Importer(815301076,1909f56bfc062723c751e8b465ee728b) (PreviewImporter) -> (artifact id: '00000000000000000000000000000000') in 0.0007555 seconds
Import Error Code:(4)
Message: Build asset version error: assets/scripts/enemymovement.cs in SourceAssetDB has modification time of '2026-05-01T21:01:36.1309522Z' while content on disk has modification time of '2026-05-01T21:01:46.6376486Z'
  ERROR: Build asset version error: assets/scripts/enemymovement.cs in SourceAssetDB has modification time of '2026-05-01T21:01:36.1309522Z' while content on disk has modification time of '2026-05-01T21:01:46.6376486Z'
Number of updated asset objects reloaded before import = 0Number of asset objects unloaded after import = 0

========================================================================
Received Import Request.
  Time since last request: 0.000022 seconds.
  path: Assets/Scripts/EnemyMovement.cs
  artifactKey: Guid(94dde27ba6989a947bfc608e8801ba1b) Importer(815301076,1909f56bfc062723c751e8b465ee728b)
Start importing Assets/Scripts/EnemyMovement.cs using Guid(94dde27ba6989a947bfc608e8801ba1b) Importer(815301076,1909f56bfc062723c751e8b465ee728b) (PreviewImporter) -> (artifact id: '00000000000000000000000000000000') in 0.0006641 seconds
Import Error Code:(4)
Message: Build asset version error: assets/scripts/enemymovement.cs in SourceAssetDB has modification time of '2026-05-01T21:01:36.1309522Z' while content on disk has modification time of '2026-05-01T21:01:46.6376486Z'
  ERROR: Build asset version error: assets/scripts/enemymovement.cs in SourceAssetDB has modification time of '2026-05-01T21:01:36.1309522Z' while content on disk has modification time of '2026-05-01T21:01:46.6376486Z'
Number of updated asset objects reloaded before import = 0Number of asset objects unloaded after import = 0

========================================================================
Received Import Request.
  Time since last request: 0.000032 seconds.
  path: Assets/Scripts/EnemyMovement.cs
  artifactKey: Guid(94dde27ba6989a947bfc608e8801ba1b) Importer(815301076,1909f56bfc062723c751e8b465ee728b)
Start importing Assets/Scripts/EnemyMovement.cs using Guid(94dde27ba6989a947bfc608e8801ba1b) Importer(815301076,1909f56bfc062723c751e8b465ee728b) (PreviewImporter) -> (artifact id: '00000000000000000000000000000000') in 0.0008499 seconds
Import Error Code:(4)
Message: Build asset version error: assets/scripts/enemymovement.cs in SourceAssetDB has modification time of '2026-05-01T21:01:36.1309522Z' while content on disk has modification time of '2026-05-01T21:01:46.6376486Z'
  ERROR: Build asset version error: assets/scripts/enemymovement.cs in SourceAssetDB has modification time of '2026-05-01T21:01:36.1309522Z' while content on disk has modification time of '2026-05-01T21:01:46.6376486Z'
Number of updated asset objects reloaded before import = 0Number of asset objects unloaded after import = 0

========================================================================
Received Import Request.
  Time since last request: 0.000021 seconds.
  path: Assets/Scripts/EnemyMovement.cs
  artifactKey: Guid(94dde27ba6989a947bfc608e8801ba1b) Importer(815301076,1909f56bfc062723c751e8b465ee728b)
Start importing Assets/Scripts/EnemyMovement.cs using Guid(94dde27ba6989a947bfc608e8801ba1b) Importer(815301076,1909f56bfc062723c751e8b465ee728b) (PreviewImporter) -> (artifact id: '00000000000000000000000000000000') in 0.0007932 seconds
Import Error Code:(4)
Message: Build asset version error: assets/scripts/enemymovement.cs in SourceAssetDB has modification time of '2026-05-01T21:01:36.1309522Z' while content on disk has modification time of '2026-05-01T21:01:46.6376486Z'
  ERROR: Build asset version error: assets/scripts/enemymovement.cs in SourceAssetDB has modification time of '2026-05-01T21:01:36.1309522Z' while content on disk has modification time of '2026-05-01T21:01:46.6376486Z'
Number of updated asset objects reloaded before import = 0Number of asset objects unloaded after import = 0

========================================================================
Received Import Request.
  Time since last request: 0.000019 seconds.
  path: Assets/Scripts/EnemyMovement.cs
  artifactKey: Guid(94dde27ba6989a947bfc608e8801ba1b) Importer(815301076,1909f56bfc062723c751e8b465ee728b)
Start importing Assets/Scripts/EnemyMovement.cs using Guid(94dde27ba6989a947bfc608e8801ba1b) Importer(815301076,1909f56bfc062723c751e8b465ee728b) (PreviewImporter) -> (artifact id: '00000000000000000000000000000000') in 0.000769 seconds
Import Error Code:(4)
Message: Build asset version error: assets/scripts/enemymovement.cs in SourceAssetDB has modification time of '2026-05-01T21:01:36.1309522Z' while content on disk has modification time of '2026-05-01T21:01:46.6376486Z'
  ERROR: Build asset version error: assets/scripts/enemymovement.cs in SourceAssetDB has modification time of '2026-05-01T21:01:36.1309522Z' while content on disk has modification time of '2026-05-01T21:01:46.6376486Z'
Number of updated asset objects reloaded before import = 0Number of asset objects unloaded after import = 0

========================================================================
Received Import Request.
  Time since last request: 0.000016 seconds.
  path: Assets/Scripts/EnemyMovement.cs
  artifactKey: Guid(94dde27ba6989a947bfc608e8801ba1b) Importer(815301076,1909f56bfc062723c751e8b465ee728b)
Start importing Assets/Scripts/EnemyMovement.cs using Guid(94dde27ba6989a947bfc608e8801ba1b) Importer(815301076,1909f56bfc062723c751e8b465ee728b) (PreviewImporter) -> (artifact id: '00000000000000000000000000000000') in 0.0006865 seconds
Import Error Code:(4)
Message: Build asset version error: assets/scripts/enemymovement.cs in SourceAssetDB has modification time of '2026-05-01T21:01:36.1309522Z' while content on disk has modification time of '2026-05-01T21:01:46.6376486Z'
  ERROR: Build asset version error: assets/scripts/enemymovement.cs in SourceAssetDB has modification time of '2026-05-01T21:01:36.1309522Z' while content on disk has modification time of '2026-05-01T21:01:46.6376486Z'
Number of updated asset objects reloaded before import = 0Number of asset objects unloaded after import = 0

========================================================================
Received Import Request.
  Time since last request: 0.000023 seconds.
  path: Assets/Scripts/EnemyMovement.cs
  artifactKey: Guid(94dde27ba6989a947bfc608e8801ba1b) Importer(815301076,1909f56bfc062723c751e8b465ee728b)
Start importing Assets/Scripts/EnemyMovement.cs using Guid(94dde27ba6989a947bfc608e8801ba1b) Importer(815301076,1909f56bfc062723c751e8b465ee728b) (PreviewImporter) -> (artifact id: '00000000000000000000000000000000') in 0.0006961 seconds
Import Error Code:(4)
Message: Build asset version error: assets/scripts/enemymovement.cs in SourceAssetDB has modification time of '2026-05-01T21:01:36.1309522Z' while content on disk has modification time of '2026-05-01T21:01:46.6376486Z'
  ERROR: Build asset version error: assets/scripts/enemymovement.cs in SourceAssetDB has modification time of '2026-05-01T21:01:36.1309522Z' while content on disk has modification time of '2026-05-01T21:01:46.6376486Z'
Number of updated asset objects reloaded before import = 0Number of asset objects unloaded after import = 0

========================================================================
Received Import Request.
  Time since last request: 0.000024 seconds.
  path: Assets/Scripts/EnemyMovement.cs
  artifactKey: Guid(94dde27ba6989a947bfc608e8801ba1b) Importer(815301076,1909f56bfc062723c751e8b465ee728b)
Start importing Assets/Scripts/EnemyMovement.cs using Guid(94dde27ba6989a947bfc608e8801ba1b) Importer(815301076,1909f56bfc062723c751e8b465ee728b) (PreviewImporter) -> (artifact id: '00000000000000000000000000000000') in 0.0006649 seconds
Import Error Code:(4)
Message: Build asset version error: assets/scripts/enemymovement.cs in SourceAssetDB has modification time of '2026-05-01T21:01:36.1309522Z' while content on disk has modification time of '2026-05-01T21:01:46.6376486Z'
  ERROR: Build asset version error: assets/scripts/enemymovement.cs in SourceAssetDB has modification time of '2026-05-01T21:01:36.1309522Z' while content on disk has modification time of '2026-05-01T21:01:46.6376486Z'
Number of updated asset objects reloaded before import = 0Number of asset objects unloaded after import = 0

========================================================================
Received Import Request.
  Time since last request: 0.000015 seconds.
  path: Assets/Scripts/EnemyMovement.cs
  artifactKey: Guid(94dde27ba6989a947bfc608e8801ba1b) Importer(815301076,1909f56bfc062723c751e8b465ee728b)
Start importing Assets/Scripts/EnemyMovement.cs using Guid(94dde27ba6989a947bfc608e8801ba1b) Importer(815301076,1909f56bfc062723c751e8b465ee728b) (PreviewImporter) -> (artifact id: '00000000000000000000000000000000') in 0.0005895 seconds
Import Error Code:(4)
Message: Build asset version error: assets/scripts/enemymovement.cs in SourceAssetDB has modification time of '2026-05-01T21:01:36.1309522Z' while content on disk has modification time of '2026-05-01T21:01:46.6376486Z'
  ERROR: Build asset version error: assets/scripts/enemymovement.cs in SourceAssetDB has modification time of '2026-05-01T21:01:36.1309522Z' while content on disk has modification time of '2026-05-01T21:01:46.6376486Z'
Number of updated asset objects reloaded before import = 0Number of asset objects unloaded after import = 0

========================================================================
Received Import Request.
  Time since last request: 0.000024 seconds.
  path: Assets/Scripts/EnemyMovement.cs
  artifactKey: Guid(94dde27ba6989a947bfc608e8801ba1b) Importer(815301076,1909f56bfc062723c751e8b465ee728b)
Start importing Assets/Scripts/EnemyMovement.cs using Guid(94dde27ba6989a947bfc608e8801ba1b) Importer(815301076,1909f56bfc062723c751e8b465ee728b) (PreviewImporter) -> (artifact id: '00000000000000000000000000000000') in 0.0006839 seconds
Import Error Code:(4)
Message: Build asset version error: assets/scripts/enemymovement.cs in SourceAssetDB has modification time of '2026-05-01T21:01:36.1309522Z' while content on disk has modification time of '2026-05-01T21:01:46.6376486Z'
  ERROR: Build asset version error: assets/scripts/enemymovement.cs in SourceAssetDB has modification time of '2026-05-01T21:01:36.1309522Z' while content on disk has modification time of '2026-05-01T21:01:46.6376486Z'
Number of updated asset objects reloaded before import = 0Number of asset objects unloaded after import = 0

========================================================================
Received Import Request.
  Time since last request: 0.000015 seconds.
  path: Assets/Scripts/EnemyMovement.cs
  artifactKey: Guid(94dde27ba6989a947bfc608e8801ba1b) Importer(815301076,1909f56bfc062723c751e8b465ee728b)
Start importing Assets/Scripts/EnemyMovement.cs using Guid(94dde27ba6989a947bfc608e8801ba1b) Importer(815301076,1909f56bfc062723c751e8b465ee728b) (PreviewImporter) -> (artifact id: '00000000000000000000000000000000') in 0.0005877 seconds
Import Error Code:(4)
Message: Build asset version error: assets/scripts/enemymovement.cs in SourceAssetDB has modification time of '2026-05-01T21:01:36.1309522Z' while content on disk has modification time of '2026-05-01T21:01:46.6376486Z'
  ERROR: Build asset version error: assets/scripts/enemymovement.cs in SourceAssetDB has modification time of '2026-05-01T21:01:36.1309522Z' while content on disk has modification time of '2026-05-01T21:01:46.6376486Z'
Number of updated asset objects reloaded before import = 0Number of asset objects unloaded after import = 0

========================================================================
Received Import Request.
  Time since last request: 0.000016 seconds.
  path: Assets/Scripts/EnemyMovement.cs
  artifactKey: Guid(94dde27ba6989a947bfc608e8801ba1b) Importer(815301076,1909f56bfc062723c751e8b465ee728b)
Start importing Assets/Scripts/EnemyMovement.cs using Guid(94dde27ba6989a947bfc608e8801ba1b) Importer(815301076,1909f56bfc062723c751e8b465ee728b) (PreviewImporter) -> (artifact id: '00000000000000000000000000000000') in 0.0007338 seconds
Import Error Code:(4)
Message: Build asset version error: assets/scripts/enemymovement.cs in SourceAssetDB has modification time of '2026-05-01T21:01:36.1309522Z' while content on disk has modification time of '2026-05-01T21:01:46.6376486Z'
  ERROR: Build asset version error: assets/scripts/enemymovement.cs in SourceAssetDB has modification time of '2026-05-01T21:01:36.1309522Z' while content on disk has modification time of '2026-05-01T21:01:46.6376486Z'
Number of updated asset objects reloaded before import = 0Number of asset objects unloaded after import = 0

========================================================================
Received Import Request.
  Time since last request: 0.000018 seconds.
  path: Assets/Scripts/EnemyMovement.cs
  artifactKey: Guid(94dde27ba6989a947bfc608e8801ba1b) Importer(815301076,1909f56bfc062723c751e8b465ee728b)
Start importing Assets/Scripts/EnemyMovement.cs using Guid(94dde27ba6989a947bfc608e8801ba1b) Importer(815301076,1909f56bfc062723c751e8b465ee728b) (PreviewImporter) -> (artifact id: '00000000000000000000000000000000') in 0.0006113 seconds
Import Error Code:(4)
Message: Build asset version error: assets/scripts/enemymovement.cs in SourceAssetDB has modification time of '2026-05-01T21:01:36.1309522Z' while content on disk has modification time of '2026-05-01T21:01:46.6376486Z'
  ERROR: Build asset version error: assets/scripts/enemymovement.cs in SourceAssetDB has modification time of '2026-05-01T21:01:36.1309522Z' while content on disk has modification time of '2026-05-01T21:01:46.6376486Z'
Number of updated asset objects reloaded before import = 0Number of asset objects unloaded after import = 0

========================================================================
Received Import Request.
  Time since last request: 0.000025 seconds.
  path: Assets/Scripts/EnemyMovement.cs
  artifactKey: Guid(94dde27ba6989a947bfc608e8801ba1b) Importer(815301076,1909f56bfc062723c751e8b465ee728b)
Start importing Assets/Scripts/EnemyMovement.cs using Guid(94dde27ba6989a947bfc608e8801ba1b) Importer(815301076,1909f56bfc062723c751e8b465ee728b) (PreviewImporter) -> (artifact id: '00000000000000000000000000000000') in 0.0008493 seconds
Import Error Code:(4)
Message: Build asset version error: assets/scripts/enemymovement.cs in SourceAssetDB has modification time of '2026-05-01T21:01:36.1309522Z' while content on disk has modification time of '2026-05-01T21:01:46.6376486Z'
  ERROR: Build asset version error: assets/scripts/enemymovement.cs in SourceAssetDB has modification time of '2026-05-01T21:01:36.1309522Z' while content on disk has modification time of '2026-05-01T21:01:46.6376486Z'
Number of updated asset objects reloaded before import = 0Number of asset objects unloaded after import = 0

========================================================================
Received Import Request.
  Time since last request: 0.000023 seconds.
  path: Assets/Scripts/EnemyMovement.cs
  artifactKey: Guid(94dde27ba6989a947bfc608e8801ba1b) Importer(815301076,1909f56bfc062723c751e8b465ee728b)
Start importing Assets/Scripts/EnemyMovement.cs using Guid(94dde27ba6989a947bfc608e8801ba1b) Importer(815301076,1909f56bfc062723c751e8b465ee728b) (PreviewImporter) -> (artifact id: '00000000000000000000000000000000') in 0.0008987 seconds
Import Error Code:(4)
Message: Build asset version error: assets/scripts/enemymovement.cs in SourceAssetDB has modification time of '2026-05-01T21:01:36.1309522Z' while content on disk has modification time of '2026-05-01T21:01:46.6376486Z'
  ERROR: Build asset version error: assets/scripts/enemymovement.cs in SourceAssetDB has modification time of '2026-05-01T21:01:36.1309522Z' while content on disk has modification time of '2026-05-01T21:01:46.6376486Z'
Number of updated asset objects reloaded before import = 0Number of asset objects unloaded after import = 0

========================================================================
Received Import Request.
  Time since last request: 0.000014 seconds.
  path: Assets/Scripts/EnemyMovement.cs
  artifactKey: Guid(94dde27ba6989a947bfc608e8801ba1b) Importer(815301076,1909f56bfc062723c751e8b465ee728b)
Start importing Assets/Scripts/EnemyMovement.cs using Guid(94dde27ba6989a947bfc608e8801ba1b) Importer(815301076,1909f56bfc062723c751e8b465ee728b) (PreviewImporter) -> (artifact id: '00000000000000000000000000000000') in 0.0006184 seconds
Import Error Code:(4)
Message: Build asset version error: assets/scripts/enemymovement.cs in SourceAssetDB has modification time of '2026-05-01T21:01:36.1309522Z' while content on disk has modification time of '2026-05-01T21:01:46.6376486Z'
  ERROR: Build asset version error: assets/scripts/enemymovement.cs in SourceAssetDB has modification time of '2026-05-01T21:01:36.1309522Z' while content on disk has modification time of '2026-05-01T21:01:46.6376486Z'
Number of updated asset objects reloaded before import = 0Number of asset objects unloaded after import = 0

========================================================================
Received Import Request.
  Time since last request: 0.000014 seconds.
  path: Assets/Scripts/EnemyMovement.cs
  artifactKey: Guid(94dde27ba6989a947bfc608e8801ba1b) Importer(815301076,1909f56bfc062723c751e8b465ee728b)
Start importing Assets/Scripts/EnemyMovement.cs using Guid(94dde27ba6989a947bfc608e8801ba1b) Importer(815301076,1909f56bfc062723c751e8b465ee728b) (PreviewImporter) -> (artifact id: '00000000000000000000000000000000') in 0.0006775 seconds
Import Error Code:(4)
Message: Build asset version error: assets/scripts/enemymovement.cs in SourceAssetDB has modification time of '2026-05-01T21:01:36.1309522Z' while content on disk has modification time of '2026-05-01T21:01:46.6376486Z'
  ERROR: Build asset version error: assets/scripts/enemymovement.cs in SourceAssetDB has modification time of '2026-05-01T21:01:36.1309522Z' while content on disk has modification time of '2026-05-01T21:01:46.6376486Z'
Number of updated asset objects reloaded before import = 0Number of asset objects unloaded after import = 0

========================================================================
Received Import Request.
  Time since last request: 0.000022 seconds.
  path: Assets/Scripts/EnemyMovement.cs
  artifactKey: Guid(94dde27ba6989a947bfc608e8801ba1b) Importer(815301076,1909f56bfc062723c751e8b465ee728b)
Start importing Assets/Scripts/EnemyMovement.cs using Guid(94dde27ba6989a947bfc608e8801ba1b) Importer(815301076,1909f56bfc062723c751e8b465ee728b) (PreviewImporter) -> (artifact id: '00000000000000000000000000000000') in 0.0007024 seconds
Import Error Code:(4)
Message: Build asset version error: assets/scripts/enemymovement.cs in SourceAssetDB has modification time of '2026-05-01T21:01:36.1309522Z' while content on disk has modification time of '2026-05-01T21:01:46.6376486Z'
  ERROR: Build asset version error: assets/scripts/enemymovement.cs in SourceAssetDB has modification time of '2026-05-01T21:01:36.1309522Z' while content on disk has modification time of '2026-05-01T21:01:46.6376486Z'
Number of updated asset objects reloaded before import = 0Number of asset objects unloaded after import = 0

========================================================================
Received Import Request.
  Time since last request: 0.000018 seconds.
  path: Assets/Scripts/EnemyMovement.cs
  artifactKey: Guid(94dde27ba6989a947bfc608e8801ba1b) Importer(815301076,1909f56bfc062723c751e8b465ee728b)
Start importing Assets/Scripts/EnemyMovement.cs using Guid(94dde27ba6989a947bfc608e8801ba1b) Importer(815301076,1909f56bfc062723c751e8b465ee728b) (PreviewImporter) -> (artifact id: '00000000000000000000000000000000') in 0.0006112 seconds
Import Error Code:(4)
Message: Build asset version error: assets/scripts/enemymovement.cs in SourceAssetDB has modification time of '2026-05-01T21:01:36.1309522Z' while content on disk has modification time of '2026-05-01T21:01:46.6376486Z'
  ERROR: Build asset version error: assets/scripts/enemymovement.cs in SourceAssetDB has modification time of '2026-05-01T21:01:36.1309522Z' while content on disk has modification time of '2026-05-01T21:01:46.6376486Z'
Number of updated asset objects reloaded before import = 0Number of asset objects unloaded after import = 0

========================================================================
Received Import Request.
  Time since last request: 0.000031 seconds.
  path: Assets/Scripts/EnemyMovement.cs
  artifactKey: Guid(94dde27ba6989a947bfc608e8801ba1b) Importer(815301076,1909f56bfc062723c751e8b465ee728b)
Start importing Assets/Scripts/EnemyMovement.cs using Guid(94dde27ba6989a947bfc608e8801ba1b) Importer(815301076,1909f56bfc062723c751e8b465ee728b) (PreviewImporter) -> (artifact id: '00000000000000000000000000000000') in 0.000578 seconds
Import Error Code:(4)
Message: Build asset version error: assets/scripts/enemymovement.cs in SourceAssetDB has modification time of '2026-05-01T21:01:36.1309522Z' while content on disk has modification time of '2026-05-01T21:01:46.6376486Z'
  ERROR: Build asset version error: assets/scripts/enemymovement.cs in SourceAssetDB has modification time of '2026-05-01T21:01:36.1309522Z' while content on disk has modification time of '2026-05-01T21:01:46.6376486Z'
Number of updated asset objects reloaded before import = 0Number of asset objects unloaded after import = 0

========================================================================
Received Import Request.
  Time since last request: 0.000017 seconds.
  path: Assets/Scripts/EnemyMovement.cs
  artifactKey: Guid(94dde27ba6989a947bfc608e8801ba1b) Importer(815301076,1909f56bfc062723c751e8b465ee728b)
Start importing Assets/Scripts/EnemyMovement.cs using Guid(94dde27ba6989a947bfc608e8801ba1b) Importer(815301076,1909f56bfc062723c751e8b465ee728b) (PreviewImporter) -> (artifact id: '00000000000000000000000000000000') in 0.0007518 seconds
Import Error Code:(4)
Message: Build asset version error: assets/scripts/enemymovement.cs in SourceAssetDB has modification time of '2026-05-01T21:01:36.1309522Z' while content on disk has modification time of '2026-05-01T21:01:46.6376486Z'
  ERROR: Build asset version error: assets/scripts/enemymovement.cs in SourceAssetDB has modification time of '2026-05-01T21:01:36.1309522Z' while content on disk has modification time of '2026-05-01T21:01:46.6376486Z'
Number of updated asset objects reloaded before import = 0Number of asset objects unloaded after import = 0

========================================================================
Received Import Request.
  Time since last request: 0.000033 seconds.
  path: Assets/Scripts/EnemyMovement.cs
  artifactKey: Guid(94dde27ba6989a947bfc608e8801ba1b) Importer(815301076,1909f56bfc062723c751e8b465ee728b)
Start importing Assets/Scripts/EnemyMovement.cs using Guid(94dde27ba6989a947bfc608e8801ba1b) Importer(815301076,1909f56bfc062723c751e8b465ee728b) (PreviewImporter) -> (artifact id: '00000000000000000000000000000000') in 0.0005542 seconds
Import Error Code:(4)
Message: Build asset version error: assets/scripts/enemymovement.cs in SourceAssetDB has modification time of '2026-05-01T21:01:36.1309522Z' while content on disk has modification time of '2026-05-01T21:01:46.6376486Z'
  ERROR: Build asset version error: assets/scripts/enemymovement.cs in SourceAssetDB has modification time of '2026-05-01T21:01:36.1309522Z' while content on disk has modification time of '2026-05-01T21:01:46.6376486Z'
Number of updated asset objects reloaded before import = 0Number of asset objects unloaded after import = 0

========================================================================
Received Import Request.
  Time since last request: 0.000018 seconds.
  path: Assets/Scripts/EnemyMovement.cs
  artifactKey: Guid(94dde27ba6989a947bfc608e8801ba1b) Importer(815301076,1909f56bfc062723c751e8b465ee728b)
Start importing Assets/Scripts/EnemyMovement.cs using Guid(94dde27ba6989a947bfc608e8801ba1b) Importer(815301076,1909f56bfc062723c751e8b465ee728b) (PreviewImporter) -> (artifact id: '00000000000000000000000000000000') in 0.0006455 seconds
Import Error Code:(4)
Message: Build asset version error: assets/scripts/enemymovement.cs in SourceAssetDB has modification time of '2026-05-01T21:01:36.1309522Z' while content on disk has modification time of '2026-05-01T21:01:46.6376486Z'
  ERROR: Build asset version error: assets/scripts/enemymovement.cs in SourceAssetDB has modification time of '2026-05-01T21:01:36.1309522Z' while content on disk has modification time of '2026-05-01T21:01:46.6376486Z'
Number of updated asset objects reloaded before import = 0Number of asset objects unloaded after import = 0

========================================================================
Received Import Request.
  Time since last request: 0.000020 seconds.
  path: Assets/Scripts/EnemyMovement.cs
  artifactKey: Guid(94dde27ba6989a947bfc608e8801ba1b) Importer(815301076,1909f56bfc062723c751e8b465ee728b)
Start importing Assets/Scripts/EnemyMovement.cs using Guid(94dde27ba6989a947bfc608e8801ba1b) Importer(815301076,1909f56bfc062723c751e8b465ee728b) (PreviewImporter) -> (artifact id: '00000000000000000000000000000000') in 0.0007311 seconds
Import Error Code:(4)
Message: Build asset version error: assets/scripts/enemymovement.cs in SourceAssetDB has modification time of '2026-05-01T21:01:36.1309522Z' while content on disk has modification time of '2026-05-01T21:01:46.6376486Z'
  ERROR: Build asset version error: assets/scripts/enemymovement.cs in SourceAssetDB has modification time of '2026-05-01T21:01:36.1309522Z' while content on disk has modification time of '2026-05-01T21:01:46.6376486Z'
Number of updated asset objects reloaded before import = 0Number of asset objects unloaded after import = 0

========================================================================
Received Import Request.
  Time since last request: 0.000022 seconds.
  path: Assets/Scripts/EnemyMovement.cs
  artifactKey: Guid(94dde27ba6989a947bfc608e8801ba1b) Importer(815301076,1909f56bfc062723c751e8b465ee728b)
Start importing Assets/Scripts/EnemyMovement.cs using Guid(94dde27ba6989a947bfc608e8801ba1b) Importer(815301076,1909f56bfc062723c751e8b465ee728b) (PreviewImporter) -> (artifact id: '00000000000000000000000000000000') in 0.0006203 seconds
Import Error Code:(4)
Message: Build asset version error: assets/scripts/enemymovement.cs in SourceAssetDB has modification time of '2026-05-01T21:01:36.1309522Z' while content on disk has modification time of '2026-05-01T21:01:46.6376486Z'
  ERROR: Build asset version error: assets/scripts/enemymovement.cs in SourceAssetDB has modification time of '2026-05-01T21:01:36.1309522Z' while content on disk has modification time of '2026-05-01T21:01:46.6376486Z'
Number of updated asset objects reloaded before import = 0Number of asset objects unloaded after import = 0

========================================================================
Received Import Request.
  Time since last request: 0.000028 seconds.
  path: Assets/Scripts/EnemyMovement.cs
  artifactKey: Guid(94dde27ba6989a947bfc608e8801ba1b) Importer(815301076,1909f56bfc062723c751e8b465ee728b)
Start importing Assets/Scripts/EnemyMovement.cs using Guid(94dde27ba6989a947bfc608e8801ba1b) Importer(815301076,1909f56bfc062723c751e8b465ee728b) (PreviewImporter) -> (artifact id: '00000000000000000000000000000000') in 0.0006403 seconds
Import Error Code:(4)
Message: Build asset version error: assets/scripts/enemymovement.cs in SourceAssetDB has modification time of '2026-05-01T21:01:36.1309522Z' while content on disk has modification time of '2026-05-01T21:01:46.6376486Z'
  ERROR: Build asset version error: assets/scripts/enemymovement.cs in SourceAssetDB has modification time of '2026-05-01T21:01:36.1309522Z' while content on disk has modification time of '2026-05-01T21:01:46.6376486Z'
Number of updated asset objects reloaded before import = 0Number of asset objects unloaded after import = 0

========================================================================
Received Import Request.
  Time since last request: 0.000048 seconds.
  path: Assets/Scripts/EnemyMovement.cs
  artifactKey: Guid(94dde27ba6989a947bfc608e8801ba1b) Importer(815301076,1909f56bfc062723c751e8b465ee728b)
Start importing Assets/Scripts/EnemyMovement.cs using Guid(94dde27ba6989a947bfc608e8801ba1b) Importer(815301076,1909f56bfc062723c751e8b465ee728b) (PreviewImporter) -> (artifact id: '00000000000000000000000000000000') in 0.0007474 seconds
Import Error Code:(4)
Message: Build asset version error: assets/scripts/enemymovement.cs in SourceAssetDB has modification time of '2026-05-01T21:01:36.1309522Z' while content on disk has modification time of '2026-05-01T21:01:46.6376486Z'
  ERROR: Build asset version error: assets/scripts/enemymovement.cs in SourceAssetDB has modification time of '2026-05-01T21:01:36.1309522Z' while content on disk has modification time of '2026-05-01T21:01:46.6376486Z'
Number of updated asset objects reloaded before import = 0Number of asset objects unloaded after import = 0

========================================================================
Received Import Request.
  Time since last request: 0.000017 seconds.
  path: Assets/Scripts/EnemyMovement.cs
  artifactKey: Guid(94dde27ba6989a947bfc608e8801ba1b) Importer(815301076,1909f56bfc062723c751e8b465ee728b)
Start importing Assets/Scripts/EnemyMovement.cs using Guid(94dde27ba6989a947bfc608e8801ba1b) Importer(815301076,1909f56bfc062723c751e8b465ee728b) (PreviewImporter) -> (artifact id: '00000000000000000000000000000000') in 0.0005431 seconds
Import Error Code:(4)
Message: Build asset version error: assets/scripts/enemymovement.cs in SourceAssetDB has modification time of '2026-05-01T21:01:36.1309522Z' while content on disk has modification time of '2026-05-01T21:01:46.6376486Z'
  ERROR: Build asset version error: assets/scripts/enemymovement.cs in SourceAssetDB has modification time of '2026-05-01T21:01:36.1309522Z' while content on disk has modification time of '2026-05-01T21:01:46.6376486Z'
Number of updated asset objects reloaded before import = 0Number of asset objects unloaded after import = 0

========================================================================
Received Import Request.
  Time since last request: 0.000020 seconds.
  path: Assets/Scripts/EnemyMovement.cs
  artifactKey: Guid(94dde27ba6989a947bfc608e8801ba1b) Importer(815301076,1909f56bfc062723c751e8b465ee728b)
Start importing Assets/Scripts/EnemyMovement.cs using Guid(94dde27ba6989a947bfc608e8801ba1b) Importer(815301076,1909f56bfc062723c751e8b465ee728b) (PreviewImporter) -> (artifact id: '00000000000000000000000000000000') in 0.0006045 seconds
Import Error Code:(4)
Message: Build asset version error: assets/scripts/enemymovement.cs in SourceAssetDB has modification time of '2026-05-01T21:01:36.1309522Z' while content on disk has modification time of '2026-05-01T21:01:46.6376486Z'
  ERROR: Build asset version error: assets/scripts/enemymovement.cs in SourceAssetDB has modification time of '2026-05-01T21:01:36.1309522Z' while content on disk has modification time of '2026-05-01T21:01:46.6376486Z'
Number of updated asset objects reloaded before import = 0Number of asset objects unloaded after import = 0

========================================================================
Received Import Request.
  Time since last request: 0.000018 seconds.
  path: Assets/Scripts/EnemyMovement.cs
  artifactKey: Guid(94dde27ba6989a947bfc608e8801ba1b) Importer(815301076,1909f56bfc062723c751e8b465ee728b)
Start importing Assets/Scripts/EnemyMovement.cs using Guid(94dde27ba6989a947bfc608e8801ba1b) Importer(815301076,1909f56bfc062723c751e8b465ee728b) (PreviewImporter) -> (artifact id: '00000000000000000000000000000000') in 0.0007083 seconds
Import Error Code:(4)
Message: Build asset version error: assets/scripts/enemymovement.cs in SourceAssetDB has modification time of '2026-05-01T21:01:36.1309522Z' while content on disk has modification time of '2026-05-01T21:01:46.6376486Z'
  ERROR: Build asset version error: assets/scripts/enemymovement.cs in SourceAssetDB has modification time of '2026-05-01T21:01:36.1309522Z' while content on disk has modification time of '2026-05-01T21:01:46.6376486Z'
Number of updated asset objects reloaded before import = 0Number of asset objects unloaded after import = 0

========================================================================
Received Import Request.
  Time since last request: 0.000018 seconds.
  path: Assets/Scripts/EnemyMovement.cs
  artifactKey: Guid(94dde27ba6989a947bfc608e8801ba1b) Importer(815301076,1909f56bfc062723c751e8b465ee728b)
Start importing Assets/Scripts/EnemyMovement.cs using Guid(94dde27ba6989a947bfc608e8801ba1b) Importer(815301076,1909f56bfc062723c751e8b465ee728b) (PreviewImporter) -> (artifact id: '00000000000000000000000000000000') in 0.0007676 seconds
Import Error Code:(4)
Message: Build asset version error: assets/scripts/enemymovement.cs in SourceAssetDB has modification time of '2026-05-01T21:01:36.1309522Z' while content on disk has modification time of '2026-05-01T21:01:46.6376486Z'
  ERROR: Build asset version error: assets/scripts/enemymovement.cs in SourceAssetDB has modification time of '2026-05-01T21:01:36.1309522Z' while content on disk has modification time of '2026-05-01T21:01:46.6376486Z'
Number of updated asset objects reloaded before import = 0Number of asset objects unloaded after import = 0

========================================================================
Received Import Request.
  Time since last request: 0.000023 seconds.
  path: Assets/Scripts/EnemyMovement.cs
  artifactKey: Guid(94dde27ba6989a947bfc608e8801ba1b) Importer(815301076,1909f56bfc062723c751e8b465ee728b)
Start importing Assets/Scripts/EnemyMovement.cs using Guid(94dde27ba6989a947bfc608e8801ba1b) Importer(815301076,1909f56bfc062723c751e8b465ee728b) (PreviewImporter) -> (artifact id: '00000000000000000000000000000000') in 0.0007065 seconds
Import Error Code:(4)
Message: Build asset version error: assets/scripts/enemymovement.cs in SourceAssetDB has modification time of '2026-05-01T21:01:36.1309522Z' while content on disk has modification time of '2026-05-01T21:01:46.6376486Z'
  ERROR: Build asset version error: assets/scripts/enemymovement.cs in SourceAssetDB has modification time of '2026-05-01T21:01:36.1309522Z' while content on disk has modification time of '2026-05-01T21:01:46.6376486Z'
Number of updated asset objects reloaded before import = 0Number of asset objects unloaded after import = 0

========================================================================
Received Import Request.
  Time since last request: 0.000013 seconds.
  path: Assets/Scripts/EnemyMovement.cs
  artifactKey: Guid(94dde27ba6989a947bfc608e8801ba1b) Importer(815301076,1909f56bfc062723c751e8b465ee728b)
Start importing Assets/Scripts/EnemyMovement.cs using Guid(94dde27ba6989a947bfc608e8801ba1b) Importer(815301076,1909f56bfc062723c751e8b465ee728b) (PreviewImporter) -> (artifact id: '00000000000000000000000000000000') in 0.0007464 seconds
Import Error Code:(4)
Message: Build asset version error: assets/scripts/enemymovement.cs in SourceAssetDB has modification time of '2026-05-01T21:01:36.1309522Z' while content on disk has modification time of '2026-05-01T21:01:46.6376486Z'
  ERROR: Build asset version error: assets/scripts/enemymovement.cs in SourceAssetDB has modification time of '2026-05-01T21:01:36.1309522Z' while content on disk has modification time of '2026-05-01T21:01:46.6376486Z'
Number of updated asset objects reloaded before import = 0Number of asset objects unloaded after import = 0

========================================================================
Received Import Request.
  Time since last request: 0.000018 seconds.
  path: Assets/Scripts/EnemyMovement.cs
  artifactKey: Guid(94dde27ba6989a947bfc608e8801ba1b) Importer(815301076,1909f56bfc062723c751e8b465ee728b)
Start importing Assets/Scripts/EnemyMovement.cs using Guid(94dde27ba6989a947bfc608e8801ba1b) Importer(815301076,1909f56bfc062723c751e8b465ee728b) (PreviewImporter) -> (artifact id: '00000000000000000000000000000000') in 0.00071 seconds
Import Error Code:(4)
Message: Build asset version error: assets/scripts/enemymovement.cs in SourceAssetDB has modification time of '2026-05-01T21:01:36.1309522Z' while content on disk has modification time of '2026-05-01T21:01:46.6376486Z'
  ERROR: Build asset version error: assets/scripts/enemymovement.cs in SourceAssetDB has modification time of '2026-05-01T21:01:36.1309522Z' while content on disk has modification time of '2026-05-01T21:01:46.6376486Z'
Number of updated asset objects reloaded before import = 0Number of asset objects unloaded after import = 0

========================================================================
Received Import Request.
  Time since last request: 0.000018 seconds.
  path: Assets/Scripts/EnemyMovement.cs
  artifactKey: Guid(94dde27ba6989a947bfc608e8801ba1b) Importer(815301076,1909f56bfc062723c751e8b465ee728b)
Start importing Assets/Scripts/EnemyMovement.cs using Guid(94dde27ba6989a947bfc608e8801ba1b) Importer(815301076,1909f56bfc062723c751e8b465ee728b) (PreviewImporter) -> (artifact id: '00000000000000000000000000000000') in 0.0005889 seconds
Import Error Code:(4)
Message: Build asset version error: assets/scripts/enemymovement.cs in SourceAssetDB has modification time of '2026-05-01T21:01:36.1309522Z' while content on disk has modification time of '2026-05-01T21:01:46.6376486Z'
  ERROR: Build asset version error: assets/scripts/enemymovement.cs in SourceAssetDB has modification time of '2026-05-01T21:01:36.1309522Z' while content on disk has modification time of '2026-05-01T21:01:46.6376486Z'
Number of updated asset objects reloaded before import = 0Number of asset objects unloaded after import = 0

========================================================================
Received Import Request.
  Time since last request: 0.000016 seconds.
  path: Assets/Scripts/EnemyMovement.cs
  artifactKey: Guid(94dde27ba6989a947bfc608e8801ba1b) Importer(815301076,1909f56bfc062723c751e8b465ee728b)
Start importing Assets/Scripts/EnemyMovement.cs using Guid(94dde27ba6989a947bfc608e8801ba1b) Importer(815301076,1909f56bfc062723c751e8b465ee728b) (PreviewImporter) -> (artifact id: '00000000000000000000000000000000') in 0.0006562 seconds
Import Error Code:(4)
Message: Build asset version error: assets/scripts/enemymovement.cs in SourceAssetDB has modification time of '2026-05-01T21:01:36.1309522Z' while content on disk has modification time of '2026-05-01T21:01:46.6376486Z'
  ERROR: Build asset version error: assets/scripts/enemymovement.cs in SourceAssetDB has modification time of '2026-05-01T21:01:36.1309522Z' while content on disk has modification time of '2026-05-01T21:01:46.6376486Z'
Number of updated asset objects reloaded before import = 0Number of asset objects unloaded after import = 0

========================================================================
Received Import Request.
  Time since last request: 0.000022 seconds.
  path: Assets/Scripts/EnemyMovement.cs
  artifactKey: Guid(94dde27ba6989a947bfc608e8801ba1b) Importer(815301076,1909f56bfc062723c751e8b465ee728b)
Start importing Assets/Scripts/EnemyMovement.cs using Guid(94dde27ba6989a947bfc608e8801ba1b) Importer(815301076,1909f56bfc062723c751e8b465ee728b) (PreviewImporter) -> (artifact id: '00000000000000000000000000000000') in 0.0008493 seconds
Import Error Code:(4)
Message: Build asset version error: assets/scripts/enemymovement.cs in SourceAssetDB has modification time of '2026-05-01T21:01:36.1309522Z' while content on disk has modification time of '2026-05-01T21:01:46.6376486Z'
  ERROR: Build asset version error: assets/scripts/enemymovement.cs in SourceAssetDB has modification time of '2026-05-01T21:01:36.1309522Z' while content on disk has modification time of '2026-05-01T21:01:46.6376486Z'
Number of updated asset objects reloaded before import = 0Number of asset objects unloaded after import = 0

========================================================================
Received Import Request.
  Time since last request: 0.000024 seconds.
  path: Assets/Scripts/EnemyMovement.cs
  artifactKey: Guid(94dde27ba6989a947bfc608e8801ba1b) Importer(815301076,1909f56bfc062723c751e8b465ee728b)
Start importing Assets/Scripts/EnemyMovement.cs using Guid(94dde27ba6989a947bfc608e8801ba1b) Importer(815301076,1909f56bfc062723c751e8b465ee728b) (PreviewImporter) -> (artifact id: '00000000000000000000000000000000') in 0.0006495 seconds
Import Error Code:(4)
Message: Build asset version error: assets/scripts/enemymovement.cs in SourceAssetDB has modification time of '2026-05-01T21:01:36.1309522Z' while content on disk has modification time of '2026-05-01T21:01:46.6376486Z'
  ERROR: Build asset version error: assets/scripts/enemymovement.cs in SourceAssetDB has modification time of '2026-05-01T21:01:36.1309522Z' while content on disk has modification time of '2026-05-01T21:01:46.6376486Z'
Number of updated asset objects reloaded before import = 0Number of asset objects unloaded after import = 0

========================================================================
Received Import Request.
  Time since last request: 0.000023 seconds.
  path: Assets/Scripts/EnemyMovement.cs
  artifactKey: Guid(94dde27ba6989a947bfc608e8801ba1b) Importer(815301076,1909f56bfc062723c751e8b465ee728b)
Start importing Assets/Scripts/EnemyMovement.cs using Guid(94dde27ba6989a947bfc608e8801ba1b) Importer(815301076,1909f56bfc062723c751e8b465ee728b) (PreviewImporter) -> (artifact id: '00000000000000000000000000000000') in 0.0006799 seconds
Import Error Code:(4)
Message: Build asset version error: assets/scripts/enemymovement.cs in SourceAssetDB has modification time of '2026-05-01T21:01:36.1309522Z' while content on disk has modification time of '2026-05-01T21:01:46.6376486Z'
  ERROR: Build asset version error: assets/scripts/enemymovement.cs in SourceAssetDB has modification time of '2026-05-01T21:01:36.1309522Z' while content on disk has modification time of '2026-05-01T21:01:46.6376486Z'
Number of updated asset objects reloaded before import = 0Number of asset objects unloaded after import = 0

========================================================================
Received Import Request.
  Time since last request: 0.000015 seconds.
  path: Assets/Scripts/EnemyMovement.cs
  artifactKey: Guid(94dde27ba6989a947bfc608e8801ba1b) Importer(815301076,1909f56bfc062723c751e8b465ee728b)
Start importing Assets/Scripts/EnemyMovement.cs using Guid(94dde27ba6989a947bfc608e8801ba1b) Importer(815301076,1909f56bfc062723c751e8b465ee728b) (PreviewImporter) -> (artifact id: '00000000000000000000000000000000') in 0.0005767 seconds
Import Error Code:(4)
Message: Build asset version error: assets/scripts/enemymovement.cs in SourceAssetDB has modification time of '2026-05-01T21:01:36.1309522Z' while content on disk has modification time of '2026-05-01T21:01:46.6376486Z'
  ERROR: Build asset version error: assets/scripts/enemymovement.cs in SourceAssetDB has modification time of '2026-05-01T21:01:36.1309522Z' while content on disk has modification time of '2026-05-01T21:01:46.6376486Z'
Number of updated asset objects reloaded before import = 0Number of asset objects unloaded after import = 0

========================================================================
Received Import Request.
  Time since last request: 0.000019 seconds.
  path: Assets/Scripts/EnemyMovement.cs
  artifactKey: Guid(94dde27ba6989a947bfc608e8801ba1b) Importer(815301076,1909f56bfc062723c751e8b465ee728b)
Start importing Assets/Scripts/EnemyMovement.cs using Guid(94dde27ba6989a947bfc608e8801ba1b) Importer(815301076,1909f56bfc062723c751e8b465ee728b) (PreviewImporter) -> (artifact id: '00000000000000000000000000000000') in 0.0007058 seconds
Import Error Code:(4)
Message: Build asset version error: assets/scripts/enemymovement.cs in SourceAssetDB has modification time of '2026-05-01T21:01:36.1309522Z' while content on disk has modification time of '2026-05-01T21:01:46.6376486Z'
  ERROR: Build asset version error: assets/scripts/enemymovement.cs in SourceAssetDB has modification time of '2026-05-01T21:01:36.1309522Z' while content on disk has modification time of '2026-05-01T21:01:46.6376486Z'
Number of updated asset objects reloaded before import = 0Number of asset objects unloaded after import = 0

========================================================================
Received Import Request.
  Time since last request: 0.000015 seconds.
  path: Assets/Scripts/EnemyMovement.cs
  artifactKey: Guid(94dde27ba6989a947bfc608e8801ba1b) Importer(815301076,1909f56bfc062723c751e8b465ee728b)
Start importing Assets/Scripts/EnemyMovement.cs using Guid(94dde27ba6989a947bfc608e8801ba1b) Importer(815301076,1909f56bfc062723c751e8b465ee728b) (PreviewImporter) -> (artifact id: '00000000000000000000000000000000') in 0.0006141 seconds
Import Error Code:(4)
Message: Build asset version error: assets/scripts/enemymovement.cs in SourceAssetDB has modification time of '2026-05-01T21:01:36.1309522Z' while content on disk has modification time of '2026-05-01T21:01:46.6376486Z'
  ERROR: Build asset version error: assets/scripts/enemymovement.cs in SourceAssetDB has modification time of '2026-05-01T21:01:36.1309522Z' while content on disk has modification time of '2026-05-01T21:01:46.6376486Z'
Number of updated asset objects reloaded before import = 0Number of asset objects unloaded after import = 0

========================================================================
Received Import Request.
  Time since last request: 0.000021 seconds.
  path: Assets/Scripts/EnemyMovement.cs
  artifactKey: Guid(94dde27ba6989a947bfc608e8801ba1b) Importer(815301076,1909f56bfc062723c751e8b465ee728b)
Start importing Assets/Scripts/EnemyMovement.cs using Guid(94dde27ba6989a947bfc608e8801ba1b) Importer(815301076,1909f56bfc062723c751e8b465ee728b) (PreviewImporter) -> (artifact id: '00000000000000000000000000000000') in 0.0006225 seconds
Import Error Code:(4)
Message: Build asset version error: assets/scripts/enemymovement.cs in SourceAssetDB has modification time of '2026-05-01T21:01:36.1309522Z' while content on disk has modification time of '2026-05-01T21:01:46.6376486Z'
  ERROR: Build asset version error: assets/scripts/enemymovement.cs in SourceAssetDB has modification time of '2026-05-01T21:01:36.1309522Z' while content on disk has modification time of '2026-05-01T21:01:46.6376486Z'
Number of updated asset objects reloaded before import = 0Number of asset objects unloaded after import = 0

========================================================================
Received Import Request.
  Time since last request: 0.000029 seconds.
  path: Assets/Scripts/EnemyMovement.cs
  artifactKey: Guid(94dde27ba6989a947bfc608e8801ba1b) Importer(815301076,1909f56bfc062723c751e8b465ee728b)
Start importing Assets/Scripts/EnemyMovement.cs using Guid(94dde27ba6989a947bfc608e8801ba1b) Importer(815301076,1909f56bfc062723c751e8b465ee728b) (PreviewImporter) -> (artifact id: '00000000000000000000000000000000') in 0.0006607 seconds
Import Error Code:(4)
Message: Build asset version error: assets/scripts/enemymovement.cs in SourceAssetDB has modification time of '2026-05-01T21:01:36.1309522Z' while content on disk has modification time of '2026-05-01T21:01:46.6376486Z'
  ERROR: Build asset version error: assets/scripts/enemymovement.cs in SourceAssetDB has modification time of '2026-05-01T21:01:36.1309522Z' while content on disk has modification time of '2026-05-01T21:01:46.6376486Z'
Number of updated asset objects reloaded before import = 0Number of asset objects unloaded after import = 0

========================================================================
Received Import Request.
  Time since last request: 0.000019 seconds.
  path: Assets/Scripts/EnemyMovement.cs
  artifactKey: Guid(94dde27ba6989a947bfc608e8801ba1b) Importer(815301076,1909f56bfc062723c751e8b465ee728b)
Start importing Assets/Scripts/EnemyMovement.cs using Guid(94dde27ba6989a947bfc608e8801ba1b) Importer(815301076,1909f56bfc062723c751e8b465ee728b) (PreviewImporter) -> (artifact id: '00000000000000000000000000000000') in 0.0005882 seconds
Import Error Code:(4)
Message: Build asset version error: assets/scripts/enemymovement.cs in SourceAssetDB has modification time of '2026-05-01T21:01:36.1309522Z' while content on disk has modification time of '2026-05-01T21:01:46.6376486Z'
  ERROR: Build asset version error: assets/scripts/enemymovement.cs in SourceAssetDB has modification time of '2026-05-01T21:01:36.1309522Z' while content on disk has modification time of '2026-05-01T21:01:46.6376486Z'
Number of updated asset objects reloaded before import = 0Number of asset objects unloaded after import = 0

========================================================================
Received Import Request.
  Time since last request: 0.000017 seconds.
  path: Assets/Scripts/EnemyMovement.cs
  artifactKey: Guid(94dde27ba6989a947bfc608e8801ba1b) Importer(815301076,1909f56bfc062723c751e8b465ee728b)
Start importing Assets/Scripts/EnemyMovement.cs using Guid(94dde27ba6989a947bfc608e8801ba1b) Importer(815301076,1909f56bfc062723c751e8b465ee728b) (PreviewImporter) -> (artifact id: '00000000000000000000000000000000') in 0.0006086 seconds
Import Error Code:(4)
Message: Build asset version error: assets/scripts/enemymovement.cs in SourceAssetDB has modification time of '2026-05-01T21:01:36.1309522Z' while content on disk has modification time of '2026-05-01T21:01:46.6376486Z'
  ERROR: Build asset version error: assets/scripts/enemymovement.cs in SourceAssetDB has modification time of '2026-05-01T21:01:36.1309522Z' while content on disk has modification time of '2026-05-01T21:01:46.6376486Z'
Number of updated asset objects reloaded before import = 0Number of asset objects unloaded after import = 0

========================================================================
Received Import Request.
  Time since last request: 0.000022 seconds.
  path: Assets/Scripts/EnemyMovement.cs
  artifactKey: Guid(94dde27ba6989a947bfc608e8801ba1b) Importer(815301076,1909f56bfc062723c751e8b465ee728b)
Start importing Assets/Scripts/EnemyMovement.cs using Guid(94dde27ba6989a947bfc608e8801ba1b) Importer(815301076,1909f56bfc062723c751e8b465ee728b) (PreviewImporter) -> (artifact id: '00000000000000000000000000000000') in 0.0007454 seconds
Import Error Code:(4)
Message: Build asset version error: assets/scripts/enemymovement.cs in SourceAssetDB has modification time of '2026-05-01T21:01:36.1309522Z' while content on disk has modification time of '2026-05-01T21:01:46.6376486Z'
  ERROR: Build asset version error: assets/scripts/enemymovement.cs in SourceAssetDB has modification time of '2026-05-01T21:01:36.1309522Z' while content on disk has modification time of '2026-05-01T21:01:46.6376486Z'
Number of updated asset objects reloaded before import = 0Number of asset objects unloaded after import = 0

========================================================================
Received Import Request.
  Time since last request: 0.036797 seconds.
  path: Assets/Scripts/EnemyMovement.cs
  artifactKey: Guid(94dde27ba6989a947bfc608e8801ba1b) Importer(815301076,1909f56bfc062723c751e8b465ee728b)
Start importing Assets/Scripts/EnemyMovement.cs using Guid(94dde27ba6989a947bfc608e8801ba1b) Importer(815301076,1909f56bfc062723c751e8b465ee728b) (PreviewImporter) -> (artifact id: '00000000000000000000000000000000') in 0.000707 seconds
Import Error Code:(4)
Message: Build asset version error: assets/scripts/enemymovement.cs in SourceAssetDB has modification time of '2026-05-01T21:01:36.1309522Z' while content on disk has modification time of '2026-05-01T21:01:46.6376486Z'
  ERROR: Build asset version error: assets/scripts/enemymovement.cs in SourceAssetDB has modification time of '2026-05-01T21:01:36.1309522Z' while content on disk has modification time of '2026-05-01T21:01:46.6376486Z'
Number of updated asset objects reloaded before import = 0Number of asset objects unloaded after import = 0

========================================================================
Received Import Request.
  Time since last request: 0.000016 seconds.
  path: Assets/Scripts/EnemyMovement.cs
  artifactKey: Guid(94dde27ba6989a947bfc608e8801ba1b) Importer(815301076,1909f56bfc062723c751e8b465ee728b)
Start importing Assets/Scripts/EnemyMovement.cs using Guid(94dde27ba6989a947bfc608e8801ba1b) Importer(815301076,1909f56bfc062723c751e8b465ee728b) (PreviewImporter) -> (artifact id: '00000000000000000000000000000000') in 0.0005887 seconds
Import Error Code:(4)
Message: Build asset version error: assets/scripts/enemymovement.cs in SourceAssetDB has modification time of '2026-05-01T21:01:36.1309522Z' while content on disk has modification time of '2026-05-01T21:01:46.6376486Z'
  ERROR: Build asset version error: assets/scripts/enemymovement.cs in SourceAssetDB has modification time of '2026-05-01T21:01:36.1309522Z' while content on disk has modification time of '2026-05-01T21:01:46.6376486Z'
Number of updated asset objects reloaded before import = 0Number of asset objects unloaded after import = 0

========================================================================
Received Import Request.
  Time since last request: 0.000019 seconds.
  path: Assets/Scripts/EnemyMovement.cs
  artifactKey: Guid(94dde27ba6989a947bfc608e8801ba1b) Importer(815301076,1909f56bfc062723c751e8b465ee728b)
Start importing Assets/Scripts/EnemyMovement.cs using Guid(94dde27ba6989a947bfc608e8801ba1b) Importer(815301076,1909f56bfc062723c751e8b465ee728b) (PreviewImporter) -> (artifact id: '00000000000000000000000000000000') in 0.0006604 seconds
Import Error Code:(4)
Message: Build asset version error: assets/scripts/enemymovement.cs in SourceAssetDB has modification time of '2026-05-01T21:01:36.1309522Z' while content on disk has modification time of '2026-05-01T21:01:46.6376486Z'
  ERROR: Build asset version error: assets/scripts/enemymovement.cs in SourceAssetDB has modification time of '2026-05-01T21:01:36.1309522Z' while content on disk has modification time of '2026-05-01T21:01:46.6376486Z'
Number of updated asset objects reloaded before import = 0Number of asset objects unloaded after import = 0

========================================================================
Received Import Request.
  Time since last request: 0.000020 seconds.
  path: Assets/Scripts/EnemyMovement.cs
  artifactKey: Guid(94dde27ba6989a947bfc608e8801ba1b) Importer(815301076,1909f56bfc062723c751e8b465ee728b)
Start importing Assets/Scripts/EnemyMovement.cs using Guid(94dde27ba6989a947bfc608e8801ba1b) Importer(815301076,1909f56bfc062723c751e8b465ee728b) (PreviewImporter) -> (artifact id: '00000000000000000000000000000000') in 0.0006286 seconds
Import Error Code:(4)
Message: Build asset version error: assets/scripts/enemymovement.cs in SourceAssetDB has modification time of '2026-05-01T21:01:36.1309522Z' while content on disk has modification time of '2026-05-01T21:01:46.6376486Z'
  ERROR: Build asset version error: assets/scripts/enemymovement.cs in SourceAssetDB has modification time of '2026-05-01T21:01:36.1309522Z' while content on disk has modification time of '2026-05-01T21:01:46.6376486Z'
Number of updated asset objects reloaded before import = 0Number of asset objects unloaded after import = 0

========================================================================
Received Import Request.
  Time since last request: 0.000019 seconds.
  path: Assets/Scripts/EnemyMovement.cs
  artifactKey: Guid(94dde27ba6989a947bfc608e8801ba1b) Importer(815301076,1909f56bfc062723c751e8b465ee728b)
Start importing Assets/Scripts/EnemyMovement.cs using Guid(94dde27ba6989a947bfc608e8801ba1b) Importer(815301076,1909f56bfc062723c751e8b465ee728b) (PreviewImporter) -> (artifact id: '00000000000000000000000000000000') in 0.0006052 seconds
Import Error Code:(4)
Message: Build asset version error: assets/scripts/enemymovement.cs in SourceAssetDB has modification time of '2026-05-01T21:01:36.1309522Z' while content on disk has modification time of '2026-05-01T21:01:46.6376486Z'
  ERROR: Build asset version error: assets/scripts/enemymovement.cs in SourceAssetDB has modification time of '2026-05-01T21:01:36.1309522Z' while content on disk has modification time of '2026-05-01T21:01:46.6376486Z'
Number of updated asset objects reloaded before import = 0Number of asset objects unloaded after import = 0

========================================================================
Received Import Request.
  Time since last request: 0.000023 seconds.
  path: Assets/Scripts/EnemyMovement.cs
  artifactKey: Guid(94dde27ba6989a947bfc608e8801ba1b) Importer(815301076,1909f56bfc062723c751e8b465ee728b)
Start importing Assets/Scripts/EnemyMovement.cs using Guid(94dde27ba6989a947bfc608e8801ba1b) Importer(815301076,1909f56bfc062723c751e8b465ee728b) (PreviewImporter) -> (artifact id: '00000000000000000000000000000000') in 0.000627 seconds
Import Error Code:(4)
Message: Build asset version error: assets/scripts/enemymovement.cs in SourceAssetDB has modification time of '2026-05-01T21:01:36.1309522Z' while content on disk has modification time of '2026-05-01T21:01:46.6376486Z'
  ERROR: Build asset version error: assets/scripts/enemymovement.cs in SourceAssetDB has modification time of '2026-05-01T21:01:36.1309522Z' while content on disk has modification time of '2026-05-01T21:01:46.6376486Z'
Number of updated asset objects reloaded before import = 0Number of asset objects unloaded after import = 0

========================================================================
Received Import Request.
  Time since last request: 0.000017 seconds.
  path: Assets/Scripts/EnemyMovement.cs
  artifactKey: Guid(94dde27ba6989a947bfc608e8801ba1b) Importer(815301076,1909f56bfc062723c751e8b465ee728b)
Start importing Assets/Scripts/EnemyMovement.cs using Guid(94dde27ba6989a947bfc608e8801ba1b) Importer(815301076,1909f56bfc062723c751e8b465ee728b) (PreviewImporter) -> (artifact id: '00000000000000000000000000000000') in 0.0008657 seconds
Import Error Code:(4)
Message: Build asset version error: assets/scripts/enemymovement.cs in SourceAssetDB has modification time of '2026-05-01T21:01:36.1309522Z' while content on disk has modification time of '2026-05-01T21:01:46.6376486Z'
  ERROR: Build asset version error: assets/scripts/enemymovement.cs in SourceAssetDB has modification time of '2026-05-01T21:01:36.1309522Z' while content on disk has modification time of '2026-05-01T21:01:46.6376486Z'
Number of updated asset objects reloaded before import = 0Number of asset objects unloaded after import = 0

========================================================================
Received Import Request.
  Time since last request: 0.000016 seconds.
  path: Assets/Scripts/EnemyMovement.cs
  artifactKey: Guid(94dde27ba6989a947bfc608e8801ba1b) Importer(815301076,1909f56bfc062723c751e8b465ee728b)
Start importing Assets/Scripts/EnemyMovement.cs using Guid(94dde27ba6989a947bfc608e8801ba1b) Importer(815301076,1909f56bfc062723c751e8b465ee728b) (PreviewImporter) -> (artifact id: '00000000000000000000000000000000') in 0.0007937 seconds
Import Error Code:(4)
Message: Build asset version error: assets/scripts/enemymovement.cs in SourceAssetDB has modification time of '2026-05-01T21:01:36.1309522Z' while content on disk has modification time of '2026-05-01T21:01:46.6376486Z'
  ERROR: Build asset version error: assets/scripts/enemymovement.cs in SourceAssetDB has modification time of '2026-05-01T21:01:36.1309522Z' while content on disk has modification time of '2026-05-01T21:01:46.6376486Z'
Number of updated asset objects reloaded before import = 0Number of asset objects unloaded after import = 0

========================================================================
Received Import Request.
  Time since last request: 0.000014 seconds.
  path: Assets/Scripts/EnemyMovement.cs
  artifactKey: Guid(94dde27ba6989a947bfc608e8801ba1b) Importer(815301076,1909f56bfc062723c751e8b465ee728b)
Start importing Assets/Scripts/EnemyMovement.cs using Guid(94dde27ba6989a947bfc608e8801ba1b) Importer(815301076,1909f56bfc062723c751e8b465ee728b) (PreviewImporter) -> (artifact id: '00000000000000000000000000000000') in 0.0006188 seconds
Import Error Code:(4)
Message: Build asset version error: assets/scripts/enemymovement.cs in SourceAssetDB has modification time of '2026-05-01T21:01:36.1309522Z' while content on disk has modification time of '2026-05-01T21:01:46.6376486Z'
  ERROR: Build asset version error: assets/scripts/enemymovement.cs in SourceAssetDB has modification time of '2026-05-01T21:01:36.1309522Z' while content on disk has modification time of '2026-05-01T21:01:46.6376486Z'
Number of updated asset objects reloaded before import = 0Number of asset objects unloaded after import = 0

========================================================================
Received Import Request.
  Time since last request: 0.000016 seconds.
  path: Assets/Scripts/EnemyMovement.cs
  artifactKey: Guid(94dde27ba6989a947bfc608e8801ba1b) Importer(815301076,1909f56bfc062723c751e8b465ee728b)
Start importing Assets/Scripts/EnemyMovement.cs using Guid(94dde27ba6989a947bfc608e8801ba1b) Importer(815301076,1909f56bfc062723c751e8b465ee728b) (PreviewImporter) -> (artifact id: '00000000000000000000000000000000') in 0.0006414 seconds
Import Error Code:(4)
Message: Build asset version error: assets/scripts/enemymovement.cs in SourceAssetDB has modification time of '2026-05-01T21:01:36.1309522Z' while content on disk has modification time of '2026-05-01T21:01:46.6376486Z'
  ERROR: Build asset version error: assets/scripts/enemymovement.cs in SourceAssetDB has modification time of '2026-05-01T21:01:36.1309522Z' while content on disk has modification time of '2026-05-01T21:01:46.6376486Z'
Number of updated asset objects reloaded before import = 0Number of asset objects unloaded after import = 0

========================================================================
Received Import Request.
  Time since last request: 0.000024 seconds.
  path: Assets/Scripts/EnemyMovement.cs
  artifactKey: Guid(94dde27ba6989a947bfc608e8801ba1b) Importer(815301076,1909f56bfc062723c751e8b465ee728b)
Start importing Assets/Scripts/EnemyMovement.cs using Guid(94dde27ba6989a947bfc608e8801ba1b) Importer(815301076,1909f56bfc062723c751e8b465ee728b) (PreviewImporter) -> (artifact id: '00000000000000000000000000000000') in 0.0006425 seconds
Import Error Code:(4)
Message: Build asset version error: assets/scripts/enemymovement.cs in SourceAssetDB has modification time of '2026-05-01T21:01:36.1309522Z' while content on disk has modification time of '2026-05-01T21:01:46.6376486Z'
  ERROR: Build asset version error: assets/scripts/enemymovement.cs in SourceAssetDB has modification time of '2026-05-01T21:01:36.1309522Z' while content on disk has modification time of '2026-05-01T21:01:46.6376486Z'
Number of updated asset objects reloaded before import = 0Number of asset objects unloaded after import = 0

========================================================================
Received Import Request.
  Time since last request: 0.000032 seconds.
  path: Assets/Scripts/EnemyMovement.cs
  artifactKey: Guid(94dde27ba6989a947bfc608e8801ba1b) Importer(815301076,1909f56bfc062723c751e8b465ee728b)
Start importing Assets/Scripts/EnemyMovement.cs using Guid(94dde27ba6989a947bfc608e8801ba1b) Importer(815301076,1909f56bfc062723c751e8b465ee728b) (PreviewImporter) -> (artifact id: '00000000000000000000000000000000') in 0.0007541 seconds
Import Error Code:(4)
Message: Build asset version error: assets/scripts/enemymovement.cs in SourceAssetDB has modification time of '2026-05-01T21:01:36.1309522Z' while content on disk has modification time of '2026-05-01T21:01:46.6376486Z'
  ERROR: Build asset version error: assets/scripts/enemymovement.cs in SourceAssetDB has modification time of '2026-05-01T21:01:36.1309522Z' while content on disk has modification time of '2026-05-01T21:01:46.6376486Z'
Number of updated asset objects reloaded before import = 0Number of asset objects unloaded after import = 0

========================================================================
Received Import Request.
  Time since last request: 0.000019 seconds.
  path: Assets/Scripts/EnemyMovement.cs
  artifactKey: Guid(94dde27ba6989a947bfc608e8801ba1b) Importer(815301076,1909f56bfc062723c751e8b465ee728b)
Start importing Assets/Scripts/EnemyMovement.cs using Guid(94dde27ba6989a947bfc608e8801ba1b) Importer(815301076,1909f56bfc062723c751e8b465ee728b) (PreviewImporter) -> (artifact id: '00000000000000000000000000000000') in 0.0006085 seconds
Import Error Code:(4)
Message: Build asset version error: assets/scripts/enemymovement.cs in SourceAssetDB has modification time of '2026-05-01T21:01:36.1309522Z' while content on disk has modification time of '2026-05-01T21:01:46.6376486Z'
  ERROR: Build asset version error: assets/scripts/enemymovement.cs in SourceAssetDB has modification time of '2026-05-01T21:01:36.1309522Z' while content on disk has modification time of '2026-05-01T21:01:46.6376486Z'
Number of updated asset objects reloaded before import = 0Number of asset objects unloaded after import = 0

========================================================================
Received Import Request.
  Time since last request: 0.000019 seconds.
  path: Assets/Scripts/EnemyMovement.cs
  artifactKey: Guid(94dde27ba6989a947bfc608e8801ba1b) Importer(815301076,1909f56bfc062723c751e8b465ee728b)
Start importing Assets/Scripts/EnemyMovement.cs using Guid(94dde27ba6989a947bfc608e8801ba1b) Importer(815301076,1909f56bfc062723c751e8b465ee728b) (PreviewImporter) -> (artifact id: '00000000000000000000000000000000') in 0.0007448 seconds
Import Error Code:(4)
Message: Build asset version error: assets/scripts/enemymovement.cs in SourceAssetDB has modification time of '2026-05-01T21:01:36.1309522Z' while content on disk has modification time of '2026-05-01T21:01:46.6376486Z'
  ERROR: Build asset version error: assets/scripts/enemymovement.cs in SourceAssetDB has modification time of '2026-05-01T21:01:36.1309522Z' while content on disk has modification time of '2026-05-01T21:01:46.6376486Z'
Number of updated asset objects reloaded before import = 0Number of asset objects unloaded after import = 0

========================================================================
Received Import Request.
  Time since last request: 0.000024 seconds.
  path: Assets/Scripts/EnemyMovement.cs
  artifactKey: Guid(94dde27ba6989a947bfc608e8801ba1b) Importer(815301076,1909f56bfc062723c751e8b465ee728b)
Start importing Assets/Scripts/EnemyMovement.cs using Guid(94dde27ba6989a947bfc608e8801ba1b) Importer(815301076,1909f56bfc062723c751e8b465ee728b) (PreviewImporter) -> (artifact id: '00000000000000000000000000000000') in 0.0006917 seconds
Import Error Code:(4)
Message: Build asset version error: assets/scripts/enemymovement.cs in SourceAssetDB has modification time of '2026-05-01T21:01:36.1309522Z' while content on disk has modification time of '2026-05-01T21:01:46.6376486Z'
  ERROR: Build asset version error: assets/scripts/enemymovement.cs in SourceAssetDB has modification time of '2026-05-01T21:01:36.1309522Z' while content on disk has modification time of '2026-05-01T21:01:46.6376486Z'
Number of updated asset objects reloaded before import = 0Number of asset objects unloaded after import = 0

========================================================================
Received Import Request.
  Time since last request: 0.000016 seconds.
  path: Assets/Scripts/EnemyMovement.cs
  artifactKey: Guid(94dde27ba6989a947bfc608e8801ba1b) Importer(815301076,1909f56bfc062723c751e8b465ee728b)
Start importing Assets/Scripts/EnemyMovement.cs using Guid(94dde27ba6989a947bfc608e8801ba1b) Importer(815301076,1909f56bfc062723c751e8b465ee728b) (PreviewImporter) -> (artifact id: '00000000000000000000000000000000') in 0.00066 seconds
Import Error Code:(4)
Message: Build asset version error: assets/scripts/enemymovement.cs in SourceAssetDB has modification time of '2026-05-01T21:01:36.1309522Z' while content on disk has modification time of '2026-05-01T21:01:46.6376486Z'
  ERROR: Build asset version error: assets/scripts/enemymovement.cs in SourceAssetDB has modification time of '2026-05-01T21:01:36.1309522Z' while content on disk has modification time of '2026-05-01T21:01:46.6376486Z'
Number of updated asset objects reloaded before import = 0Number of asset objects unloaded after import = 0

========================================================================
Received Import Request.
  Time since last request: 0.000017 seconds.
  path: Assets/Scripts/EnemyMovement.cs
  artifactKey: Guid(94dde27ba6989a947bfc608e8801ba1b) Importer(815301076,1909f56bfc062723c751e8b465ee728b)
Start importing Assets/Scripts/EnemyMovement.cs using Guid(94dde27ba6989a947bfc608e8801ba1b) Importer(815301076,1909f56bfc062723c751e8b465ee728b) (PreviewImporter) -> (artifact id: '00000000000000000000000000000000') in 0.0006539 seconds
Import Error Code:(4)
Message: Build asset version error: assets/scripts/enemymovement.cs in SourceAssetDB has modification time of '2026-05-01T21:01:36.1309522Z' while content on disk has modification time of '2026-05-01T21:01:46.6376486Z'
  ERROR: Build asset version error: assets/scripts/enemymovement.cs in SourceAssetDB has modification time of '2026-05-01T21:01:36.1309522Z' while content on disk has modification time of '2026-05-01T21:01:46.6376486Z'
Number of updated asset objects reloaded before import = 0Number of asset objects unloaded after import = 0

========================================================================
Received Import Request.
  Time since last request: 0.000021 seconds.
  path: Assets/Scripts/EnemyMovement.cs
  artifactKey: Guid(94dde27ba6989a947bfc608e8801ba1b) Importer(815301076,1909f56bfc062723c751e8b465ee728b)
Start importing Assets/Scripts/EnemyMovement.cs using Guid(94dde27ba6989a947bfc608e8801ba1b) Importer(815301076,1909f56bfc062723c751e8b465ee728b) (PreviewImporter) -> (artifact id: '00000000000000000000000000000000') in 0.0007006 seconds
Import Error Code:(4)
Message: Build asset version error: assets/scripts/enemymovement.cs in SourceAssetDB has modification time of '2026-05-01T21:01:36.1309522Z' while content on disk has modification time of '2026-05-01T21:01:46.6376486Z'
  ERROR: Build asset version error: assets/scripts/enemymovement.cs in SourceAssetDB has modification time of '2026-05-01T21:01:36.1309522Z' while content on disk has modification time of '2026-05-01T21:01:46.6376486Z'
Number of updated asset objects reloaded before import = 0Number of asset objects unloaded after import = 0

========================================================================
Received Import Request.
  Time since last request: 0.000065 seconds.
  path: Assets/Scripts/EnemyMovement.cs
  artifactKey: Guid(94dde27ba6989a947bfc608e8801ba1b) Importer(815301076,1909f56bfc062723c751e8b465ee728b)
Start importing Assets/Scripts/EnemyMovement.cs using Guid(94dde27ba6989a947bfc608e8801ba1b) Importer(815301076,1909f56bfc062723c751e8b465ee728b) (PreviewImporter) -> (artifact id: '00000000000000000000000000000000') in 0.0007758 seconds
Import Error Code:(4)
Message: Build asset version error: assets/scripts/enemymovement.cs in SourceAssetDB has modification time of '2026-05-01T21:01:36.1309522Z' while content on disk has modification time of '2026-05-01T21:01:46.6376486Z'
  ERROR: Build asset version error: assets/scripts/enemymovement.cs in SourceAssetDB has modification time of '2026-05-01T21:01:36.1309522Z' while content on disk has modification time of '2026-05-01T21:01:46.6376486Z'
Number of updated asset objects reloaded before import = 0Number of asset objects unloaded after import = 0

========================================================================
Received Import Request.
  Time since last request: 0.000018 seconds.
  path: Assets/Scripts/EnemyMovement.cs
  artifactKey: Guid(94dde27ba6989a947bfc608e8801ba1b) Importer(815301076,1909f56bfc062723c751e8b465ee728b)
Start importing Assets/Scripts/EnemyMovement.cs using Guid(94dde27ba6989a947bfc608e8801ba1b) Importer(815301076,1909f56bfc062723c751e8b465ee728b) (PreviewImporter) -> (artifact id: '00000000000000000000000000000000') in 0.0006766 seconds
Import Error Code:(4)
Message: Build asset version error: assets/scripts/enemymovement.cs in SourceAssetDB has modification time of '2026-05-01T21:01:36.1309522Z' while content on disk has modification time of '2026-05-01T21:01:46.6376486Z'
  ERROR: Build asset version error: assets/scripts/enemymovement.cs in SourceAssetDB has modification time of '2026-05-01T21:01:36.1309522Z' while content on disk has modification time of '2026-05-01T21:01:46.6376486Z'
Number of updated asset objects reloaded before import = 0Number of asset objects unloaded after import = 0

========================================================================
Received Import Request.
  Time since last request: 0.000016 seconds.
  path: Assets/Scripts/EnemyMovement.cs
  artifactKey: Guid(94dde27ba6989a947bfc608e8801ba1b) Importer(815301076,1909f56bfc062723c751e8b465ee728b)
Start importing Assets/Scripts/EnemyMovement.cs using Guid(94dde27ba6989a947bfc608e8801ba1b) Importer(815301076,1909f56bfc062723c751e8b465ee728b) (PreviewImporter) -> (artifact id: '00000000000000000000000000000000') in 0.0006809 seconds
Import Error Code:(4)
Message: Build asset version error: assets/scripts/enemymovement.cs in SourceAssetDB has modification time of '2026-05-01T21:01:36.1309522Z' while content on disk has modification time of '2026-05-01T21:01:46.6376486Z'
  ERROR: Build asset version error: assets/scripts/enemymovement.cs in SourceAssetDB has modification time of '2026-05-01T21:01:36.1309522Z' while content on disk has modification time of '2026-05-01T21:01:46.6376486Z'
Number of updated asset objects reloaded before import = 0Number of asset objects unloaded after import = 0

========================================================================
Received Import Request.
  Time since last request: 0.000016 seconds.
  path: Assets/Scripts/EnemyMovement.cs
  artifactKey: Guid(94dde27ba6989a947bfc608e8801ba1b) Importer(815301076,1909f56bfc062723c751e8b465ee728b)
Start importing Assets/Scripts/EnemyMovement.cs using Guid(94dde27ba6989a947bfc608e8801ba1b) Importer(815301076,1909f56bfc062723c751e8b465ee728b) (PreviewImporter) -> (artifact id: '00000000000000000000000000000000') in 0.0006089 seconds
Import Error Code:(4)
Message: Build asset version error: assets/scripts/enemymovement.cs in SourceAssetDB has modification time of '2026-05-01T21:01:36.1309522Z' while content on disk has modification time of '2026-05-01T21:01:46.6376486Z'
  ERROR: Build asset version error: assets/scripts/enemymovement.cs in SourceAssetDB has modification time of '2026-05-01T21:01:36.1309522Z' while content on disk has modification time of '2026-05-01T21:01:46.6376486Z'
Number of updated asset objects reloaded before import = 0Number of asset objects unloaded after import = 0

========================================================================
Received Import Request.
  Time since last request: 0.000018 seconds.
  path: Assets/Scripts/EnemyMovement.cs
  artifactKey: Guid(94dde27ba6989a947bfc608e8801ba1b) Importer(815301076,1909f56bfc062723c751e8b465ee728b)
Start importing Assets/Scripts/EnemyMovement.cs using Guid(94dde27ba6989a947bfc608e8801ba1b) Importer(815301076,1909f56bfc062723c751e8b465ee728b) (PreviewImporter) -> (artifact id: '00000000000000000000000000000000') in 0.0006777 seconds
Import Error Code:(4)
Message: Build asset version error: assets/scripts/enemymovement.cs in SourceAssetDB has modification time of '2026-05-01T21:01:36.1309522Z' while content on disk has modification time of '2026-05-01T21:01:46.6376486Z'
  ERROR: Build asset version error: assets/scripts/enemymovement.cs in SourceAssetDB has modification time of '2026-05-01T21:01:36.1309522Z' while content on disk has modification time of '2026-05-01T21:01:46.6376486Z'
Number of updated asset objects reloaded before import = 0Number of asset objects unloaded after import = 0

========================================================================
Received Import Request.
  Time since last request: 0.000029 seconds.
  path: Assets/Scripts/EnemyMovement.cs
  artifactKey: Guid(94dde27ba6989a947bfc608e8801ba1b) Importer(815301076,1909f56bfc062723c751e8b465ee728b)
Start importing Assets/Scripts/EnemyMovement.cs using Guid(94dde27ba6989a947bfc608e8801ba1b) Importer(815301076,1909f56bfc062723c751e8b465ee728b) (PreviewImporter) -> (artifact id: '00000000000000000000000000000000') in 0.0006243 seconds
Import Error Code:(4)
Message: Build asset version error: assets/scripts/enemymovement.cs in SourceAssetDB has modification time of '2026-05-01T21:01:36.1309522Z' while content on disk has modification time of '2026-05-01T21:01:46.6376486Z'
  ERROR: Build asset version error: assets/scripts/enemymovement.cs in SourceAssetDB has modification time of '2026-05-01T21:01:36.1309522Z' while content on disk has modification time of '2026-05-01T21:01:46.6376486Z'
Number of updated asset objects reloaded before import = 0Number of asset objects unloaded after import = 0

========================================================================
Received Import Request.
  Time since last request: 0.000019 seconds.
  path: Assets/Scripts/EnemyMovement.cs
  artifactKey: Guid(94dde27ba6989a947bfc608e8801ba1b) Importer(815301076,1909f56bfc062723c751e8b465ee728b)
Start importing Assets/Scripts/EnemyMovement.cs using Guid(94dde27ba6989a947bfc608e8801ba1b) Importer(815301076,1909f56bfc062723c751e8b465ee728b) (PreviewImporter) -> (artifact id: '00000000000000000000000000000000') in 0.0007095 seconds
Import Error Code:(4)
Message: Build asset version error: assets/scripts/enemymovement.cs in SourceAssetDB has modification time of '2026-05-01T21:01:36.1309522Z' while content on disk has modification time of '2026-05-01T21:01:46.6376486Z'
  ERROR: Build asset version error: assets/scripts/enemymovement.cs in SourceAssetDB has modification time of '2026-05-01T21:01:36.1309522Z' while content on disk has modification time of '2026-05-01T21:01:46.6376486Z'
Number of updated asset objects reloaded before import = 0Number of asset objects unloaded after import = 0

========================================================================
Received Import Request.
  Time since last request: 0.000014 seconds.
  path: Assets/Scripts/EnemyMovement.cs
  artifactKey: Guid(94dde27ba6989a947bfc608e8801ba1b) Importer(815301076,1909f56bfc062723c751e8b465ee728b)
Start importing Assets/Scripts/EnemyMovement.cs using Guid(94dde27ba6989a947bfc608e8801ba1b) Importer(815301076,1909f56bfc062723c751e8b465ee728b) (PreviewImporter) -> (artifact id: '00000000000000000000000000000000') in 0.0012037 seconds
Import Error Code:(4)
Message: Build asset version error: assets/scripts/enemymovement.cs in SourceAssetDB has modification time of '2026-05-01T21:01:36.1309522Z' while content on disk has modification time of '2026-05-01T21:01:46.6376486Z'
  ERROR: Build asset version error: assets/scripts/enemymovement.cs in SourceAssetDB has modification time of '2026-05-01T21:01:36.1309522Z' while content on disk has modification time of '2026-05-01T21:01:46.6376486Z'
Number of updated asset objects reloaded before import = 0Number of asset objects unloaded after import = 0

========================================================================
Received Import Request.
  Time since last request: 0.000023 seconds.
  path: Assets/Scripts/EnemyMovement.cs
  artifactKey: Guid(94dde27ba6989a947bfc608e8801ba1b) Importer(815301076,1909f56bfc062723c751e8b465ee728b)
Start importing Assets/Scripts/EnemyMovement.cs using Guid(94dde27ba6989a947bfc608e8801ba1b) Importer(815301076,1909f56bfc062723c751e8b465ee728b) (PreviewImporter) -> (artifact id: '00000000000000000000000000000000') in 0.0007682 seconds
Import Error Code:(4)
Message: Build asset version error: assets/scripts/enemymovement.cs in SourceAssetDB has modification time of '2026-05-01T21:01:36.1309522Z' while content on disk has modification time of '2026-05-01T21:01:46.6376486Z'
  ERROR: Build asset version error: assets/scripts/enemymovement.cs in SourceAssetDB has modification time of '2026-05-01T21:01:36.1309522Z' while content on disk has modification time of '2026-05-01T21:01:46.6376486Z'
Number of updated asset objects reloaded before import = 0Number of asset objects unloaded after import = 0

========================================================================
Received Import Request.
  Time since last request: 0.000025 seconds.
  path: Assets/Scripts/EnemyMovement.cs
  artifactKey: Guid(94dde27ba6989a947bfc608e8801ba1b) Importer(815301076,1909f56bfc062723c751e8b465ee728b)
Start importing Assets/Scripts/EnemyMovement.cs using Guid(94dde27ba6989a947bfc608e8801ba1b) Importer(815301076,1909f56bfc062723c751e8b465ee728b) (PreviewImporter) -> (artifact id: '00000000000000000000000000000000') in 0.0007407 seconds
Import Error Code:(4)
Message: Build asset version error: assets/scripts/enemymovement.cs in SourceAssetDB has modification time of '2026-05-01T21:01:36.1309522Z' while content on disk has modification time of '2026-05-01T21:01:46.6376486Z'
  ERROR: Build asset version error: assets/scripts/enemymovement.cs in SourceAssetDB has modification time of '2026-05-01T21:01:36.1309522Z' while content on disk has modification time of '2026-05-01T21:01:46.6376486Z'
Number of updated asset objects reloaded before import = 0Number of asset objects unloaded after import = 0

========================================================================
Received Import Request.
  Time since last request: 0.000031 seconds.
  path: Assets/Scripts/EnemyMovement.cs
  artifactKey: Guid(94dde27ba6989a947bfc608e8801ba1b) Importer(815301076,1909f56bfc062723c751e8b465ee728b)
Start importing Assets/Scripts/EnemyMovement.cs using Guid(94dde27ba6989a947bfc608e8801ba1b) Importer(815301076,1909f56bfc062723c751e8b465ee728b) (PreviewImporter) -> (artifact id: '00000000000000000000000000000000') in 0.0007993 seconds
Import Error Code:(4)
Message: Build asset version error: assets/scripts/enemymovement.cs in SourceAssetDB has modification time of '2026-05-01T21:01:36.1309522Z' while content on disk has modification time of '2026-05-01T21:01:46.6376486Z'
  ERROR: Build asset version error: assets/scripts/enemymovement.cs in SourceAssetDB has modification time of '2026-05-01T21:01:36.1309522Z' while content on disk has modification time of '2026-05-01T21:01:46.6376486Z'
Number of updated asset objects reloaded before import = 0Number of asset objects unloaded after import = 0

========================================================================
Received Import Request.
  Time since last request: 0.000018 seconds.
  path: Assets/Scripts/EnemyMovement.cs
  artifactKey: Guid(94dde27ba6989a947bfc608e8801ba1b) Importer(815301076,1909f56bfc062723c751e8b465ee728b)
Start importing Assets/Scripts/EnemyMovement.cs using Guid(94dde27ba6989a947bfc608e8801ba1b) Importer(815301076,1909f56bfc062723c751e8b465ee728b) (PreviewImporter) -> (artifact id: '00000000000000000000000000000000') in 0.0008714 seconds
Import Error Code:(4)
Message: Build asset version error: assets/scripts/enemymovement.cs in SourceAssetDB has modification time of '2026-05-01T21:01:36.1309522Z' while content on disk has modification time of '2026-05-01T21:01:46.6376486Z'
  ERROR: Build asset version error: assets/scripts/enemymovement.cs in SourceAssetDB has modification time of '2026-05-01T21:01:36.1309522Z' while content on disk has modification time of '2026-05-01T21:01:46.6376486Z'
Number of updated asset objects reloaded before import = 0Number of asset objects unloaded after import = 0

========================================================================
Received Import Request.
  Time since last request: 0.000025 seconds.
  path: Assets/Scripts/EnemyMovement.cs
  artifactKey: Guid(94dde27ba6989a947bfc608e8801ba1b) Importer(815301076,1909f56bfc062723c751e8b465ee728b)
Start importing Assets/Scripts/EnemyMovement.cs using Guid(94dde27ba6989a947bfc608e8801ba1b) Importer(815301076,1909f56bfc062723c751e8b465ee728b) (PreviewImporter) -> (artifact id: '00000000000000000000000000000000') in 0.0005424 seconds
Import Error Code:(4)
Message: Build asset version error: assets/scripts/enemymovement.cs in SourceAssetDB has modification time of '2026-05-01T21:01:36.1309522Z' while content on disk has modification time of '2026-05-01T21:01:46.6376486Z'
  ERROR: Build asset version error: assets/scripts/enemymovement.cs in SourceAssetDB has modification time of '2026-05-01T21:01:36.1309522Z' while content on disk has modification time of '2026-05-01T21:01:46.6376486Z'
Number of updated asset objects reloaded before import = 0Number of asset objects unloaded after import = 0

========================================================================
Received Import Request.
  Time since last request: 0.000020 seconds.
  path: Assets/Scripts/EnemyMovement.cs
  artifactKey: Guid(94dde27ba6989a947bfc608e8801ba1b) Importer(815301076,1909f56bfc062723c751e8b465ee728b)
Start importing Assets/Scripts/EnemyMovement.cs using Guid(94dde27ba6989a947bfc608e8801ba1b) Importer(815301076,1909f56bfc062723c751e8b465ee728b) (PreviewImporter) -> (artifact id: '00000000000000000000000000000000') in 0.000737 seconds
Import Error Code:(4)
Message: Build asset version error: assets/scripts/enemymovement.cs in SourceAssetDB has modification time of '2026-05-01T21:01:36.1309522Z' while content on disk has modification time of '2026-05-01T21:01:46.6376486Z'
  ERROR: Build asset version error: assets/scripts/enemymovement.cs in SourceAssetDB has modification time of '2026-05-01T21:01:36.1309522Z' while content on disk has modification time of '2026-05-01T21:01:46.6376486Z'
Number of updated asset objects reloaded before import = 0Number of asset objects unloaded after import = 0

========================================================================
Received Import Request.
  Time since last request: 0.000023 seconds.
  path: Assets/Scripts/EnemyMovement.cs
  artifactKey: Guid(94dde27ba6989a947bfc608e8801ba1b) Importer(815301076,1909f56bfc062723c751e8b465ee728b)
Start importing Assets/Scripts/EnemyMovement.cs using Guid(94dde27ba6989a947bfc608e8801ba1b) Importer(815301076,1909f56bfc062723c751e8b465ee728b) (PreviewImporter) -> (artifact id: '00000000000000000000000000000000') in 0.0008781 seconds
Import Error Code:(4)
Message: Build asset version error: assets/scripts/enemymovement.cs in SourceAssetDB has modification time of '2026-05-01T21:01:36.1309522Z' while content on disk has modification time of '2026-05-01T21:01:46.6376486Z'
  ERROR: Build asset version error: assets/scripts/enemymovement.cs in SourceAssetDB has modification time of '2026-05-01T21:01:36.1309522Z' while content on disk has modification time of '2026-05-01T21:01:46.6376486Z'
Number of updated asset objects reloaded before import = 0Number of asset objects unloaded after import = 0

========================================================================
Received Import Request.
  Time since last request: 0.000028 seconds.
  path: Assets/Scripts/EnemyMovement.cs
  artifactKey: Guid(94dde27ba6989a947bfc608e8801ba1b) Importer(815301076,1909f56bfc062723c751e8b465ee728b)
Start importing Assets/Scripts/EnemyMovement.cs using Guid(94dde27ba6989a947bfc608e8801ba1b) Importer(815301076,1909f56bfc062723c751e8b465ee728b) (PreviewImporter) -> (artifact id: '00000000000000000000000000000000') in 0.0011498 seconds
Import Error Code:(4)
Message: Build asset version error: assets/scripts/enemymovement.cs in SourceAssetDB has modification time of '2026-05-01T21:01:36.1309522Z' while content on disk has modification time of '2026-05-01T21:01:46.6376486Z'
  ERROR: Build asset version error: assets/scripts/enemymovement.cs in SourceAssetDB has modification time of '2026-05-01T21:01:36.1309522Z' while content on disk has modification time of '2026-05-01T21:01:46.6376486Z'
Number of updated asset objects reloaded before import = 0Number of asset objects unloaded after import = 0

========================================================================
Received Import Request.
  Time since last request: 0.000022 seconds.
  path: Assets/Scripts/EnemyMovement.cs
  artifactKey: Guid(94dde27ba6989a947bfc608e8801ba1b) Importer(815301076,1909f56bfc062723c751e8b465ee728b)
Start importing Assets/Scripts/EnemyMovement.cs using Guid(94dde27ba6989a947bfc608e8801ba1b) Importer(815301076,1909f56bfc062723c751e8b465ee728b) (PreviewImporter) -> (artifact id: '00000000000000000000000000000000') in 0.0006793 seconds
Import Error Code:(4)
Message: Build asset version error: assets/scripts/enemymovement.cs in SourceAssetDB has modification time of '2026-05-01T21:01:36.1309522Z' while content on disk has modification time of '2026-05-01T21:01:46.6376486Z'
  ERROR: Build asset version error: assets/scripts/enemymovement.cs in SourceAssetDB has modification time of '2026-05-01T21:01:36.1309522Z' while content on disk has modification time of '2026-05-01T21:01:46.6376486Z'
Number of updated asset objects reloaded before import = 0Number of asset objects unloaded after import = 0

========================================================================
Received Import Request.
  Time since last request: 0.000022 seconds.
  path: Assets/Scripts/EnemyMovement.cs
  artifactKey: Guid(94dde27ba6989a947bfc608e8801ba1b) Importer(815301076,1909f56bfc062723c751e8b465ee728b)
Start importing Assets/Scripts/EnemyMovement.cs using Guid(94dde27ba6989a947bfc608e8801ba1b) Importer(815301076,1909f56bfc062723c751e8b465ee728b) (PreviewImporter) -> (artifact id: '00000000000000000000000000000000') in 0.0007231 seconds
Import Error Code:(4)
Message: Build asset version error: assets/scripts/enemymovement.cs in SourceAssetDB has modification time of '2026-05-01T21:01:36.1309522Z' while content on disk has modification time of '2026-05-01T21:01:46.6376486Z'
  ERROR: Build asset version error: assets/scripts/enemymovement.cs in SourceAssetDB has modification time of '2026-05-01T21:01:36.1309522Z' while content on disk has modification time of '2026-05-01T21:01:46.6376486Z'
Number of updated asset objects reloaded before import = 0Number of asset objects unloaded after import = 0

========================================================================
Received Import Request.
  Time since last request: 0.000020 seconds.
  path: Assets/Scripts/EnemyMovement.cs
  artifactKey: Guid(94dde27ba6989a947bfc608e8801ba1b) Importer(815301076,1909f56bfc062723c751e8b465ee728b)
Start importing Assets/Scripts/EnemyMovement.cs using Guid(94dde27ba6989a947bfc608e8801ba1b) Importer(815301076,1909f56bfc062723c751e8b465ee728b) (PreviewImporter) -> (artifact id: '00000000000000000000000000000000') in 0.0006558 seconds
Import Error Code:(4)
Message: Build asset version error: assets/scripts/enemymovement.cs in SourceAssetDB has modification time of '2026-05-01T21:01:36.1309522Z' while content on disk has modification time of '2026-05-01T21:01:46.6376486Z'
  ERROR: Build asset version error: assets/scripts/enemymovement.cs in SourceAssetDB has modification time of '2026-05-01T21:01:36.1309522Z' while content on disk has modification time of '2026-05-01T21:01:46.6376486Z'
Number of updated asset objects reloaded before import = 0Number of asset objects unloaded after import = 0

========================================================================
Received Import Request.
  Time since last request: 0.000018 seconds.
  path: Assets/Scripts/EnemyMovement.cs
  artifactKey: Guid(94dde27ba6989a947bfc608e8801ba1b) Importer(815301076,1909f56bfc062723c751e8b465ee728b)
Start importing Assets/Scripts/EnemyMovement.cs using Guid(94dde27ba6989a947bfc608e8801ba1b) Importer(815301076,1909f56bfc062723c751e8b465ee728b) (PreviewImporter) -> (artifact id: '00000000000000000000000000000000') in 0.0006078 seconds
Import Error Code:(4)
Message: Build asset version error: assets/scripts/enemymovement.cs in SourceAssetDB has modification time of '2026-05-01T21:01:36.1309522Z' while content on disk has modification time of '2026-05-01T21:01:46.6376486Z'
  ERROR: Build asset version error: assets/scripts/enemymovement.cs in SourceAssetDB has modification time of '2026-05-01T21:01:36.1309522Z' while content on disk has modification time of '2026-05-01T21:01:46.6376486Z'
Number of updated asset objects reloaded before import = 0Number of asset objects unloaded after import = 0

========================================================================
Received Import Request.
  Time since last request: 0.000025 seconds.
  path: Assets/Scripts/EnemyMovement.cs
  artifactKey: Guid(94dde27ba6989a947bfc608e8801ba1b) Importer(815301076,1909f56bfc062723c751e8b465ee728b)
Start importing Assets/Scripts/EnemyMovement.cs using Guid(94dde27ba6989a947bfc608e8801ba1b) Importer(815301076,1909f56bfc062723c751e8b465ee728b) (PreviewImporter) -> (artifact id: '00000000000000000000000000000000') in 0.0008663 seconds
Import Error Code:(4)
Message: Build asset version error: assets/scripts/enemymovement.cs in SourceAssetDB has modification time of '2026-05-01T21:01:36.1309522Z' while content on disk has modification time of '2026-05-01T21:01:46.6376486Z'
  ERROR: Build asset version error: assets/scripts/enemymovement.cs in SourceAssetDB has modification time of '2026-05-01T21:01:36.1309522Z' while content on disk has modification time of '2026-05-01T21:01:46.6376486Z'
Number of updated asset objects reloaded before import = 0Number of asset objects unloaded after import = 0

========================================================================
Received Import Request.
  Time since last request: 0.000020 seconds.
  path: Assets/Scripts/EnemyMovement.cs
  artifactKey: Guid(94dde27ba6989a947bfc608e8801ba1b) Importer(815301076,1909f56bfc062723c751e8b465ee728b)
Start importing Assets/Scripts/EnemyMovement.cs using Guid(94dde27ba6989a947bfc608e8801ba1b) Importer(815301076,1909f56bfc062723c751e8b465ee728b) (PreviewImporter) -> (artifact id: '00000000000000000000000000000000') in 0.0006828 seconds
Import Error Code:(4)
Message: Build asset version error: assets/scripts/enemymovement.cs in SourceAssetDB has modification time of '2026-05-01T21:01:36.1309522Z' while content on disk has modification time of '2026-05-01T21:01:46.6376486Z'
  ERROR: Build asset version error: assets/scripts/enemymovement.cs in SourceAssetDB has modification time of '2026-05-01T21:01:36.1309522Z' while content on disk has modification time of '2026-05-01T21:01:46.6376486Z'
Number of updated asset objects reloaded before import = 0Number of asset objects unloaded after import = 0

========================================================================
Received Import Request.
  Time since last request: 0.000021 seconds.
  path: Assets/Scripts/EnemyMovement.cs
  artifactKey: Guid(94dde27ba6989a947bfc608e8801ba1b) Importer(815301076,1909f56bfc062723c751e8b465ee728b)
Start importing Assets/Scripts/EnemyMovement.cs using Guid(94dde27ba6989a947bfc608e8801ba1b) Importer(815301076,1909f56bfc062723c751e8b465ee728b) (PreviewImporter) -> (artifact id: '00000000000000000000000000000000') in 0.0006719 seconds
Import Error Code:(4)
Message: Build asset version error: assets/scripts/enemymovement.cs in SourceAssetDB has modification time of '2026-05-01T21:01:36.1309522Z' while content on disk has modification time of '2026-05-01T21:01:46.6376486Z'
  ERROR: Build asset version error: assets/scripts/enemymovement.cs in SourceAssetDB has modification time of '2026-05-01T21:01:36.1309522Z' while content on disk has modification time of '2026-05-01T21:01:46.6376486Z'
Number of updated asset objects reloaded before import = 0Number of asset objects unloaded after import = 0

========================================================================
Received Import Request.
  Time since last request: 0.000016 seconds.
  path: Assets/Scripts/EnemyMovement.cs
  artifactKey: Guid(94dde27ba6989a947bfc608e8801ba1b) Importer(815301076,1909f56bfc062723c751e8b465ee728b)
Start importing Assets/Scripts/EnemyMovement.cs using Guid(94dde27ba6989a947bfc608e8801ba1b) Importer(815301076,1909f56bfc062723c751e8b465ee728b) (PreviewImporter) -> (artifact id: '00000000000000000000000000000000') in 0.0008052 seconds
Import Error Code:(4)
Message: Build asset version error: assets/scripts/enemymovement.cs in SourceAssetDB has modification time of '2026-05-01T21:01:36.1309522Z' while content on disk has modification time of '2026-05-01T21:01:46.6376486Z'
  ERROR: Build asset version error: assets/scripts/enemymovement.cs in SourceAssetDB has modification time of '2026-05-01T21:01:36.1309522Z' while content on disk has modification time of '2026-05-01T21:01:46.6376486Z'
Number of updated asset objects reloaded before import = 0Number of asset objects unloaded after import = 0

========================================================================
Received Prepare
Begin MonoManager ReloadAssembly
- Loaded All Assemblies, in  0.877 seconds
Refreshing native plugins compatible for Editor in 1.66 ms, found 5 plugins.
Native extension for WindowsStandalone target not found
[Package Manager] Failed to launch server process. Reason: Unity was launched with the -noUpm command-line argument
[Package Manager] Unable to send message (not connected to server process).
[Package Manager] Cannot connect to Unity Package Manager local server
[Package Manager] Failed to launch server process. Reason: Unity was launched with the -noUpm command-line argument
[Package Manager] Unable to send message (not connected to server process).
[Package Manager] Cannot connect to Unity Package Manager local server
ScheduleIndexationOnStartup MainProcess:False IndexOnStartup:True
Mono: successfully reloaded assembly
- Finished resetting the current domain, in  0.622 seconds
Domain Reload Profiling: 1499ms
	BeginReloadAssembly (247ms)
		ExecutionOrderSort (0ms)
		DisableScriptedObjects (17ms)
		BackupInstance (0ms)
		ReleaseScriptingObjects (0ms)
		CreateAndSetChildDomain (69ms)
	RebuildCommonClasses (33ms)
	RebuildNativeTypeToScriptingClass (14ms)
	initialDomainReloadingComplete (26ms)
	LoadAllAssembliesAndSetupDomain (555ms)
		LoadAssemblies (399ms)
		RebuildTransferFunctionScriptingTraits (0ms)
		AnalyzeDomain (261ms)
			TypeCache.Refresh (10ms)
				TypeCache.ScanAssembly (0ms)
			BuildScriptInfoCaches (233ms)
			ResolveRequiredComponents (12ms)
	FinalizeReload (623ms)
		ReleaseScriptCaches (0ms)
		RebuildScriptCaches (0ms)
		SetupLoadedEditorAssemblies (484ms)
			LogAssemblyErrors (0ms)
			InitializePlatformSupportModulesInManaged (2ms)
			SetLoadedEditorAssemblies (3ms)
			BeforeProcessingInitializeOnLoad (124ms)
			ProcessInitializeOnLoadAttributes (281ms)
			ProcessInitializeOnLoadMethodAttributes (69ms)
			AfterProcessingInitializeOnLoad (5ms)
			EditorAssembliesLoaded (0ms)
		ExecutionOrderSort2 (0ms)
		AwakeInstancesAfterBackupRestoration (12ms)
Refreshing native plugins compatible for Editor in 1.85 ms, found 5 plugins.
Preloading 0 native plugins for Editor in 0.00 ms.
Unloading 16 Unused Serialized files (Serialized files now loaded: 0)
Unloading 7167 unused Assets / (4.1 MB). Loaded Objects now: 8023.
Memory consumption went from 158.6 MB to 154.4 MB.
Total: 9.737700 ms (FindLiveObjects: 0.840600 ms CreateObjectMapping: 0.673300 ms MarkObjects: 5.908300 ms  DeleteObjects: 2.314200 ms)

Prepare: number of updated asset objects reloaded= 0
========================================================================
Received Import Request.
  Time since last request: 5.964275 seconds.
  path: Assets/Scripts/EnemyMovement.cs
  artifactKey: Guid(94dde27ba6989a947bfc608e8801ba1b) Importer(815301076,1909f56bfc062723c751e8b465ee728b)
Start importing Assets/Scripts/EnemyMovement.cs using Guid(94dde27ba6989a947bfc608e8801ba1b) Importer(815301076,1909f56bfc062723c751e8b465ee728b) (PreviewImporter) -> (artifact id: 'c38a52c5bf07f2a36ab271a3c2336ea7') in 0.0086435 seconds
Number of updated asset objects reloaded before import = 0Number of asset objects unloaded after import = 0

========================================================================
Received Import Request.
  Time since last request: 74.678609 seconds.
  path: Assets/Prefags/Enemy.prefab
  artifactKey: Guid(673753f9545cf3c4f9cd5f54ec8b68a6) Importer(815301076,1909f56bfc062723c751e8b465ee728b)
Start importing Assets/Prefags/Enemy.prefab using Guid(673753f9545cf3c4f9cd5f54ec8b68a6) Importer(815301076,1909f56bfc062723c751e8b465ee728b) (PreviewImporter) -> (artifact id: '24997d5839613bc4a4bcb126c8dfd384') in 0.3263346 seconds
Number of updated asset objects reloaded before import = 0Number of asset objects unloaded after import = 12

========================================================================
Received Prepare
Begin MonoManager ReloadAssembly
[Licensing::Client] Successfully resolved entitlement details
- Loaded All Assemblies, in  0.785 seconds
Refreshing native plugins compatible for Editor in 1.63 ms, found 5 plugins.
Native extension for WindowsStandalone target not found
[Package Manager] Failed to launch server process. Reason: Unity was launched with the -noUpm command-line argument
[Package Manager] Unable to send message (not connected to server process).
[Package Manager] Cannot connect to Unity Package Manager local server
[Package Manager] Failed to launch server process. Reason: Unity was launched with the -noUpm command-line argument
[Package Manager] Unable to send message (not connected to server process).
[Package Manager] Cannot connect to Unity Package Manager local server
ScheduleIndexationOnStartup MainProcess:False IndexOnStartup:True
Mono: successfully reloaded assembly
- Finished resetting the current domain, in  0.688 seconds
Domain Reload Profiling: 1474ms
	BeginReloadAssembly (246ms)
		ExecutionOrderSort (0ms)
		DisableScriptedObjects (27ms)
		BackupInstance (0ms)
		ReleaseScriptingObjects (0ms)
		CreateAndSetChildDomain (67ms)
	RebuildCommonClasses (42ms)
	RebuildNativeTypeToScriptingClass (17ms)
	initialDomainReloadingComplete (29ms)
	LoadAllAssembliesAndSetupDomain (452ms)
		LoadAssemblies (356ms)
		RebuildTransferFunctionScriptingTraits (0ms)
		AnalyzeDomain (189ms)
			TypeCache.Refresh (6ms)
				TypeCache.ScanAssembly (0ms)
			BuildScriptInfoCaches (171ms)
			ResolveRequiredComponents (8ms)
	FinalizeReload (689ms)
		ReleaseScriptCaches (0ms)
		RebuildScriptCaches (0ms)
		SetupLoadedEditorAssemblies (531ms)
			LogAssemblyErrors (0ms)
			InitializePlatformSupportModulesInManaged (2ms)
			SetLoadedEditorAssemblies (3ms)
			BeforeProcessingInitializeOnLoad (135ms)
			ProcessInitializeOnLoadAttributes (293ms)
			ProcessInitializeOnLoadMethodAttributes (93ms)
			AfterProcessingInitializeOnLoad (5ms)
			EditorAssembliesLoaded (0ms)
		ExecutionOrderSort2 (0ms)
		AwakeInstancesAfterBackupRestoration (17ms)
Refreshing native plugins compatible for Editor in 2.91 ms, found 5 plugins.
Preloading 0 native plugins for Editor in 0.00 ms.
Unloading 16 Unused Serialized files (Serialized files now loaded: 0)
Unloading 7167 unused Assets / (4.4 MB). Loaded Objects now: 8046.
Memory consumption went from 158.8 MB to 154.3 MB.
Total: 11.232400 ms (FindLiveObjects: 0.886300 ms CreateObjectMapping: 0.710400 ms MarkObjects: 6.475300 ms  DeleteObjects: 3.158900 ms)

Prepare: number of updated asset objects reloaded= 0
========================================================================
Received Prepare
Begin MonoManager ReloadAssembly
[Licensing::Client] Successfully resolved entitlement details
- Loaded All Assemblies, in  0.730 seconds
Refreshing native plugins compatible for Editor in 1.72 ms, found 5 plugins.
Native extension for WindowsStandalone target not found
[Package Manager] Failed to launch server process. Reason: Unity was launched with the -noUpm command-line argument
[Package Manager] Unable to send message (not connected to server process).
[Package Manager] Cannot connect to Unity Package Manager local server
[Package Manager] Failed to launch server process. Reason: Unity was launched with the -noUpm command-line argument
[Package Manager] Unable to send message (not connected to server process).
[Package Manager] Cannot connect to Unity Package Manager local server
ScheduleIndexationOnStartup MainProcess:False IndexOnStartup:True
Mono: successfully reloaded assembly
- Finished resetting the current domain, in  0.709 seconds
Domain Reload Profiling: 1440ms
	BeginReloadAssembly (204ms)
		ExecutionOrderSort (0ms)
		DisableScriptedObjects (14ms)
		BackupInstance (0ms)
		ReleaseScriptingObjects (0ms)
		CreateAndSetChildDomain (55ms)
	RebuildCommonClasses (34ms)
	RebuildNativeTypeToScriptingClass (11ms)
	initialDomainReloadingComplete (24ms)
	LoadAllAssembliesAndSetupDomain (457ms)
		LoadAssemblies (346ms)
		RebuildTransferFunctionScriptingTraits (0ms)
		AnalyzeDomain (188ms)
			TypeCache.Refresh (6ms)
				TypeCache.ScanAssembly (0ms)
			BuildScriptInfoCaches (169ms)
			ResolveRequiredComponents (8ms)
	FinalizeReload (710ms)
		ReleaseScriptCaches (0ms)
		RebuildScriptCaches (0ms)
		SetupLoadedEditorAssemblies (557ms)
			LogAssemblyErrors (0ms)
			InitializePlatformSupportModulesInManaged (3ms)
			SetLoadedEditorAssemblies (4ms)
			BeforeProcessingInitializeOnLoad (139ms)
			ProcessInitializeOnLoadAttributes (318ms)
			ProcessInitializeOnLoadMethodAttributes (87ms)
			AfterProcessingInitializeOnLoad (6ms)
			EditorAssembliesLoaded (0ms)
		ExecutionOrderSort2 (0ms)
		AwakeInstancesAfterBackupRestoration (15ms)
Refreshing native plugins compatible for Editor in 2.76 ms, found 5 plugins.
Preloading 0 native plugins for Editor in 0.00 ms.
Unloading 16 Unused Serialized files (Serialized files now loaded: 0)
Unloading 7167 unused Assets / (5.0 MB). Loaded Objects now: 8049.
Memory consumption went from 158.7 MB to 153.7 MB.
Total: 11.576800 ms (FindLiveObjects: 0.942900 ms CreateObjectMapping: 1.010000 ms MarkObjects: 6.540800 ms  DeleteObjects: 3.081600 ms)

Prepare: number of updated asset objects reloaded= 0
========================================================================
Received Prepare
Begin MonoManager ReloadAssembly
[Licensing::Client] Successfully resolved entitlement details
- Loaded All Assemblies, in  0.753 seconds
Refreshing native plugins compatible for Editor in 1.93 ms, found 5 plugins.
Native extension for WindowsStandalone target not found
[Package Manager] Failed to launch server process. Reason: Unity was launched with the -noUpm command-line argument
[Package Manager] Unable to send message (not connected to server process).
[Package Manager] Cannot connect to Unity Package Manager local server
[Package Manager] Failed to launch server process. Reason: Unity was launched with the -noUpm command-line argument
[Package Manager] Unable to send message (not connected to server process).
[Package Manager] Cannot connect to Unity Package Manager local server
ScheduleIndexationOnStartup MainProcess:False IndexOnStartup:True
Mono: successfully reloaded assembly
- Finished resetting the current domain, in  0.680 seconds
Domain Reload Profiling: 1431ms
	BeginReloadAssembly (209ms)
		ExecutionOrderSort (0ms)
		DisableScriptedObjects (13ms)
		BackupInstance (0ms)
		ReleaseScriptingObjects (0ms)
		CreateAndSetChildDomain (52ms)
	RebuildCommonClasses (33ms)
	RebuildNativeTypeToScriptingClass (11ms)
	initialDomainReloadingComplete (29ms)
	LoadAllAssembliesAndSetupDomain (469ms)
		LoadAssemblies (343ms)
		RebuildTransferFunctionScriptingTraits (0ms)
		AnalyzeDomain (209ms)
			TypeCache.Refresh (5ms)
				TypeCache.ScanAssembly (0ms)
			BuildScriptInfoCaches (187ms)
			ResolveRequiredComponents (11ms)
	FinalizeReload (680ms)
		ReleaseScriptCaches (0ms)
		RebuildScriptCaches (0ms)
		SetupLoadedEditorAssemblies (538ms)
			LogAssemblyErrors (0ms)
			InitializePlatformSupportModulesInManaged (2ms)
			SetLoadedEditorAssemblies (3ms)
			BeforeProcessingInitializeOnLoad (139ms)
			ProcessInitializeOnLoadAttributes (308ms)
			ProcessInitializeOnLoadMethodAttributes (78ms)
			AfterProcessingInitializeOnLoad (8ms)
			EditorAssembliesLoaded (0ms)
		ExecutionOrderSort2 (0ms)
		AwakeInstancesAfterBackupRestoration (18ms)
Refreshing native plugins compatible for Editor in 2.21 ms, found 5 plugins.
Preloading 0 native plugins for Editor in 0.00 ms.
Unloading 16 Unused Serialized files (Serialized files now loaded: 0)
Unloading 7167 unused Assets / (4.6 MB). Loaded Objects now: 8052.
Memory consumption went from 158.7 MB to 154.1 MB.
Total: 12.553600 ms (FindLiveObjects: 1.197200 ms CreateObjectMapping: 1.347200 ms MarkObjects: 7.114800 ms  DeleteObjects: 2.886200 ms)

Prepare: number of updated asset objects reloaded= 0
========================================================================
Received Import Request.
  Time since last request: 741.486265 seconds.
  path: Assets/Prefags/Enemy.prefab
  artifactKey: Guid(673753f9545cf3c4f9cd5f54ec8b68a6) Importer(815301076,1909f56bfc062723c751e8b465ee728b)
Start importing Assets/Prefags/Enemy.prefab using Guid(673753f9545cf3c4f9cd5f54ec8b68a6) Importer(815301076,1909f56bfc062723c751e8b465ee728b) (PreviewImporter) -> (artifact id: 'c6667f0ab0ddedc328b6e8fcc8c5bdaf') in 0.4088726 seconds
Number of updated asset objects reloaded before import = 0Number of asset objects unloaded after import = 12

========================================================================
Received Import Request.
  Time since last request: 9.524173 seconds.
  path: Assets/Prefags/Enemy.prefab
  artifactKey: Guid(673753f9545cf3c4f9cd5f54ec8b68a6) Importer(815301076,1909f56bfc062723c751e8b465ee728b)
Start importing Assets/Prefags/Enemy.prefab using Guid(673753f9545cf3c4f9cd5f54ec8b68a6) Importer(815301076,1909f56bfc062723c751e8b465ee728b) (PreviewImporter) -> (artifact id: '3e4c2973eb8e78ed77f14d20c6ce754b') in 0.0149644 seconds
Number of updated asset objects reloaded before import = 0Number of asset objects unloaded after import = 12

========================================================================
Received Import Request.
  Time since last request: 4.008032 seconds.
  path: Assets/Prefags/Enemy.prefab
  artifactKey: Guid(673753f9545cf3c4f9cd5f54ec8b68a6) Importer(815301076,1909f56bfc062723c751e8b465ee728b)
Start importing Assets/Prefags/Enemy.prefab using Guid(673753f9545cf3c4f9cd5f54ec8b68a6) Importer(815301076,1909f56bfc062723c751e8b465ee728b) (PreviewImporter) -> (artifact id: '8e79e3ee1b824d6e45a3549026cf8236') in 0.0113851 seconds
Number of updated asset objects reloaded before import = 0Number of asset objects unloaded after import = 12

========================================================================
Received Import Request.
  Time since last request: 388.870068 seconds.
  path: Assets/Palette
  artifactKey: Guid(018526c847e5fe342aedf0a5781e3415) Importer(815301076,1909f56bfc062723c751e8b465ee728b)
Start importing Assets/Palette using Guid(018526c847e5fe342aedf0a5781e3415) Importer(815301076,1909f56bfc062723c751e8b465ee728b) (PreviewImporter) -> (artifact id: '0972459238694a94967c2c33d968e6f5') in 0.0008337 seconds
Number of updated asset objects reloaded before import = 0Number of asset objects unloaded after import = 0

========================================================================
Received Import Request.
  Time since last request: 0.029543 seconds.
  path: Assets/Palette/Palette.prefab
  artifactKey: Guid(97ef7f04bae0a1f41ac70183059b3381) Importer(815301076,1909f56bfc062723c751e8b465ee728b)
Start importing Assets/Palette/Palette.prefab using Guid(97ef7f04bae0a1f41ac70183059b3381) Importer(815301076,1909f56bfc062723c751e8b465ee728b) (PreviewImporter) -> (artifact id: 'e2b7f99923ffa9e52ad3156e770ec328') in 0.0594345 seconds
Number of updated asset objects reloaded before import = 0Number of asset objects unloaded after import = 117

========================================================================
Received Import Request.
  Time since last request: 0.000029 seconds.
  path: Assets/Palette/tiles_spritesheet_9.asset
  artifactKey: Guid(de4cb297bf2a6d7409d70ca815011a27) Importer(815301076,1909f56bfc062723c751e8b465ee728b)
Start importing Assets/Palette/tiles_spritesheet_9.asset using Guid(de4cb297bf2a6d7409d70ca815011a27) Importer(815301076,1909f56bfc062723c751e8b465ee728b) (PreviewImporter) -> (artifact id: '3f5f66b92978ac4c43527833868767cc') in 0.0402958 seconds
Number of updated asset objects reloaded before import = 0Number of asset objects unloaded after import = 3

========================================================================
Received Import Request.
  Time since last request: 0.000045 seconds.
  path: Assets/Palette/tiles_spritesheet_28.asset
  artifactKey: Guid(1c02d5c3bd0271d468f2f92e5a2682d2) Importer(815301076,1909f56bfc062723c751e8b465ee728b)
Start importing Assets/Palette/tiles_spritesheet_28.asset using Guid(1c02d5c3bd0271d468f2f92e5a2682d2) Importer(815301076,1909f56bfc062723c751e8b465ee728b) (PreviewImporter) -> (artifact id: '72f7156c5b02e79058abbea25f36ee09') in 0.0091594 seconds
Number of updated asset objects reloaded before import = 0Number of asset objects unloaded after import = 3

========================================================================
Received Import Request.
  Time since last request: 0.000036 seconds.
  path: Assets/Palette/tiles_spritesheet_25.asset
  artifactKey: Guid(1b05edf19c6ef084e82d6bc3591356da) Importer(815301076,1909f56bfc062723c751e8b465ee728b)
Start importing Assets/Palette/tiles_spritesheet_25.asset using Guid(1b05edf19c6ef084e82d6bc3591356da) Importer(815301076,1909f56bfc062723c751e8b465ee728b) (PreviewImporter) -> (artifact id: '988acee46361eb42a2918e788b18b676') in 0.0070543 seconds
Number of updated asset objects reloaded before import = 0Number of asset objects unloaded after import = 3

========================================================================
Received Import Request.
  Time since last request: 0.000031 seconds.
  path: Assets/Palette/tiles_spritesheet_4.asset
  artifactKey: Guid(da22ec7edc10e5e489ef297349c14543) Importer(815301076,1909f56bfc062723c751e8b465ee728b)
Start importing Assets/Palette/tiles_spritesheet_4.asset using Guid(da22ec7edc10e5e489ef297349c14543) Importer(815301076,1909f56bfc062723c751e8b465ee728b) (PreviewImporter) -> (artifact id: '65e95f3e26a821e1e2a5ab1d7df4c93f') in 0.0060845 seconds
Number of updated asset objects reloaded before import = 0Number of asset objects unloaded after import = 3

========================================================================
Received Import Request.
  Time since last request: 0.000027 seconds.
  path: Assets/Palette/tiles_spritesheet_8.asset
  artifactKey: Guid(4ca4413bad36efe49874a773dbc20959) Importer(815301076,1909f56bfc062723c751e8b465ee728b)
Start importing Assets/Palette/tiles_spritesheet_8.asset using Guid(4ca4413bad36efe49874a773dbc20959) Importer(815301076,1909f56bfc062723c751e8b465ee728b) (PreviewImporter) -> (artifact id: 'c9a4d2af1b3ef6f9573e3bf92c9b6d1a') in 0.0072422 seconds
Number of updated asset objects reloaded before import = 0Number of asset objects unloaded after import = 3

========================================================================
Received Import Request.
  Time since last request: 0.000023 seconds.
  path: Assets/Palette/tiles_spritesheet_14.asset
  artifactKey: Guid(de11184699684754a966f50804f965c8) Importer(815301076,1909f56bfc062723c751e8b465ee728b)
Start importing Assets/Palette/tiles_spritesheet_14.asset using Guid(de11184699684754a966f50804f965c8) Importer(815301076,1909f56bfc062723c751e8b465ee728b) (PreviewImporter) -> (artifact id: '9db8a442e678c3d76267ffc6f743b474') in 0.0050881 seconds
Number of updated asset objects reloaded before import = 0Number of asset objects unloaded after import = 3

========================================================================
Received Import Request.
  Time since last request: 0.000065 seconds.
  path: Assets/Palette/tiles_spritesheet_15.asset
  artifactKey: Guid(c122592d2cfb5b94c91510ef4b6651e9) Importer(815301076,1909f56bfc062723c751e8b465ee728b)
Start importing Assets/Palette/tiles_spritesheet_15.asset using Guid(c122592d2cfb5b94c91510ef4b6651e9) Importer(815301076,1909f56bfc062723c751e8b465ee728b) (PreviewImporter) -> (artifact id: 'b20a70dfe9aa21951f7b075849510a90') in 0.0066866 seconds
Number of updated asset objects reloaded before import = 0Number of asset objects unloaded after import = 3

========================================================================
Received Import Request.
  Time since last request: 0.000056 seconds.
  path: Assets/Palette/tiles_spritesheet_16.asset
  artifactKey: Guid(b13ee2370adf7584bb0a1db166bc3660) Importer(815301076,1909f56bfc062723c751e8b465ee728b)
Start importing Assets/Palette/tiles_spritesheet_16.asset using Guid(b13ee2370adf7584bb0a1db166bc3660) Importer(815301076,1909f56bfc062723c751e8b465ee728b) (PreviewImporter) -> (artifact id: '0bfeb8861acb8194f56363e70d1c6518') in 0.0067915 seconds
Number of updated asset objects reloaded before import = 0Number of asset objects unloaded after import = 3

========================================================================
Received Import Request.
  Time since last request: 0.000028 seconds.
  path: Assets/Palette/tiles_spritesheet_18.asset
  artifactKey: Guid(430c0d3bae1078c41979b799ba7971c1) Importer(815301076,1909f56bfc062723c751e8b465ee728b)
Start importing Assets/Palette/tiles_spritesheet_18.asset using Guid(430c0d3bae1078c41979b799ba7971c1) Importer(815301076,1909f56bfc062723c751e8b465ee728b) (PreviewImporter) -> (artifact id: 'b36157fe1f63d670db386f4930b6e70d') in 0.0104342 seconds
Number of updated asset objects reloaded before import = 0Number of asset objects unloaded after import = 3

========================================================================
Received Import Request.
  Time since last request: 0.000026 seconds.
  path: Assets/Palette/tiles_spritesheet_6.asset
  artifactKey: Guid(7e69851592148e148a70acce07a20913) Importer(815301076,1909f56bfc062723c751e8b465ee728b)
Start importing Assets/Palette/tiles_spritesheet_6.asset using Guid(7e69851592148e148a70acce07a20913) Importer(815301076,1909f56bfc062723c751e8b465ee728b) (PreviewImporter) -> (artifact id: 'adc79e3bff7216e4fbd1a6c7b87e2a49') in 0.0090877 seconds
Number of updated asset objects reloaded before import = 0Number of asset objects unloaded after import = 3

========================================================================
Received Import Request.
  Time since last request: 0.000026 seconds.
  path: Assets/Palette/tiles_spritesheet_27.asset
  artifactKey: Guid(fb135b421515adc478d3df36b006555c) Importer(815301076,1909f56bfc062723c751e8b465ee728b)
Start importing Assets/Palette/tiles_spritesheet_27.asset using Guid(fb135b421515adc478d3df36b006555c) Importer(815301076,1909f56bfc062723c751e8b465ee728b) (PreviewImporter) -> (artifact id: '29dc00a5f2658d11dc936d5f000b56b9') in 0.0072219 seconds
Number of updated asset objects reloaded before import = 0Number of asset objects unloaded after import = 3

========================================================================
Received Import Request.
  Time since last request: 0.000031 seconds.
  path: Assets/Palette/tiles_spritesheet_2.asset
  artifactKey: Guid(35f724e2a144f4d4fa2f521feb6eaa7a) Importer(815301076,1909f56bfc062723c751e8b465ee728b)
Start importing Assets/Palette/tiles_spritesheet_2.asset using Guid(35f724e2a144f4d4fa2f521feb6eaa7a) Importer(815301076,1909f56bfc062723c751e8b465ee728b) (PreviewImporter) -> (artifact id: 'ea54bf1d401050808767024c358edf39') in 0.0068029 seconds
Number of updated asset objects reloaded before import = 0Number of asset objects unloaded after import = 3

========================================================================
Received Import Request.
  Time since last request: 0.000038 seconds.
  path: Assets/Palette/tiles_spritesheet_13.asset
  artifactKey: Guid(c946ea074c984c34490519b098de2dca) Importer(815301076,1909f56bfc062723c751e8b465ee728b)
Start importing Assets/Palette/tiles_spritesheet_13.asset using Guid(c946ea074c984c34490519b098de2dca) Importer(815301076,1909f56bfc062723c751e8b465ee728b) (PreviewImporter) -> (artifact id: 'f0a1cb268d838c0e051f3b3b7f4221ed') in 0.0056776 seconds
Number of updated asset objects reloaded before import = 0Number of asset objects unloaded after import = 3

========================================================================
Received Prepare
Begin MonoManager ReloadAssembly
[Licensing::Client] Successfully resolved entitlement details
- Loaded All Assemblies, in  0.937 seconds
Refreshing native plugins compatible for Editor in 2.52 ms, found 5 plugins.
Native extension for WindowsStandalone target not found
[Package Manager] Failed to launch server process. Reason: Unity was launched with the -noUpm command-line argument
[Package Manager] Unable to send message (not connected to server process).
[Package Manager] Cannot connect to Unity Package Manager local server
[Package Manager] Failed to launch server process. Reason: Unity was launched with the -noUpm command-line argument
[Package Manager] Unable to send message (not connected to server process).
[Package Manager] Cannot connect to Unity Package Manager local server
ScheduleIndexationOnStartup MainProcess:False IndexOnStartup:True
Mono: successfully reloaded assembly
- Finished resetting the current domain, in  0.836 seconds
Domain Reload Profiling: 1771ms
	BeginReloadAssembly (268ms)
		ExecutionOrderSort (0ms)
		DisableScriptedObjects (35ms)
		BackupInstance (0ms)
		ReleaseScriptingObjects (0ms)
		CreateAndSetChildDomain (81ms)
	RebuildCommonClasses (54ms)
	RebuildNativeTypeToScriptingClass (17ms)
	initialDomainReloadingComplete (32ms)
	LoadAllAssembliesAndSetupDomain (563ms)
		LoadAssemblies (426ms)
		RebuildTransferFunctionScriptingTraits (0ms)
		AnalyzeDomain (233ms)
			TypeCache.Refresh (11ms)
				TypeCache.ScanAssembly (0ms)
			BuildScriptInfoCaches (208ms)
			ResolveRequiredComponents (8ms)
	FinalizeReload (837ms)
		ReleaseScriptCaches (0ms)
		RebuildScriptCaches (0ms)
		SetupLoadedEditorAssemblies (652ms)
			LogAssemblyErrors (0ms)
			InitializePlatformSupportModulesInManaged (2ms)
			SetLoadedEditorAssemblies (3ms)
			BeforeProcessingInitializeOnLoad (153ms)
			ProcessInitializeOnLoadAttributes (388ms)
			ProcessInitializeOnLoadMethodAttributes (98ms)
			AfterProcessingInitializeOnLoad (8ms)
			EditorAssembliesLoaded (0ms)
		ExecutionOrderSort2 (0ms)
		AwakeInstancesAfterBackupRestoration (20ms)
Refreshing native plugins compatible for Editor in 3.38 ms, found 5 plugins.
Preloading 0 native plugins for Editor in 0.00 ms.
Unloading 16 Unused Serialized files (Serialized files now loaded: 0)
Unloading 7167 unused Assets / (4.4 MB). Loaded Objects now: 8078.
Memory consumption went from 159.0 MB to 154.6 MB.
Total: 13.035900 ms (FindLiveObjects: 1.001500 ms CreateObjectMapping: 1.288900 ms MarkObjects: 7.504700 ms  DeleteObjects: 3.238900 ms)

Prepare: number of updated asset objects reloaded= 0
========================================================================
Received Prepare
Begin MonoManager ReloadAssembly
[Licensing::Client] Successfully resolved entitlement details
- Loaded All Assemblies, in  0.758 seconds
Refreshing native plugins compatible for Editor in 1.75 ms, found 5 plugins.
Native extension for WindowsStandalone target not found
[Package Manager] Failed to launch server process. Reason: Unity was launched with the -noUpm command-line argument
[Package Manager] Unable to send message (not connected to server process).
[Package Manager] Cannot connect to Unity Package Manager local server
[Package Manager] Failed to launch server process. Reason: Unity was launched with the -noUpm command-line argument
[Package Manager] Unable to send message (not connected to server process).
[Package Manager] Cannot connect to Unity Package Manager local server
ScheduleIndexationOnStartup MainProcess:False IndexOnStartup:True
Mono: successfully reloaded assembly
- Finished resetting the current domain, in  0.747 seconds
Domain Reload Profiling: 1504ms
	BeginReloadAssembly (215ms)
		ExecutionOrderSort (0ms)
		DisableScriptedObjects (13ms)
		BackupInstance (0ms)
		ReleaseScriptingObjects (0ms)
		CreateAndSetChildDomain (52ms)
	RebuildCommonClasses (36ms)
	RebuildNativeTypeToScriptingClass (15ms)
	initialDomainReloadingComplete (27ms)
	LoadAllAssembliesAndSetupDomain (465ms)
		LoadAssemblies (356ms)
		RebuildTransferFunctionScriptingTraits (0ms)
		AnalyzeDomain (201ms)
			TypeCache.Refresh (6ms)
				TypeCache.ScanAssembly (0ms)
			BuildScriptInfoCaches (177ms)
			ResolveRequiredComponents (10ms)
	FinalizeReload (747ms)
		ReleaseScriptCaches (0ms)
		RebuildScriptCaches (0ms)
		SetupLoadedEditorAssemblies (580ms)
			LogAssemblyErrors (0ms)
			InitializePlatformSupportModulesInManaged (3ms)
			SetLoadedEditorAssemblies (4ms)
			BeforeProcessingInitializeOnLoad (146ms)
			ProcessInitializeOnLoadAttributes (336ms)
			ProcessInitializeOnLoadMethodAttributes (84ms)
			AfterProcessingInitializeOnLoad (7ms)
			EditorAssembliesLoaded (0ms)
		ExecutionOrderSort2 (0ms)
		AwakeInstancesAfterBackupRestoration (22ms)
Refreshing native plugins compatible for Editor in 3.33 ms, found 5 plugins.
Preloading 0 native plugins for Editor in 0.00 ms.
Unloading 16 Unused Serialized files (Serialized files now loaded: 0)
Unloading 7167 unused Assets / (4.8 MB). Loaded Objects now: 8081.
Memory consumption went from 158.9 MB to 154.1 MB.
Total: 12.318800 ms (FindLiveObjects: 0.973000 ms CreateObjectMapping: 1.151300 ms MarkObjects: 7.033500 ms  DeleteObjects: 3.159500 ms)

Prepare: number of updated asset objects reloaded= 0
========================================================================
Received Import Request.
  Time since last request: 581.651007 seconds.
  path: Assets/SpriteSheets/coins/coin2.png
  artifactKey: Guid(d3af78b790f112b48857c0955adce646) Importer(815301076,1909f56bfc062723c751e8b465ee728b)
Start importing Assets/SpriteSheets/coins/coin2.png using Guid(d3af78b790f112b48857c0955adce646) Importer(815301076,1909f56bfc062723c751e8b465ee728b) (PreviewImporter) -> (artifact id: '8edd52d5577d7b542a7c0a125f5975f8') in 0.1276856 seconds
Number of updated asset objects reloaded before import = 0Number of asset objects unloaded after import = 10

========================================================================
Received Import Request.
  Time since last request: 461.791286 seconds.
  path: Assets/Prefags/john.prefab
  artifactKey: Guid(f4a656bdddde6fa45825b68c4c4fb12a) Importer(2089858483,b0f066a214c2f5e87bad3c948f4d605d)
Start importing Assets/Prefags/john.prefab using Guid(f4a656bdddde6fa45825b68c4c4fb12a) Importer(2089858483,b0f066a214c2f5e87bad3c948f4d605d) (ScriptedImporter) -> (artifact id: '14c48a56a2c46bb28cf9f1acaeca7965') in 0.1801434 seconds
Number of updated asset objects reloaded before import = 0Number of asset objects unloaded after import = 19

========================================================================
Received Import Request.
  Time since last request: 0.000032 seconds.
  path: Assets/Prefags/Coin1.prefab
  artifactKey: Guid(b0ffa1a188b3c784da2d85adab1f6f8a) Importer(2089858483,b0f066a214c2f5e87bad3c948f4d605d)
Start importing Assets/Prefags/Coin1.prefab using Guid(b0ffa1a188b3c784da2d85adab1f6f8a) Importer(2089858483,b0f066a214c2f5e87bad3c948f4d605d) (ScriptedImporter) -> (artifact id: '281342340b18a76fe3c1a6c80fca739c') in 0.014118 seconds
Number of updated asset objects reloaded before import = 0Number of asset objects unloaded after import = 9

========================================================================
Received Import Request.
  Time since last request: 0.000038 seconds.
  path: Assets/Animations/coin2.controller
  artifactKey: Guid(42e55da446cbdbb4a850ce339be7ccfa) Importer(2089858483,b0f066a214c2f5e87bad3c948f4d605d)
Start importing Assets/Animations/coin2.controller using Guid(42e55da446cbdbb4a850ce339be7ccfa) Importer(2089858483,b0f066a214c2f5e87bad3c948f4d605d) (ScriptedImporter) -> (artifact id: 'd760ca6ffc3bebceee8a398016ebf0c1') in 0.0089375 seconds
Number of updated asset objects reloaded before import = 0Number of asset objects unloaded after import = 1

========================================================================
Received Import Request.
  Time since last request: 0.000021 seconds.
  path: Assets/SpriteSheets/coins/coin2.png
  artifactKey: Guid(d3af78b790f112b48857c0955adce646) Importer(2089858483,b0f066a214c2f5e87bad3c948f4d605d)
Start importing Assets/SpriteSheets/coins/coin2.png using Guid(d3af78b790f112b48857c0955adce646) Importer(2089858483,b0f066a214c2f5e87bad3c948f4d605d) (ScriptedImporter) -> (artifact id: 'a24730f96f886eb33b2065df94d98586') in 0.0565053 seconds
Number of updated asset objects reloaded before import = 0Number of asset objects unloaded after import = 10

========================================================================
Received Import Request.
  Time since last request: 0.000036 seconds.
  path: Assets/SpriteSheets/coins
  artifactKey: Guid(04c93f36a2f00374ea2b36eeb7c924aa) Importer(2089858483,b0f066a214c2f5e87bad3c948f4d605d)
Start importing Assets/SpriteSheets/coins using Guid(04c93f36a2f00374ea2b36eeb7c924aa) Importer(2089858483,b0f066a214c2f5e87bad3c948f4d605d) (ScriptedImporter) -> (artifact id: 'cfc645fb5c035c3730a221b81aa6d9c5') in 0.0052679 seconds
Number of updated asset objects reloaded before import = 0Number of asset objects unloaded after import = 1

========================================================================
Received Import Request.
  Time since last request: 0.000023 seconds.
  path: Assets/Animations/Coin1.anim
  artifactKey: Guid(0f5c77df22c7f5e46940251535f7d540) Importer(2089858483,b0f066a214c2f5e87bad3c948f4d605d)
Start importing Assets/Animations/Coin1.anim using Guid(0f5c77df22c7f5e46940251535f7d540) Importer(2089858483,b0f066a214c2f5e87bad3c948f4d605d) (ScriptedImporter) -> (artifact id: '55a347db67a7caa226e923674765c959') in 0.0163845 seconds
Number of updated asset objects reloaded before import = 0Number of asset objects unloaded after import = 1

========================================================================
Received Prepare
Refreshing native plugins compatible for Editor in 2.64 ms, found 5 plugins.
Preloading 0 native plugins for Editor in 0.00 ms.
Unloading 16 Unused Serialized files (Serialized files now loaded: 0)
Unloading 7153 unused Assets / (4.1 MB). Loaded Objects now: 8092.
Memory consumption went from 159.3 MB to 155.1 MB.
Total: 11.606900 ms (FindLiveObjects: 0.937100 ms CreateObjectMapping: 0.404600 ms MarkObjects: 7.553100 ms  DeleteObjects: 2.710300 ms)

Prepare: number of updated asset objects reloaded= 0
========================================================================
Received Prepare
Begin MonoManager ReloadAssembly
[Licensing::Client] Successfully resolved entitlement details
- Loaded All Assemblies, in  1.051 seconds
Refreshing native plugins compatible for Editor in 2.88 ms, found 5 plugins.
Native extension for WindowsStandalone target not found
[Package Manager] Failed to launch server process. Reason: Unity was launched with the -noUpm command-line argument
[Package Manager] Unable to send message (not connected to server process).
[Package Manager] Cannot connect to Unity Package Manager local server
[Package Manager] Failed to launch server process. Reason: Unity was launched with the -noUpm command-line argument
[Package Manager] Unable to send message (not connected to server process).
[Package Manager] Cannot connect to Unity Package Manager local server
ScheduleIndexationOnStartup MainProcess:False IndexOnStartup:True
Mono: successfully reloaded assembly
- Finished resetting the current domain, in  0.944 seconds
Domain Reload Profiling: 1992ms
	BeginReloadAssembly (290ms)
		ExecutionOrderSort (0ms)
		DisableScriptedObjects (22ms)
		BackupInstance (0ms)
		ReleaseScriptingObjects (0ms)
		CreateAndSetChildDomain (70ms)
	RebuildCommonClasses (51ms)
	RebuildNativeTypeToScriptingClass (18ms)
	initialDomainReloadingComplete (40ms)
	LoadAllAssembliesAndSetupDomain (650ms)
		LoadAssemblies (484ms)
		RebuildTransferFunctionScriptingTraits (0ms)
		AnalyzeDomain (297ms)
			TypeCache.Refresh (15ms)
				TypeCache.ScanAssembly (0ms)
			BuildScriptInfoCaches (264ms)
			ResolveRequiredComponents (12ms)
	FinalizeReload (944ms)
		ReleaseScriptCaches (0ms)
		RebuildScriptCaches (0ms)
		SetupLoadedEditorAssemblies (722ms)
			LogAssemblyErrors (0ms)
			InitializePlatformSupportModulesInManaged (3ms)
			SetLoadedEditorAssemblies (8ms)
			BeforeProcessingInitializeOnLoad (182ms)
			ProcessInitializeOnLoadAttributes (414ms)
			ProcessInitializeOnLoadMethodAttributes (107ms)
			AfterProcessingInitializeOnLoad (7ms)
			EditorAssembliesLoaded (0ms)
		ExecutionOrderSort2 (0ms)
		AwakeInstancesAfterBackupRestoration (21ms)
Refreshing native plugins compatible for Editor in 3.03 ms, found 5 plugins.
Preloading 0 native plugins for Editor in 0.00 ms.
Unloading 16 Unused Serialized files (Serialized files now loaded: 0)
Unloading 7168 unused Assets / (4.6 MB). Loaded Objects now: 8094.
Memory consumption went from 158.9 MB to 154.3 MB.
Total: 13.603400 ms (FindLiveObjects: 1.323600 ms CreateObjectMapping: 1.117100 ms MarkObjects: 7.392700 ms  DeleteObjects: 3.768300 ms)

Prepare: number of updated asset objects reloaded= 0
Editor requested this worker to shutdown with reason: Scaling down because of idle timeout
AssetImportWorker is now disconnected from the server
Process exiting
Exiting without the bug reporter. Application will terminate with return code 0