[Licensing::Module] Trying to connect to existing licensing client channel...
Built from '6000.3/staging' branch; Version is '6000.3.14f1 (d68c3f99a318) revision 14060607'; Using compiler version '194234433'; Build Type 'Release'
[Licensing::IpcConnector] Successfully connected to: "LicenseClient-doria" at "2026-05-01T21:22:18.0510274Z"
OS: 'Windows 11  (10.0.26200) Core' Language: 'en' Physical Memory: 15636 MB
BatchMode: 1, IsHumanControllingUs: 0, StartBugReporterOnCrash: 0, Is64bit: 1
System  architecture: x64
Process architecture: x64
Date: 2026-05-01T21:22:18Z

COMMAND LINE ARGUMENTS:
C:\Program Files\Unity\Hub\Editor\6000.3.14f1\Editor\Unity.exe
-adb2
-batchMode
-noUpm
-name
AssetImportWorker4
-projectPath
C:/Users/doria/Documents/Mercenary/MercenaryTop
-logFile
Logs/AssetImportWorker4.log
-srvPort
64711
-job-worker-count
5
-background-job-worker-count
8
-gc-helper-count
1
-name
AssetImport
Successfully changed project path to: C:/Users/doria/Documents/Mercenary/MercenaryTop
C:/Users/doria/Documents/Mercenary/MercenaryTop
[UnityMemory] Configuration Parameters - Can be set up in boot.config
    "memorysetup-temp-allocator-size-nav-mesh-worker=65536"
    "memorysetup-temp-allocator-size-audio-worker=65536"
    "memorysetup-temp-allocator-size-gfx=262144"
    "memorysetup-allocator-temp-initial-block-size-main=262144"
    "memorysetup-allocator-temp-initial-block-size-worker=262144"
    "memorysetup-temp-allocator-size-background-worker=32768"
    "memorysetup-temp-allocator-size-job-worker=262144"
    "memorysetup-temp-allocator-size-preload-manager=33554432"
    "memorysetup-temp-allocator-size-gi-baking-worker=262144"
    "memorysetup-temp-allocator-size-gi-baking-worker=262144"
    "memorysetup-temp-allocator-size-gi-baking-worker=262144"
    "memorysetup-temp-allocator-size-gi-baking-worker=262144"
    "memorysetup-temp-allocator-size-gi-baking-worker=262144"
    "memorysetup-bucket-allocator-granularity=16"
    "memorysetup-bucket-allocator-bucket-count=8"
    "memorysetup-bucket-allocator-block-size=33554432"
    "memorysetup-bucket-allocator-block-count=8"
    "memorysetup-main-allocator-block-size=16777216"
    "memorysetup-thread-allocator-block-size=16777216"
    "memorysetup-gfx-main-allocator-block-size=16777216"
    "memorysetup-gfx-thread-allocator-block-size=16777216"
    "memorysetup-cache-allocator-block-size=4194304"
    "memorysetup-typetree-allocator-block-size=2097152"
    "memorysetup-profiler-bucket-allocator-granularity=16"
    "memorysetup-profiler-bucket-allocator-bucket-count=8"
    "memorysetup-profiler-bucket-allocator-block-size=33554432"
    "memorysetup-profiler-bucket-allocator-block-count=8"
    "memorysetup-profiler-allocator-block-size=16777216"
    "memorysetup-profiler-editor-allocator-block-size=1048576"
    "memorysetup-temp-allocator-size-main=16777216"
    "memorysetup-job-temp-allocator-block-size=2097152"
    "memorysetup-job-temp-allocator-block-size-background=1048576"
    "memorysetup-job-temp-allocator-reduction-small-platforms=262144"
    "memorysetup-temp-allocator-size-cloud-worker=32768"
Player connection [36396]  Target information:

Player connection [36396]  * "[IP] 172.24.165.133 [Port] 0 [Flags] 2 [Guid] 3905038700 [EditorId] 3905038700 [Version] 1048832 [Id] WindowsEditor(7,WIN-MCABTCBJL24) [Debug] 1 [PackageName] WindowsEditor [ProjectName] Editor" 

Player connection [36396] Host joined multi-casting on [225.0.0.222:54997]...
Player connection [36396] Host joined alternative multi-casting on [225.0.0.222:34997]...
JobSystem: Creating JobQueue using job-worker-count value 5
Input System module state changed to: Initialized.
[Physics::Module] Initialized fallback backend.
[Physics::Module] Id: 0xdecafbad
Library Redirect Path: Library/
[Physics::Module] Selected backend.
[Physics::Module] Name: PhysX
[Physics::Module] Id: 0xf2b8ea05
[Physics::Module] SDK Version: 4.1.2
[Physics::Module] Integration Version: 1.0.0
[Physics::Module] Threading Mode: Multi-Threaded
Refreshing native plugins compatible for Editor in 4.62 ms, found 5 plugins.
Preloading 0 native plugins for Editor in 0.00 ms.
Initialize engine version: 6000.3.14f1 (d68c3f99a318)
[Subsystems] Discovering subsystems at path C:/Program Files/Unity/Hub/Editor/6000.3.14f1/Editor/Data/Resources/UnitySubsystems
[Subsystems] Discovering subsystems at path C:/Users/doria/Documents/Mercenary/MercenaryTop/Assets
GfxDevice: creating device client; kGfxThreadingModeNonThreaded
Direct3D:
    Version:  Direct3D 11.0 [level 11.1]
    Renderer: NVIDIA GeForce RTX 4050 Laptop GPU (ID=0x28e1)
    Vendor:   NVIDIA
    VRAM:     5920 MB
    Driver:   32.0.15.9597
Initialize mono
Mono path[0] = 'C:/Program Files/Unity/Hub/Editor/6000.3.14f1/Editor/Data/Managed'
Mono path[1] = 'C:/Program Files/Unity/Hub/Editor/6000.3.14f1/Editor/Data/MonoBleedingEdge/lib/mono/unityjit-win32'
Mono config path = 'C:/Program Files/Unity/Hub/Editor/6000.3.14f1/Editor/Data/MonoBleedingEdge/etc'
Using monoOptions --debugger-agent=transport=dt_socket,embedding=1,server=y,suspend=n,address=127.0.0.1:56888
Begin MonoManager ReloadAssembly
Registering precompiled unity dll's ...
Register platform support module: C:/Program Files/Unity/Hub/Editor/6000.3.14f1/Editor/Data/PlaybackEngines/WindowsStandaloneSupport/UnityEditor.WindowsStandalone.Extensions.dll
Registered in 0.001364 seconds.
- Loaded All Assemblies, in  0.348 seconds
Native extension for WindowsStandalone target not found
Package Manager log level set to [2]
[Package Manager] Failed to launch server process. Reason: Unity was launched with the -noUpm command-line argument
[Package Manager] Unable to send message (not connected to server process).
[Package Manager] Cannot connect to Unity Package Manager local server
ScheduleIndexationOnStartup MainProcess:False IndexOnStartup:True
Mono: successfully reloaded assembly
- Finished resetting the current domain, in  0.352 seconds
Domain Reload Profiling: 697ms
	BeginReloadAssembly (112ms)
		ExecutionOrderSort (0ms)
		DisableScriptedObjects (0ms)
		BackupInstance (0ms)
		ReleaseScriptingObjects (0ms)
		CreateAndSetChildDomain (1ms)
	RebuildCommonClasses (37ms)
	RebuildNativeTypeToScriptingClass (11ms)
	initialDomainReloadingComplete (42ms)
	LoadAllAssembliesAndSetupDomain (144ms)
		LoadAssemblies (109ms)
		RebuildTransferFunctionScriptingTraits (0ms)
		AnalyzeDomain (141ms)
			TypeCache.Refresh (139ms)
				TypeCache.ScanAssembly (127ms)
			BuildScriptInfoCaches (0ms)
			ResolveRequiredComponents (0ms)
	FinalizeReload (352ms)
		ReleaseScriptCaches (0ms)
		RebuildScriptCaches (0ms)
		SetupLoadedEditorAssemblies (308ms)
			LogAssemblyErrors (0ms)
			InitializePlatformSupportModulesInManaged (44ms)
			SetLoadedEditorAssemblies (3ms)
			BeforeProcessingInitializeOnLoad (69ms)
			ProcessInitializeOnLoadAttributes (128ms)
			ProcessInitializeOnLoadMethodAttributes (65ms)
			AfterProcessingInitializeOnLoad (0ms)
			EditorAssembliesLoaded (0ms)
		ExecutionOrderSort2 (0ms)
		AwakeInstancesAfterBackupRestoration (0ms)
========================================================================
Worker process is ready to serve import requests
Import Worker Mode flag is 0x00
Begin MonoManager ReloadAssembly
[Licensing::Module] Licensing is not yet initialized.
[Licensing::Client] Error: HandshakeResponse reported an error:
	ResponseCode: 505
	ResponseStatus: Unsupported protocol version '1.18.1'.
[Licensing::Module] Error: Failed to handshake to channel: "LicenseClient-doria"
[Licensing::IpcConnector] LicenseClient-doria channel disconnected successfully.
[Licensing::IpcConnector] Successfully connected to: "LicenseClient-doria-6000.3.14" at "2026-05-01T21:22:20.0301665Z"
[Licensing::Client] Handshaking with LicensingClient:
  Version:                 1.18.1+9fbee8e
  Session Id:              c139afb5e315478ca4e44c6b6382b75b
  Correlation Id:          60af9765b9d9faa2d82a85cff8dece01
  External correlation Id: 7139666358446676692
  Machine Id:              YQYdrTSTO+zpb+mG0eT2nX0t3CI=
[Licensing::Module] Successfully connected to LicensingClient on channel: "LicenseClient-doria-6000.3.14" (connect: 0.00s, validation: 0.00s, handshake: 1.62s)
[Licensing::IpcConnector] Successfully connected to: "LicenseClient-doria-6000.3.14-notifications" at "2026-05-01T21:22:21.6519823Z"
[Licensing::Module] Licensing Background thread has ended after 3.60s
[Licensing::Module] Licensing is initialized (took 1.88s).
[Licensing::Client] Successfully resolved entitlement details
[Licensing::Module] License group:
  Id: 4673930102445-UnityPersXXXX
  Product: Unity Personal
  Type: Assigned
  Expiration: Unlimited
- Loaded All Assemblies, in  2.627 seconds
Refreshing native plugins compatible for Editor in 1.67 ms, found 5 plugins.
Native extension for WindowsStandalone target not found
[Package Manager] Failed to launch server process. Reason: Unity was launched with the -noUpm command-line argument
[Package Manager] Unable to send message (not connected to server process).
[Package Manager] Cannot connect to Unity Package Manager local server
Refreshing native plugins compatible for Editor in 1.83 ms, found 5 plugins.
[Package Manager] Failed to launch server process. Reason: Unity was launched with the -noUpm command-line argument
[Package Manager] Unable to send message (not connected to server process).
[Package Manager] Cannot connect to Unity Package Manager local server
ScheduleIndexationOnStartup MainProcess:False IndexOnStartup:True
Mono: successfully reloaded assembly
- Finished resetting the current domain, in  0.760 seconds
Domain Reload Profiling: 3382ms
	BeginReloadAssembly (2035ms)
		ExecutionOrderSort (0ms)
		DisableScriptedObjects (5ms)
		BackupInstance (0ms)
		ReleaseScriptingObjects (0ms)
		CreateAndSetChildDomain (26ms)
	RebuildCommonClasses (32ms)
	RebuildNativeTypeToScriptingClass (11ms)
	initialDomainReloadingComplete (38ms)
	LoadAllAssembliesAndSetupDomain (506ms)
		LoadAssemblies (344ms)
		RebuildTransferFunctionScriptingTraits (0ms)
		AnalyzeDomain (251ms)
			TypeCache.Refresh (177ms)
				TypeCache.ScanAssembly (165ms)
			BuildScriptInfoCaches (60ms)
			ResolveRequiredComponents (8ms)
	FinalizeReload (761ms)
		ReleaseScriptCaches (0ms)
		RebuildScriptCaches (0ms)
		SetupLoadedEditorAssemblies (627ms)
			LogAssemblyErrors (0ms)
			InitializePlatformSupportModulesInManaged (1ms)
			SetLoadedEditorAssemblies (4ms)
			BeforeProcessingInitializeOnLoad (141ms)
			ProcessInitializeOnLoadAttributes (359ms)
			ProcessInitializeOnLoadMethodAttributes (117ms)
			AfterProcessingInitializeOnLoad (5ms)
			EditorAssembliesLoaded (0ms)
		ExecutionOrderSort2 (0ms)
		AwakeInstancesAfterBackupRestoration (6ms)
Launched and connected shader compiler UnityShaderCompiler.exe after 0.02 seconds
Refreshing native plugins compatible for Editor in 1.61 ms, found 5 plugins.
Preloading 0 native plugins for Editor in 0.00 ms.
Unloading 16 Unused Serialized files (Serialized files now loaded: 0)
Unloading 7169 unused Assets / (4.7 MB). Loaded Objects now: 7980.
Memory consumption went from 155.7 MB to 150.9 MB.
Total: 10.297800 ms (FindLiveObjects: 0.785900 ms CreateObjectMapping: 0.583000 ms MarkObjects: 5.765600 ms  DeleteObjects: 3.161900 ms)

========================================================================
Received Prepare
Begin MonoManager ReloadAssembly
- Loaded All Assemblies, in  0.902 seconds
Refreshing native plugins compatible for Editor in 2.10 ms, found 5 plugins.
Native extension for WindowsStandalone target not found
[Package Manager] Failed to launch server process. Reason: Unity was launched with the -noUpm command-line argument
[Package Manager] Unable to send message (not connected to server process).
[Package Manager] Cannot connect to Unity Package Manager local server
[Package Manager] Failed to launch server process. Reason: Unity was launched with the -noUpm command-line argument
[Package Manager] Unable to send message (not connected to server process).
[Package Manager] Cannot connect to Unity Package Manager local server
ScheduleIndexationOnStartup MainProcess:False IndexOnStartup:True
Mono: successfully reloaded assembly
- Finished resetting the current domain, in  0.783 seconds
Domain Reload Profiling: 1676ms
	BeginReloadAssembly (234ms)
		ExecutionOrderSort (0ms)
		DisableScriptedObjects (15ms)
		BackupInstance (0ms)
		ReleaseScriptingObjects (0ms)
		CreateAndSetChildDomain (61ms)
	RebuildCommonClasses (43ms)
	RebuildNativeTypeToScriptingClass (13ms)
	initialDomainReloadingComplete (37ms)
	LoadAllAssembliesAndSetupDomain (565ms)
		LoadAssemblies (405ms)
		RebuildTransferFunctionScriptingTraits (0ms)
		AnalyzeDomain (262ms)
			TypeCache.Refresh (7ms)
				TypeCache.ScanAssembly (0ms)
			BuildScriptInfoCaches (238ms)
			ResolveRequiredComponents (11ms)
	FinalizeReload (784ms)
		ReleaseScriptCaches (0ms)
		RebuildScriptCaches (0ms)
		SetupLoadedEditorAssemblies (625ms)
			LogAssemblyErrors (0ms)
			InitializePlatformSupportModulesInManaged (3ms)
			SetLoadedEditorAssemblies (6ms)
			BeforeProcessingInitializeOnLoad (150ms)
			ProcessInitializeOnLoadAttributes (364ms)
			ProcessInitializeOnLoadMethodAttributes (94ms)
			AfterProcessingInitializeOnLoad (8ms)
			EditorAssembliesLoaded (1ms)
		ExecutionOrderSort2 (0ms)
		AwakeInstancesAfterBackupRestoration (20ms)
Refreshing native plugins compatible for Editor in 3.18 ms, found 5 plugins.
Preloading 0 native plugins for Editor in 0.00 ms.
Unloading 16 Unused Serialized files (Serialized files now loaded: 0)
Unloading 7167 unused Assets / (4.2 MB). Loaded Objects now: 7984.
Memory consumption went from 156.5 MB to 152.3 MB.
Total: 12.045500 ms (FindLiveObjects: 1.072400 ms CreateObjectMapping: 1.006900 ms MarkObjects: 7.188000 ms  DeleteObjects: 2.776800 ms)

Prepare: number of updated asset objects reloaded= 0
========================================================================
Received Import Request.
  Time since last request: 690583.638471 seconds.
  path: Assets/Prefags/Enemy.prefab
  artifactKey: Guid(673753f9545cf3c4f9cd5f54ec8b68a6) Importer(815301076,1909f56bfc062723c751e8b465ee728b)
Start importing Assets/Prefags/Enemy.prefab using Guid(673753f9545cf3c4f9cd5f54ec8b68a6) Importer(815301076,1909f56bfc062723c751e8b465ee728b) (PreviewImporter) -> (artifact id: 'e60aed1291b648eed005fe19f9cf101a') in 0.3512206 seconds
Number of updated asset objects reloaded before import = 0Number of asset objects unloaded after import = 12

========================================================================
Received Import Request.
  Time since last request: 2.150821 seconds.
  path: Assets/Prefags/Enemy.prefab
  artifactKey: Guid(673753f9545cf3c4f9cd5f54ec8b68a6) Importer(815301076,1909f56bfc062723c751e8b465ee728b)
Start importing Assets/Prefags/Enemy.prefab using Guid(673753f9545cf3c4f9cd5f54ec8b68a6) Importer(815301076,1909f56bfc062723c751e8b465ee728b) (PreviewImporter) -> (artifact id: '1adfa55c2ff0b7acb5ef427c8aaf860c') in 0.0092088 seconds
Number of updated asset objects reloaded before import = 0Number of asset objects unloaded after import = 12

========================================================================
Received Prepare
Begin MonoManager ReloadAssembly
[Licensing::Client] Successfully resolved entitlement details
- Loaded All Assemblies, in  0.787 seconds
Refreshing native plugins compatible for Editor in 2.29 ms, found 5 plugins.
Native extension for WindowsStandalone target not found
[Package Manager] Failed to launch server process. Reason: Unity was launched with the -noUpm command-line argument
[Package Manager] Unable to send message (not connected to server process).
[Package Manager] Cannot connect to Unity Package Manager local server
[Package Manager] Failed to launch server process. Reason: Unity was launched with the -noUpm command-line argument
[Package Manager] Unable to send message (not connected to server process).
[Package Manager] Cannot connect to Unity Package Manager local server
ScheduleIndexationOnStartup MainProcess:False IndexOnStartup:True
Mono: successfully reloaded assembly
- Finished resetting the current domain, in  0.688 seconds
Domain Reload Profiling: 1472ms
	BeginReloadAssembly (223ms)
		ExecutionOrderSort (0ms)
		DisableScriptedObjects (24ms)
		BackupInstance (0ms)
		ReleaseScriptingObjects (0ms)
		CreateAndSetChildDomain (65ms)
	RebuildCommonClasses (38ms)
	RebuildNativeTypeToScriptingClass (16ms)
	initialDomainReloadingComplete (33ms)
	LoadAllAssembliesAndSetupDomain (474ms)
		LoadAssemblies (336ms)
		RebuildTransferFunctionScriptingTraits (0ms)
		AnalyzeDomain (217ms)
			TypeCache.Refresh (7ms)
				TypeCache.ScanAssembly (0ms)
			BuildScriptInfoCaches (196ms)
			ResolveRequiredComponents (8ms)
	FinalizeReload (689ms)
		ReleaseScriptCaches (0ms)
		RebuildScriptCaches (0ms)
		SetupLoadedEditorAssemblies (535ms)
			LogAssemblyErrors (0ms)
			InitializePlatformSupportModulesInManaged (3ms)
			SetLoadedEditorAssemblies (3ms)
			BeforeProcessingInitializeOnLoad (128ms)
			ProcessInitializeOnLoadAttributes (313ms)
			ProcessInitializeOnLoadMethodAttributes (84ms)
			AfterProcessingInitializeOnLoad (4ms)
			EditorAssembliesLoaded (0ms)
		ExecutionOrderSort2 (0ms)
		AwakeInstancesAfterBackupRestoration (17ms)
Refreshing native plugins compatible for Editor in 2.83 ms, found 5 plugins.
Preloading 0 native plugins for Editor in 0.00 ms.
Unloading 16 Unused Serialized files (Serialized files now loaded: 0)
Unloading 7167 unused Assets / (4.3 MB). Loaded Objects now: 8018.
Memory consumption went from 158.8 MB to 154.5 MB.
Total: 11.096000 ms (FindLiveObjects: 0.952700 ms CreateObjectMapping: 0.535700 ms MarkObjects: 6.466000 ms  DeleteObjects: 3.139800 ms)

Prepare: number of updated asset objects reloaded= 0
========================================================================
Received Import Request.
  Time since last request: 215.971836 seconds.
  path: Assets/Prefags/Enemy.prefab
  artifactKey: Guid(673753f9545cf3c4f9cd5f54ec8b68a6) Importer(815301076,1909f56bfc062723c751e8b465ee728b)
Start importing Assets/Prefags/Enemy.prefab using Guid(673753f9545cf3c4f9cd5f54ec8b68a6) Importer(815301076,1909f56bfc062723c751e8b465ee728b) (PreviewImporter) -> (artifact id: '9124c0d56317f3f6a093e436196edeb9') in 0.3641609 seconds
Number of updated asset objects reloaded before import = 0Number of asset objects unloaded after import = 10

========================================================================
Received Import Request.
  Time since last request: 228.702497 seconds.
  path: Assets/SpriteSheets/coins
  artifactKey: Guid(04c93f36a2f00374ea2b36eeb7c924aa) Importer(815301076,1909f56bfc062723c751e8b465ee728b)
Start importing Assets/SpriteSheets/coins using Guid(04c93f36a2f00374ea2b36eeb7c924aa) Importer(815301076,1909f56bfc062723c751e8b465ee728b) (PreviewImporter) -> (artifact id: 'c84d6508bd915f6ecc40e761ce526868') in 0.0009713 seconds
Number of updated asset objects reloaded before import = 0Number of asset objects unloaded after import = 0

========================================================================
Received Import Request.
  Time since last request: 0.065198 seconds.
  path: Assets/SpriteSheets/coins/coin1.png
  artifactKey: Guid(41f4b6cb56c1eb54c877451287af570b) Importer(815301076,1909f56bfc062723c751e8b465ee728b)
Start importing Assets/SpriteSheets/coins/coin1.png using Guid(41f4b6cb56c1eb54c877451287af570b) Importer(815301076,1909f56bfc062723c751e8b465ee728b) (PreviewImporter) -> (artifact id: 'f47333eaf603d5023c72e49f2b929673') in 0.1381741 seconds
Number of updated asset objects reloaded before import = 0Number of asset objects unloaded after import = 17

========================================================================
Received Import Request.
  Time since last request: 15.361135 seconds.
  path: Assets/SpriteSheets/coins/coin1.png
  artifactKey: Guid(41f4b6cb56c1eb54c877451287af570b) Importer(815301076,1909f56bfc062723c751e8b465ee728b)
Start importing Assets/SpriteSheets/coins/coin1.png using Guid(41f4b6cb56c1eb54c877451287af570b) Importer(815301076,1909f56bfc062723c751e8b465ee728b) (PreviewImporter) -> (artifact id: '7fd93032d98192998db864dc0aee7c4e') in 0.0835095 seconds
Number of updated asset objects reloaded before import = 0Number of asset objects unloaded after import = 17

========================================================================
Received Import Request.
  Time since last request: 90.154466 seconds.
  path: Assets/Prefags/Coin1.prefab
  artifactKey: Guid(b0ffa1a188b3c784da2d85adab1f6f8a) Importer(815301076,1909f56bfc062723c751e8b465ee728b)
Start importing Assets/Prefags/Coin1.prefab using Guid(b0ffa1a188b3c784da2d85adab1f6f8a) Importer(815301076,1909f56bfc062723c751e8b465ee728b) (PreviewImporter)The Animator Controller (coin1_0) you have used is not valid. Animations will not play
UnityEngine.Debug:ExtractStackTraceNoAlloc (byte*,int,string)
UnityEngine.StackTraceUtility:ExtractStackTrace ()
UnityEditor.EditorUtility:Internal_InstantiateRemoveAllNonAnimationComponentsSingle (UnityEngine.Object,UnityEngine.Vector3,UnityEngine.Quaternion)
UnityEditor.EditorUtility:InstantiateRemoveAllNonAnimationComponents (UnityEngine.Object,UnityEngine.Vector3,UnityEngine.Quaternion)
UnityEditor.EditorUtility:InstantiateForAnimatorPreview (UnityEngine.Object)
UnityEditor.GameObjectInspector/PreviewData:UpdateGameObject (UnityEngine.Object)
UnityEditor.GameObjectInspector/PreviewData:.ctor (UnityEngine.Object,bool)
UnityEditor.GameObjectInspector:GetPreviewData (bool)
UnityEditor.GameObjectInspector:RenderStaticPreview (string,UnityEngine.Object[],int,int)
UnityEditor.AssetPreviewUpdater:CreatePreview (UnityEngine.Object,UnityEngine.Object[],string,int,int)
UnityEditor.AssetPreviewUpdater:CreatePreviewForAsset (UnityEngine.Object,UnityEngine.Object[],string)

[C:\build\output\unity\unity\Modules\Animation\Director\AnimatorControllerPlayable.cpp line 332]

 -> (artifact id: 'fbfe7e78887a8ed42c0bdb15a239efd8') in 0.015492 seconds
Number of updated asset objects reloaded before import = 0Number of asset objects unloaded after import = 9

========================================================================
Received Import Request.
  Time since last request: 35.580018 seconds.
  path: Assets/SpriteSheets/coins/coin2.png
  artifactKey: Guid(d3af78b790f112b48857c0955adce646) Importer(815301076,1909f56bfc062723c751e8b465ee728b)
Start importing Assets/SpriteSheets/coins/coin2.png using Guid(d3af78b790f112b48857c0955adce646) Importer(815301076,1909f56bfc062723c751e8b465ee728b) (PreviewImporter) -> (artifact id: '73dd0814109ee2a4dfa6b2d1c079b625') in 0.0375165 seconds
Number of updated asset objects reloaded before import = 0Number of asset objects unloaded after import = 10

========================================================================
Received Import Request.
  Time since last request: 39.419581 seconds.
  path: Assets/SpriteSheets/coins/coin2.png
  artifactKey: Guid(d3af78b790f112b48857c0955adce646) Importer(815301076,1909f56bfc062723c751e8b465ee728b)
Start importing Assets/SpriteSheets/coins/coin2.png using Guid(d3af78b790f112b48857c0955adce646) Importer(815301076,1909f56bfc062723c751e8b465ee728b) (PreviewImporter) -> (artifact id: '81d75a5806ab3b3cf84af138d2244db0') in 0.0431293 seconds
Number of updated asset objects reloaded before import = 0Number of asset objects unloaded after import = 10

========================================================================
Received Import Request.
  Time since last request: 75.599200 seconds.
  path: Assets/Prefags/coin2.prefab
  artifactKey: Guid(0aadcbf12514a614c83b2cfa805593f2) Importer(815301076,1909f56bfc062723c751e8b465ee728b)
Start importing Assets/Prefags/coin2.prefab using Guid(0aadcbf12514a614c83b2cfa805593f2) Importer(815301076,1909f56bfc062723c751e8b465ee728b) (PreviewImporter)The Animator Controller (coin2) you have used is not valid. Animations will not play
UnityEngine.Debug:ExtractStackTraceNoAlloc (byte*,int,string)
UnityEngine.StackTraceUtility:ExtractStackTrace ()
UnityEditor.EditorUtility:Internal_InstantiateRemoveAllNonAnimationComponentsSingle (UnityEngine.Object,UnityEngine.Vector3,UnityEngine.Quaternion)
UnityEditor.EditorUtility:InstantiateRemoveAllNonAnimationComponents (UnityEngine.Object,UnityEngine.Vector3,UnityEngine.Quaternion)
UnityEditor.EditorUtility:InstantiateForAnimatorPreview (UnityEngine.Object)
UnityEditor.GameObjectInspector/PreviewData:UpdateGameObject (UnityEngine.Object)
UnityEditor.GameObjectInspector/PreviewData:.ctor (UnityEngine.Object,bool)
UnityEditor.GameObjectInspector:GetPreviewData (bool)
UnityEditor.GameObjectInspector:RenderStaticPreview (string,UnityEngine.Object[],int,int)
UnityEditor.AssetPreviewUpdater:CreatePreview (UnityEngine.Object,UnityEngine.Object[],string,int,int)
UnityEditor.AssetPreviewUpdater:CreatePreviewForAsset (UnityEngine.Object,UnityEngine.Object[],string)

[C:\build\output\unity\unity\Modules\Animation\Director\AnimatorControllerPlayable.cpp line 332]

 -> (artifact id: '40170f231d49ba670dade4a207c54c8b') in 0.0147084 seconds
Number of updated asset objects reloaded before import = 0Number of asset objects unloaded after import = 9

========================================================================
Received Import Request.
  Time since last request: 205.270311 seconds.
  path: Assets/Scripts/EnemyMovement.cs
  artifactKey: Guid(94dde27ba6989a947bfc608e8801ba1b) Importer(2089858483,b0f066a214c2f5e87bad3c948f4d605d)
Start importing Assets/Scripts/EnemyMovement.cs using Guid(94dde27ba6989a947bfc608e8801ba1b) Importer(2089858483,b0f066a214c2f5e87bad3c948f4d605d) (ScriptedImporter) -> (artifact id: 'a5e17b61a3cab3ce09e744ce6946d257') in 0.0898913 seconds
Number of updated asset objects reloaded before import = 0Number of asset objects unloaded after import = 0

========================================================================
Received Import Request.
  Time since last request: 0.000035 seconds.
  path: Assets/SpriteSheets/coins/coin1.png
  artifactKey: Guid(41f4b6cb56c1eb54c877451287af570b) Importer(2089858483,b0f066a214c2f5e87bad3c948f4d605d)
Start importing Assets/SpriteSheets/coins/coin1.png using Guid(41f4b6cb56c1eb54c877451287af570b) Importer(2089858483,b0f066a214c2f5e87bad3c948f4d605d) (ScriptedImporter) -> (artifact id: '9dce4939457807cfaaeaccd895a0a156') in 0.0891265 seconds
Number of updated asset objects reloaded before import = 0Number of asset objects unloaded after import = 17

========================================================================
Received Import Request.
  Time since last request: 0.000045 seconds.
  path: Assets/Animations/coin1_0.controller
  artifactKey: Guid(9098f8b38028611418467fcc3d8ea828) Importer(2089858483,b0f066a214c2f5e87bad3c948f4d605d)
Start importing Assets/Animations/coin1_0.controller using Guid(9098f8b38028611418467fcc3d8ea828) Importer(2089858483,b0f066a214c2f5e87bad3c948f4d605d) (ScriptedImporter) -> (artifact id: '2ad98cd1c93f5a681203fa9b8ab063e4') in 0.0046977 seconds
Number of updated asset objects reloaded before import = 0Number of asset objects unloaded after import = 1

========================================================================
Received Import Request.
  Time since last request: 0.000032 seconds.
  path: Assets/Prefags/coin2.prefab
  artifactKey: Guid(0aadcbf12514a614c83b2cfa805593f2) Importer(2089858483,b0f066a214c2f5e87bad3c948f4d605d)
Start importing Assets/Prefags/coin2.prefab using Guid(0aadcbf12514a614c83b2cfa805593f2) Importer(2089858483,b0f066a214c2f5e87bad3c948f4d605d) (ScriptedImporter) -> (artifact id: '2b7cd7d0b191afd7112d5cf4af453e10') in 0.0575773 seconds
Number of updated asset objects reloaded before import = 0Number of asset objects unloaded after import = 9

========================================================================
Received Import Request.
  Time since last request: 0.000053 seconds.
  path: Assets/Animations/Coin2.anim
  artifactKey: Guid(28f49bf58e092a94d893e445de20f51e) Importer(2089858483,b0f066a214c2f5e87bad3c948f4d605d)
Start importing Assets/Animations/Coin2.anim using Guid(28f49bf58e092a94d893e445de20f51e) Importer(2089858483,b0f066a214c2f5e87bad3c948f4d605d) (ScriptedImporter) -> (artifact id: 'd8d8aa5dc22ee1e000c1ea5d7c9ed510') in 0.0142004 seconds
Number of updated asset objects reloaded before import = 0Number of asset objects unloaded after import = 1

========================================================================
Received Prepare
Refreshing native plugins compatible for Editor in 1.98 ms, found 5 plugins.
Preloading 0 native plugins for Editor in 0.00 ms.
Unloading 16 Unused Serialized files (Serialized files now loaded: 0)
Unloading 7153 unused Assets / (4.2 MB). Loaded Objects now: 8137.
Memory consumption went from 159.5 MB to 155.4 MB.
Total: 12.700000 ms (FindLiveObjects: 0.881800 ms CreateObjectMapping: 0.407500 ms MarkObjects: 8.225600 ms  DeleteObjects: 3.183400 ms)

Prepare: number of updated asset objects reloaded= 0
========================================================================
Received Import Request.
  Time since last request: 50.655317 seconds.
  path: Assets/Scripts/PlayerCoins.cs
  artifactKey: Guid(65f165051d42933408deb3dcb9c33b6a) Importer(2089858483,b0f066a214c2f5e87bad3c948f4d605d)
Start importing Assets/Scripts/PlayerCoins.cs using Guid(65f165051d42933408deb3dcb9c33b6a) Importer(2089858483,b0f066a214c2f5e87bad3c948f4d605d) (ScriptedImporter) -> (artifact id: '6b0ba27b52527007dc593776f2e05170') in 0.0105167 seconds
Number of updated asset objects reloaded before import = 0Number of asset objects unloaded after import = 0

========================================================================
Received Prepare
Begin MonoManager ReloadAssembly
[Licensing::Client] Successfully resolved entitlement details
- Loaded All Assemblies, in  1.064 seconds
Refreshing native plugins compatible for Editor in 2.81 ms, found 5 plugins.
Native extension for WindowsStandalone target not found
[Package Manager] Failed to launch server process. Reason: Unity was launched with the -noUpm command-line argument
[Package Manager] Unable to send message (not connected to server process).
[Package Manager] Cannot connect to Unity Package Manager local server
[Package Manager] Failed to launch server process. Reason: Unity was launched with the -noUpm command-line argument
[Package Manager] Unable to send message (not connected to server process).
[Package Manager] Cannot connect to Unity Package Manager local server
ScheduleIndexationOnStartup MainProcess:False IndexOnStartup:True
Mono: successfully reloaded assembly
- Finished resetting the current domain, in  0.966 seconds
Domain Reload Profiling: 2031ms
	BeginReloadAssembly (321ms)
		ExecutionOrderSort (0ms)
		DisableScriptedObjects (38ms)
		BackupInstance (0ms)
		ReleaseScriptingObjects (0ms)
		CreateAndSetChildDomain (84ms)
	RebuildCommonClasses (37ms)
	RebuildNativeTypeToScriptingClass (12ms)
	initialDomainReloadingComplete (40ms)
	LoadAllAssembliesAndSetupDomain (656ms)
		LoadAssemblies (477ms)
		RebuildTransferFunctionScriptingTraits (0ms)
		AnalyzeDomain (301ms)
			TypeCache.Refresh (14ms)
				TypeCache.ScanAssembly (0ms)
			BuildScriptInfoCaches (269ms)
			ResolveRequiredComponents (12ms)
	FinalizeReload (966ms)
		ReleaseScriptCaches (0ms)
		RebuildScriptCaches (0ms)
		SetupLoadedEditorAssemblies (754ms)
			LogAssemblyErrors (0ms)
			InitializePlatformSupportModulesInManaged (3ms)
			SetLoadedEditorAssemblies (5ms)
			BeforeProcessingInitializeOnLoad (193ms)
			ProcessInitializeOnLoadAttributes (446ms)
			ProcessInitializeOnLoadMethodAttributes (97ms)
			AfterProcessingInitializeOnLoad (9ms)
			EditorAssembliesLoaded (1ms)
		ExecutionOrderSort2 (0ms)
		AwakeInstancesAfterBackupRestoration (25ms)
Refreshing native plugins compatible for Editor in 2.66 ms, found 5 plugins.
Preloading 0 native plugins for Editor in 0.00 ms.
Unloading 16 Unused Serialized files (Serialized files now loaded: 0)
Unloading 7168 unused Assets / (4.1 MB). Loaded Objects now: 8067.
Memory consumption went from 158.9 MB to 154.8 MB.
Total: 12.423800 ms (FindLiveObjects: 1.381600 ms CreateObjectMapping: 0.828800 ms MarkObjects: 7.112900 ms  DeleteObjects: 3.098100 ms)

Prepare: number of updated asset objects reloaded= 0
========================================================================
Received Import Request.
  Time since last request: 9.140366 seconds.
  path: Assets/Scripts/PlayerCoins.cs
  artifactKey: Guid(65f165051d42933408deb3dcb9c33b6a) Importer(815301076,1909f56bfc062723c751e8b465ee728b)
Start importing Assets/Scripts/PlayerCoins.cs using Guid(65f165051d42933408deb3dcb9c33b6a) Importer(815301076,1909f56bfc062723c751e8b465ee728b) (PreviewImporter) -> (artifact id: '00000000000000000000000000000000') in 0.0100338 seconds
Import Error Code:(4)
Message: Build asset version error: assets/scripts/playercoins.cs in SourceAssetDB has modification time of '2026-05-01T21:40:32.5620972Z' while content on disk has modification time of '2026-05-01T21:40:41.3586891Z'
  ERROR: Build asset version error: assets/scripts/playercoins.cs in SourceAssetDB has modification time of '2026-05-01T21:40:32.5620972Z' while content on disk has modification time of '2026-05-01T21:40:41.3586891Z'
Number of updated asset objects reloaded before import = 0Number of asset objects unloaded after import = 0

========================================================================
Received Import Request.
  Time since last request: 0.000018 seconds.
  path: Assets/Scripts/PlayerCoins.cs
  artifactKey: Guid(65f165051d42933408deb3dcb9c33b6a) Importer(815301076,1909f56bfc062723c751e8b465ee728b)
Start importing Assets/Scripts/PlayerCoins.cs using Guid(65f165051d42933408deb3dcb9c33b6a) Importer(815301076,1909f56bfc062723c751e8b465ee728b) (PreviewImporter) -> (artifact id: '00000000000000000000000000000000') in 0.0006746 seconds
Import Error Code:(4)
Message: Build asset version error: assets/scripts/playercoins.cs in SourceAssetDB has modification time of '2026-05-01T21:40:32.5620972Z' while content on disk has modification time of '2026-05-01T21:40:41.3586891Z'
  ERROR: Build asset version error: assets/scripts/playercoins.cs in SourceAssetDB has modification time of '2026-05-01T21:40:32.5620972Z' while content on disk has modification time of '2026-05-01T21:40:41.3586891Z'
Number of updated asset objects reloaded before import = 0Number of asset objects unloaded after import = 0

========================================================================
Received Import Request.
  Time since last request: 0.000016 seconds.
  path: Assets/Scripts/PlayerCoins.cs
  artifactKey: Guid(65f165051d42933408deb3dcb9c33b6a) Importer(815301076,1909f56bfc062723c751e8b465ee728b)
Start importing Assets/Scripts/PlayerCoins.cs using Guid(65f165051d42933408deb3dcb9c33b6a) Importer(815301076,1909f56bfc062723c751e8b465ee728b) (PreviewImporter) -> (artifact id: '00000000000000000000000000000000') in 0.0006546 seconds
Import Error Code:(4)
Message: Build asset version error: assets/scripts/playercoins.cs in SourceAssetDB has modification time of '2026-05-01T21:40:32.5620972Z' while content on disk has modification time of '2026-05-01T21:40:41.3586891Z'
  ERROR: Build asset version error: assets/scripts/playercoins.cs in SourceAssetDB has modification time of '2026-05-01T21:40:32.5620972Z' while content on disk has modification time of '2026-05-01T21:40:41.3586891Z'
Number of updated asset objects reloaded before import = 0Number of asset objects unloaded after import = 0

========================================================================
Received Import Request.
  Time since last request: 0.000017 seconds.
  path: Assets/Scripts/PlayerCoins.cs
  artifactKey: Guid(65f165051d42933408deb3dcb9c33b6a) Importer(815301076,1909f56bfc062723c751e8b465ee728b)
Start importing Assets/Scripts/PlayerCoins.cs using Guid(65f165051d42933408deb3dcb9c33b6a) Importer(815301076,1909f56bfc062723c751e8b465ee728b) (PreviewImporter) -> (artifact id: '00000000000000000000000000000000') in 0.0006053 seconds
Import Error Code:(4)
Message: Build asset version error: assets/scripts/playercoins.cs in SourceAssetDB has modification time of '2026-05-01T21:40:32.5620972Z' while content on disk has modification time of '2026-05-01T21:40:41.3586891Z'
  ERROR: Build asset version error: assets/scripts/playercoins.cs in SourceAssetDB has modification time of '2026-05-01T21:40:32.5620972Z' while content on disk has modification time of '2026-05-01T21:40:41.3586891Z'
Number of updated asset objects reloaded before import = 0Number of asset objects unloaded after import = 0

========================================================================
Received Import Request.
  Time since last request: 0.000029 seconds.
  path: Assets/Scripts/PlayerCoins.cs
  artifactKey: Guid(65f165051d42933408deb3dcb9c33b6a) Importer(815301076,1909f56bfc062723c751e8b465ee728b)
Start importing Assets/Scripts/PlayerCoins.cs using Guid(65f165051d42933408deb3dcb9c33b6a) Importer(815301076,1909f56bfc062723c751e8b465ee728b) (PreviewImporter) -> (artifact id: '00000000000000000000000000000000') in 0.0007439 seconds
Import Error Code:(4)
Message: Build asset version error: assets/scripts/playercoins.cs in SourceAssetDB has modification time of '2026-05-01T21:40:32.5620972Z' while content on disk has modification time of '2026-05-01T21:40:41.3586891Z'
  ERROR: Build asset version error: assets/scripts/playercoins.cs in SourceAssetDB has modification time of '2026-05-01T21:40:32.5620972Z' while content on disk has modification time of '2026-05-01T21:40:41.3586891Z'
Number of updated asset objects reloaded before import = 0Number of asset objects unloaded after import = 0

========================================================================
Received Import Request.
  Time since last request: 0.000018 seconds.
  path: Assets/Scripts/PlayerCoins.cs
  artifactKey: Guid(65f165051d42933408deb3dcb9c33b6a) Importer(815301076,1909f56bfc062723c751e8b465ee728b)
Start importing Assets/Scripts/PlayerCoins.cs using Guid(65f165051d42933408deb3dcb9c33b6a) Importer(815301076,1909f56bfc062723c751e8b465ee728b) (PreviewImporter) -> (artifact id: '00000000000000000000000000000000') in 0.0006577 seconds
Import Error Code:(4)
Message: Build asset version error: assets/scripts/playercoins.cs in SourceAssetDB has modification time of '2026-05-01T21:40:32.5620972Z' while content on disk has modification time of '2026-05-01T21:40:41.3586891Z'
  ERROR: Build asset version error: assets/scripts/playercoins.cs in SourceAssetDB has modification time of '2026-05-01T21:40:32.5620972Z' while content on disk has modification time of '2026-05-01T21:40:41.3586891Z'
Number of updated asset objects reloaded before import = 0Number of asset objects unloaded after import = 0

========================================================================
Received Import Request.
  Time since last request: 0.000018 seconds.
  path: Assets/Scripts/PlayerCoins.cs
  artifactKey: Guid(65f165051d42933408deb3dcb9c33b6a) Importer(815301076,1909f56bfc062723c751e8b465ee728b)
Start importing Assets/Scripts/PlayerCoins.cs using Guid(65f165051d42933408deb3dcb9c33b6a) Importer(815301076,1909f56bfc062723c751e8b465ee728b) (PreviewImporter) -> (artifact id: '00000000000000000000000000000000') in 0.0007096 seconds
Import Error Code:(4)
Message: Build asset version error: assets/scripts/playercoins.cs in SourceAssetDB has modification time of '2026-05-01T21:40:32.5620972Z' while content on disk has modification time of '2026-05-01T21:40:41.3586891Z'
  ERROR: Build asset version error: assets/scripts/playercoins.cs in SourceAssetDB has modification time of '2026-05-01T21:40:32.5620972Z' while content on disk has modification time of '2026-05-01T21:40:41.3586891Z'
Number of updated asset objects reloaded before import = 0Number of asset objects unloaded after import = 0

========================================================================
Received Import Request.
  Time since last request: 0.000020 seconds.
  path: Assets/Scripts/PlayerCoins.cs
  artifactKey: Guid(65f165051d42933408deb3dcb9c33b6a) Importer(815301076,1909f56bfc062723c751e8b465ee728b)
Start importing Assets/Scripts/PlayerCoins.cs using Guid(65f165051d42933408deb3dcb9c33b6a) Importer(815301076,1909f56bfc062723c751e8b465ee728b) (PreviewImporter) -> (artifact id: '00000000000000000000000000000000') in 0.0009173 seconds
Import Error Code:(4)
Message: Build asset version error: assets/scripts/playercoins.cs in SourceAssetDB has modification time of '2026-05-01T21:40:32.5620972Z' while content on disk has modification time of '2026-05-01T21:40:41.3586891Z'
  ERROR: Build asset version error: assets/scripts/playercoins.cs in SourceAssetDB has modification time of '2026-05-01T21:40:32.5620972Z' while content on disk has modification time of '2026-05-01T21:40:41.3586891Z'
Number of updated asset objects reloaded before import = 0Number of asset objects unloaded after import = 0

========================================================================
Received Import Request.
  Time since last request: 0.000039 seconds.
  path: Assets/Scripts/PlayerCoins.cs
  artifactKey: Guid(65f165051d42933408deb3dcb9c33b6a) Importer(815301076,1909f56bfc062723c751e8b465ee728b)
Start importing Assets/Scripts/PlayerCoins.cs using Guid(65f165051d42933408deb3dcb9c33b6a) Importer(815301076,1909f56bfc062723c751e8b465ee728b) (PreviewImporter) -> (artifact id: '00000000000000000000000000000000') in 0.0007916 seconds
Import Error Code:(4)
Message: Build asset version error: assets/scripts/playercoins.cs in SourceAssetDB has modification time of '2026-05-01T21:40:32.5620972Z' while content on disk has modification time of '2026-05-01T21:40:41.3586891Z'
  ERROR: Build asset version error: assets/scripts/playercoins.cs in SourceAssetDB has modification time of '2026-05-01T21:40:32.5620972Z' while content on disk has modification time of '2026-05-01T21:40:41.3586891Z'
Number of updated asset objects reloaded before import = 0Number of asset objects unloaded after import = 0

========================================================================
Received Import Request.
  Time since last request: 0.000055 seconds.
  path: Assets/Scripts/PlayerCoins.cs
  artifactKey: Guid(65f165051d42933408deb3dcb9c33b6a) Importer(815301076,1909f56bfc062723c751e8b465ee728b)
Start importing Assets/Scripts/PlayerCoins.cs using Guid(65f165051d42933408deb3dcb9c33b6a) Importer(815301076,1909f56bfc062723c751e8b465ee728b) (PreviewImporter) -> (artifact id: '00000000000000000000000000000000') in 0.0008286 seconds
Import Error Code:(4)
Message: Build asset version error: assets/scripts/playercoins.cs in SourceAssetDB has modification time of '2026-05-01T21:40:32.5620972Z' while content on disk has modification time of '2026-05-01T21:40:41.3586891Z'
  ERROR: Build asset version error: assets/scripts/playercoins.cs in SourceAssetDB has modification time of '2026-05-01T21:40:32.5620972Z' while content on disk has modification time of '2026-05-01T21:40:41.3586891Z'
Number of updated asset objects reloaded before import = 0Number of asset objects unloaded after import = 0

========================================================================
Received Import Request.
  Time since last request: 0.000017 seconds.
  path: Assets/Scripts/PlayerCoins.cs
  artifactKey: Guid(65f165051d42933408deb3dcb9c33b6a) Importer(815301076,1909f56bfc062723c751e8b465ee728b)
Start importing Assets/Scripts/PlayerCoins.cs using Guid(65f165051d42933408deb3dcb9c33b6a) Importer(815301076,1909f56bfc062723c751e8b465ee728b) (PreviewImporter) -> (artifact id: '00000000000000000000000000000000') in 0.0006145 seconds
Import Error Code:(4)
Message: Build asset version error: assets/scripts/playercoins.cs in SourceAssetDB has modification time of '2026-05-01T21:40:32.5620972Z' while content on disk has modification time of '2026-05-01T21:40:41.3586891Z'
  ERROR: Build asset version error: assets/scripts/playercoins.cs in SourceAssetDB has modification time of '2026-05-01T21:40:32.5620972Z' while content on disk has modification time of '2026-05-01T21:40:41.3586891Z'
Number of updated asset objects reloaded before import = 0Number of asset objects unloaded after import = 0

========================================================================
Received Import Request.
  Time since last request: 0.000019 seconds.
  path: Assets/Scripts/PlayerCoins.cs
  artifactKey: Guid(65f165051d42933408deb3dcb9c33b6a) Importer(815301076,1909f56bfc062723c751e8b465ee728b)
Start importing Assets/Scripts/PlayerCoins.cs using Guid(65f165051d42933408deb3dcb9c33b6a) Importer(815301076,1909f56bfc062723c751e8b465ee728b) (PreviewImporter) -> (artifact id: '00000000000000000000000000000000') in 0.000749 seconds
Import Error Code:(4)
Message: Build asset version error: assets/scripts/playercoins.cs in SourceAssetDB has modification time of '2026-05-01T21:40:32.5620972Z' while content on disk has modification time of '2026-05-01T21:40:41.3586891Z'
  ERROR: Build asset version error: assets/scripts/playercoins.cs in SourceAssetDB has modification time of '2026-05-01T21:40:32.5620972Z' while content on disk has modification time of '2026-05-01T21:40:41.3586891Z'
Number of updated asset objects reloaded before import = 0Number of asset objects unloaded after import = 0

========================================================================
Received Import Request.
  Time since last request: 0.000018 seconds.
  path: Assets/Scripts/PlayerCoins.cs
  artifactKey: Guid(65f165051d42933408deb3dcb9c33b6a) Importer(815301076,1909f56bfc062723c751e8b465ee728b)
Start importing Assets/Scripts/PlayerCoins.cs using Guid(65f165051d42933408deb3dcb9c33b6a) Importer(815301076,1909f56bfc062723c751e8b465ee728b) (PreviewImporter) -> (artifact id: '00000000000000000000000000000000') in 0.0007591 seconds
Import Error Code:(4)
Message: Build asset version error: assets/scripts/playercoins.cs in SourceAssetDB has modification time of '2026-05-01T21:40:32.5620972Z' while content on disk has modification time of '2026-05-01T21:40:41.3586891Z'
  ERROR: Build asset version error: assets/scripts/playercoins.cs in SourceAssetDB has modification time of '2026-05-01T21:40:32.5620972Z' while content on disk has modification time of '2026-05-01T21:40:41.3586891Z'
Number of updated asset objects reloaded before import = 0Number of asset objects unloaded after import = 0

========================================================================
Received Import Request.
  Time since last request: 0.000019 seconds.
  path: Assets/Scripts/PlayerCoins.cs
  artifactKey: Guid(65f165051d42933408deb3dcb9c33b6a) Importer(815301076,1909f56bfc062723c751e8b465ee728b)
Start importing Assets/Scripts/PlayerCoins.cs using Guid(65f165051d42933408deb3dcb9c33b6a) Importer(815301076,1909f56bfc062723c751e8b465ee728b) (PreviewImporter) -> (artifact id: '00000000000000000000000000000000') in 0.000791 seconds
Import Error Code:(4)
Message: Build asset version error: assets/scripts/playercoins.cs in SourceAssetDB has modification time of '2026-05-01T21:40:32.5620972Z' while content on disk has modification time of '2026-05-01T21:40:41.3586891Z'
  ERROR: Build asset version error: assets/scripts/playercoins.cs in SourceAssetDB has modification time of '2026-05-01T21:40:32.5620972Z' while content on disk has modification time of '2026-05-01T21:40:41.3586891Z'
Number of updated asset objects reloaded before import = 0Number of asset objects unloaded after import = 0

========================================================================
Received Import Request.
  Time since last request: 0.000029 seconds.
  path: Assets/Scripts/PlayerCoins.cs
  artifactKey: Guid(65f165051d42933408deb3dcb9c33b6a) Importer(815301076,1909f56bfc062723c751e8b465ee728b)
Start importing Assets/Scripts/PlayerCoins.cs using Guid(65f165051d42933408deb3dcb9c33b6a) Importer(815301076,1909f56bfc062723c751e8b465ee728b) (PreviewImporter) -> (artifact id: '00000000000000000000000000000000') in 0.0007646 seconds
Import Error Code:(4)
Message: Build asset version error: assets/scripts/playercoins.cs in SourceAssetDB has modification time of '2026-05-01T21:40:32.5620972Z' while content on disk has modification time of '2026-05-01T21:40:41.3586891Z'
  ERROR: Build asset version error: assets/scripts/playercoins.cs in SourceAssetDB has modification time of '2026-05-01T21:40:32.5620972Z' while content on disk has modification time of '2026-05-01T21:40:41.3586891Z'
Number of updated asset objects reloaded before import = 0Number of asset objects unloaded after import = 0

========================================================================
Received Import Request.
  Time since last request: 0.000020 seconds.
  path: Assets/Scripts/PlayerCoins.cs
  artifactKey: Guid(65f165051d42933408deb3dcb9c33b6a) Importer(815301076,1909f56bfc062723c751e8b465ee728b)
Start importing Assets/Scripts/PlayerCoins.cs using Guid(65f165051d42933408deb3dcb9c33b6a) Importer(815301076,1909f56bfc062723c751e8b465ee728b) (PreviewImporter) -> (artifact id: '00000000000000000000000000000000') in 0.0007089 seconds
Import Error Code:(4)
Message: Build asset version error: assets/scripts/playercoins.cs in SourceAssetDB has modification time of '2026-05-01T21:40:32.5620972Z' while content on disk has modification time of '2026-05-01T21:40:41.3586891Z'
  ERROR: Build asset version error: assets/scripts/playercoins.cs in SourceAssetDB has modification time of '2026-05-01T21:40:32.5620972Z' while content on disk has modification time of '2026-05-01T21:40:41.3586891Z'
Number of updated asset objects reloaded before import = 0Number of asset objects unloaded after import = 0

========================================================================
Received Import Request.
  Time since last request: 0.000019 seconds.
  path: Assets/Scripts/PlayerCoins.cs
  artifactKey: Guid(65f165051d42933408deb3dcb9c33b6a) Importer(815301076,1909f56bfc062723c751e8b465ee728b)
Start importing Assets/Scripts/PlayerCoins.cs using Guid(65f165051d42933408deb3dcb9c33b6a) Importer(815301076,1909f56bfc062723c751e8b465ee728b) (PreviewImporter) -> (artifact id: '00000000000000000000000000000000') in 0.0010267 seconds
Import Error Code:(4)
Message: Build asset version error: assets/scripts/playercoins.cs in SourceAssetDB has modification time of '2026-05-01T21:40:32.5620972Z' while content on disk has modification time of '2026-05-01T21:40:41.3586891Z'
  ERROR: Build asset version error: assets/scripts/playercoins.cs in SourceAssetDB has modification time of '2026-05-01T21:40:32.5620972Z' while content on disk has modification time of '2026-05-01T21:40:41.3586891Z'
Number of updated asset objects reloaded before import = 0Number of asset objects unloaded after import = 0

========================================================================
Received Import Request.
  Time since last request: 0.000016 seconds.
  path: Assets/Scripts/PlayerCoins.cs
  artifactKey: Guid(65f165051d42933408deb3dcb9c33b6a) Importer(815301076,1909f56bfc062723c751e8b465ee728b)
Start importing Assets/Scripts/PlayerCoins.cs using Guid(65f165051d42933408deb3dcb9c33b6a) Importer(815301076,1909f56bfc062723c751e8b465ee728b) (PreviewImporter) -> (artifact id: '00000000000000000000000000000000') in 0.0006449 seconds
Import Error Code:(4)
Message: Build asset version error: assets/scripts/playercoins.cs in SourceAssetDB has modification time of '2026-05-01T21:40:32.5620972Z' while content on disk has modification time of '2026-05-01T21:40:41.3586891Z'
  ERROR: Build asset version error: assets/scripts/playercoins.cs in SourceAssetDB has modification time of '2026-05-01T21:40:32.5620972Z' while content on disk has modification time of '2026-05-01T21:40:41.3586891Z'
Number of updated asset objects reloaded before import = 0Number of asset objects unloaded after import = 0

========================================================================
Received Import Request.
  Time since last request: 0.000021 seconds.
  path: Assets/Scripts/PlayerCoins.cs
  artifactKey: Guid(65f165051d42933408deb3dcb9c33b6a) Importer(815301076,1909f56bfc062723c751e8b465ee728b)
Start importing Assets/Scripts/PlayerCoins.cs using Guid(65f165051d42933408deb3dcb9c33b6a) Importer(815301076,1909f56bfc062723c751e8b465ee728b) (PreviewImporter) -> (artifact id: '00000000000000000000000000000000') in 0.0006323 seconds
Import Error Code:(4)
Message: Build asset version error: assets/scripts/playercoins.cs in SourceAssetDB has modification time of '2026-05-01T21:40:32.5620972Z' while content on disk has modification time of '2026-05-01T21:40:41.3586891Z'
  ERROR: Build asset version error: assets/scripts/playercoins.cs in SourceAssetDB has modification time of '2026-05-01T21:40:32.5620972Z' while content on disk has modification time of '2026-05-01T21:40:41.3586891Z'
Number of updated asset objects reloaded before import = 0Number of asset objects unloaded after import = 0

========================================================================
Received Import Request.
  Time since last request: 0.000041 seconds.
  path: Assets/Scripts/PlayerCoins.cs
  artifactKey: Guid(65f165051d42933408deb3dcb9c33b6a) Importer(815301076,1909f56bfc062723c751e8b465ee728b)
Start importing Assets/Scripts/PlayerCoins.cs using Guid(65f165051d42933408deb3dcb9c33b6a) Importer(815301076,1909f56bfc062723c751e8b465ee728b) (PreviewImporter) -> (artifact id: '00000000000000000000000000000000') in 0.0008967 seconds
Import Error Code:(4)
Message: Build asset version error: assets/scripts/playercoins.cs in SourceAssetDB has modification time of '2026-05-01T21:40:32.5620972Z' while content on disk has modification time of '2026-05-01T21:40:41.3586891Z'
  ERROR: Build asset version error: assets/scripts/playercoins.cs in SourceAssetDB has modification time of '2026-05-01T21:40:32.5620972Z' while content on disk has modification time of '2026-05-01T21:40:41.3586891Z'
Number of updated asset objects reloaded before import = 0Number of asset objects unloaded after import = 0

========================================================================
Received Import Request.
  Time since last request: 0.000018 seconds.
  path: Assets/Scripts/PlayerCoins.cs
  artifactKey: Guid(65f165051d42933408deb3dcb9c33b6a) Importer(815301076,1909f56bfc062723c751e8b465ee728b)
Start importing Assets/Scripts/PlayerCoins.cs using Guid(65f165051d42933408deb3dcb9c33b6a) Importer(815301076,1909f56bfc062723c751e8b465ee728b) (PreviewImporter) -> (artifact id: '00000000000000000000000000000000') in 0.0007085 seconds
Import Error Code:(4)
Message: Build asset version error: assets/scripts/playercoins.cs in SourceAssetDB has modification time of '2026-05-01T21:40:32.5620972Z' while content on disk has modification time of '2026-05-01T21:40:41.3586891Z'
  ERROR: Build asset version error: assets/scripts/playercoins.cs in SourceAssetDB has modification time of '2026-05-01T21:40:32.5620972Z' while content on disk has modification time of '2026-05-01T21:40:41.3586891Z'
Number of updated asset objects reloaded before import = 0Number of asset objects unloaded after import = 0

========================================================================
Received Import Request.
  Time since last request: 0.000020 seconds.
  path: Assets/Scripts/PlayerCoins.cs
  artifactKey: Guid(65f165051d42933408deb3dcb9c33b6a) Importer(815301076,1909f56bfc062723c751e8b465ee728b)
Start importing Assets/Scripts/PlayerCoins.cs using Guid(65f165051d42933408deb3dcb9c33b6a) Importer(815301076,1909f56bfc062723c751e8b465ee728b) (PreviewImporter) -> (artifact id: '00000000000000000000000000000000') in 0.0009074 seconds
Import Error Code:(4)
Message: Build asset version error: assets/scripts/playercoins.cs in SourceAssetDB has modification time of '2026-05-01T21:40:32.5620972Z' while content on disk has modification time of '2026-05-01T21:40:41.3586891Z'
  ERROR: Build asset version error: assets/scripts/playercoins.cs in SourceAssetDB has modification time of '2026-05-01T21:40:32.5620972Z' while content on disk has modification time of '2026-05-01T21:40:41.3586891Z'
Number of updated asset objects reloaded before import = 0Number of asset objects unloaded after import = 0

========================================================================
Received Import Request.
  Time since last request: 0.000017 seconds.
  path: Assets/Scripts/PlayerCoins.cs
  artifactKey: Guid(65f165051d42933408deb3dcb9c33b6a) Importer(815301076,1909f56bfc062723c751e8b465ee728b)
Start importing Assets/Scripts/PlayerCoins.cs using Guid(65f165051d42933408deb3dcb9c33b6a) Importer(815301076,1909f56bfc062723c751e8b465ee728b) (PreviewImporter) -> (artifact id: '00000000000000000000000000000000') in 0.0006521 seconds
Import Error Code:(4)
Message: Build asset version error: assets/scripts/playercoins.cs in SourceAssetDB has modification time of '2026-05-01T21:40:32.5620972Z' while content on disk has modification time of '2026-05-01T21:40:41.3586891Z'
  ERROR: Build asset version error: assets/scripts/playercoins.cs in SourceAssetDB has modification time of '2026-05-01T21:40:32.5620972Z' while content on disk has modification time of '2026-05-01T21:40:41.3586891Z'
Number of updated asset objects reloaded before import = 0Number of asset objects unloaded after import = 0

========================================================================
Received Import Request.
  Time since last request: 0.000019 seconds.
  path: Assets/Scripts/PlayerCoins.cs
  artifactKey: Guid(65f165051d42933408deb3dcb9c33b6a) Importer(815301076,1909f56bfc062723c751e8b465ee728b)
Start importing Assets/Scripts/PlayerCoins.cs using Guid(65f165051d42933408deb3dcb9c33b6a) Importer(815301076,1909f56bfc062723c751e8b465ee728b) (PreviewImporter) -> (artifact id: '00000000000000000000000000000000') in 0.0007286 seconds
Import Error Code:(4)
Message: Build asset version error: assets/scripts/playercoins.cs in SourceAssetDB has modification time of '2026-05-01T21:40:32.5620972Z' while content on disk has modification time of '2026-05-01T21:40:41.3586891Z'
  ERROR: Build asset version error: assets/scripts/playercoins.cs in SourceAssetDB has modification time of '2026-05-01T21:40:32.5620972Z' while content on disk has modification time of '2026-05-01T21:40:41.3586891Z'
Number of updated asset objects reloaded before import = 0Number of asset objects unloaded after import = 0

========================================================================
Received Import Request.
  Time since last request: 0.000032 seconds.
  path: Assets/Scripts/PlayerCoins.cs
  artifactKey: Guid(65f165051d42933408deb3dcb9c33b6a) Importer(815301076,1909f56bfc062723c751e8b465ee728b)
Start importing Assets/Scripts/PlayerCoins.cs using Guid(65f165051d42933408deb3dcb9c33b6a) Importer(815301076,1909f56bfc062723c751e8b465ee728b) (PreviewImporter) -> (artifact id: '00000000000000000000000000000000') in 0.0007178 seconds
Import Error Code:(4)
Message: Build asset version error: assets/scripts/playercoins.cs in SourceAssetDB has modification time of '2026-05-01T21:40:32.5620972Z' while content on disk has modification time of '2026-05-01T21:40:41.3586891Z'
  ERROR: Build asset version error: assets/scripts/playercoins.cs in SourceAssetDB has modification time of '2026-05-01T21:40:32.5620972Z' while content on disk has modification time of '2026-05-01T21:40:41.3586891Z'
Number of updated asset objects reloaded before import = 0Number of asset objects unloaded after import = 0

========================================================================
Received Import Request.
  Time since last request: 0.000020 seconds.
  path: Assets/Scripts/PlayerCoins.cs
  artifactKey: Guid(65f165051d42933408deb3dcb9c33b6a) Importer(815301076,1909f56bfc062723c751e8b465ee728b)
Start importing Assets/Scripts/PlayerCoins.cs using Guid(65f165051d42933408deb3dcb9c33b6a) Importer(815301076,1909f56bfc062723c751e8b465ee728b) (PreviewImporter) -> (artifact id: '00000000000000000000000000000000') in 0.0008837 seconds
Import Error Code:(4)
Message: Build asset version error: assets/scripts/playercoins.cs in SourceAssetDB has modification time of '2026-05-01T21:40:32.5620972Z' while content on disk has modification time of '2026-05-01T21:40:41.3586891Z'
  ERROR: Build asset version error: assets/scripts/playercoins.cs in SourceAssetDB has modification time of '2026-05-01T21:40:32.5620972Z' while content on disk has modification time of '2026-05-01T21:40:41.3586891Z'
Number of updated asset objects reloaded before import = 0Number of asset objects unloaded after import = 0

========================================================================
Received Import Request.
  Time since last request: 0.000020 seconds.
  path: Assets/Scripts/PlayerCoins.cs
  artifactKey: Guid(65f165051d42933408deb3dcb9c33b6a) Importer(815301076,1909f56bfc062723c751e8b465ee728b)
Start importing Assets/Scripts/PlayerCoins.cs using Guid(65f165051d42933408deb3dcb9c33b6a) Importer(815301076,1909f56bfc062723c751e8b465ee728b) (PreviewImporter) -> (artifact id: '00000000000000000000000000000000') in 0.0005972 seconds
Import Error Code:(4)
Message: Build asset version error: assets/scripts/playercoins.cs in SourceAssetDB has modification time of '2026-05-01T21:40:32.5620972Z' while content on disk has modification time of '2026-05-01T21:40:41.3586891Z'
  ERROR: Build asset version error: assets/scripts/playercoins.cs in SourceAssetDB has modification time of '2026-05-01T21:40:32.5620972Z' while content on disk has modification time of '2026-05-01T21:40:41.3586891Z'
Number of updated asset objects reloaded before import = 0Number of asset objects unloaded after import = 0

========================================================================
Received Import Request.
  Time since last request: 0.000019 seconds.
  path: Assets/Scripts/PlayerCoins.cs
  artifactKey: Guid(65f165051d42933408deb3dcb9c33b6a) Importer(815301076,1909f56bfc062723c751e8b465ee728b)
Start importing Assets/Scripts/PlayerCoins.cs using Guid(65f165051d42933408deb3dcb9c33b6a) Importer(815301076,1909f56bfc062723c751e8b465ee728b) (PreviewImporter) -> (artifact id: '00000000000000000000000000000000') in 0.0006889 seconds
Import Error Code:(4)
Message: Build asset version error: assets/scripts/playercoins.cs in SourceAssetDB has modification time of '2026-05-01T21:40:32.5620972Z' while content on disk has modification time of '2026-05-01T21:40:41.3586891Z'
  ERROR: Build asset version error: assets/scripts/playercoins.cs in SourceAssetDB has modification time of '2026-05-01T21:40:32.5620972Z' while content on disk has modification time of '2026-05-01T21:40:41.3586891Z'
Number of updated asset objects reloaded before import = 0Number of asset objects unloaded after import = 0

========================================================================
Received Import Request.
  Time since last request: 0.000019 seconds.
  path: Assets/Scripts/PlayerCoins.cs
  artifactKey: Guid(65f165051d42933408deb3dcb9c33b6a) Importer(815301076,1909f56bfc062723c751e8b465ee728b)
Start importing Assets/Scripts/PlayerCoins.cs using Guid(65f165051d42933408deb3dcb9c33b6a) Importer(815301076,1909f56bfc062723c751e8b465ee728b) (PreviewImporter) -> (artifact id: '00000000000000000000000000000000') in 0.000711 seconds
Import Error Code:(4)
Message: Build asset version error: assets/scripts/playercoins.cs in SourceAssetDB has modification time of '2026-05-01T21:40:32.5620972Z' while content on disk has modification time of '2026-05-01T21:40:41.3586891Z'
  ERROR: Build asset version error: assets/scripts/playercoins.cs in SourceAssetDB has modification time of '2026-05-01T21:40:32.5620972Z' while content on disk has modification time of '2026-05-01T21:40:41.3586891Z'
Number of updated asset objects reloaded before import = 0Number of asset objects unloaded after import = 0

========================================================================
Received Import Request.
  Time since last request: 0.000027 seconds.
  path: Assets/Scripts/PlayerCoins.cs
  artifactKey: Guid(65f165051d42933408deb3dcb9c33b6a) Importer(815301076,1909f56bfc062723c751e8b465ee728b)
Start importing Assets/Scripts/PlayerCoins.cs using Guid(65f165051d42933408deb3dcb9c33b6a) Importer(815301076,1909f56bfc062723c751e8b465ee728b) (PreviewImporter) -> (artifact id: '00000000000000000000000000000000') in 0.0007335 seconds
Import Error Code:(4)
Message: Build asset version error: assets/scripts/playercoins.cs in SourceAssetDB has modification time of '2026-05-01T21:40:32.5620972Z' while content on disk has modification time of '2026-05-01T21:40:41.3586891Z'
  ERROR: Build asset version error: assets/scripts/playercoins.cs in SourceAssetDB has modification time of '2026-05-01T21:40:32.5620972Z' while content on disk has modification time of '2026-05-01T21:40:41.3586891Z'
Number of updated asset objects reloaded before import = 0Number of asset objects unloaded after import = 0

========================================================================
Received Import Request.
  Time since last request: 0.000021 seconds.
  path: Assets/Scripts/PlayerCoins.cs
  artifactKey: Guid(65f165051d42933408deb3dcb9c33b6a) Importer(815301076,1909f56bfc062723c751e8b465ee728b)
Start importing Assets/Scripts/PlayerCoins.cs using Guid(65f165051d42933408deb3dcb9c33b6a) Importer(815301076,1909f56bfc062723c751e8b465ee728b) (PreviewImporter) -> (artifact id: '00000000000000000000000000000000') in 0.0006239 seconds
Import Error Code:(4)
Message: Build asset version error: assets/scripts/playercoins.cs in SourceAssetDB has modification time of '2026-05-01T21:40:32.5620972Z' while content on disk has modification time of '2026-05-01T21:40:41.3586891Z'
  ERROR: Build asset version error: assets/scripts/playercoins.cs in SourceAssetDB has modification time of '2026-05-01T21:40:32.5620972Z' while content on disk has modification time of '2026-05-01T21:40:41.3586891Z'
Number of updated asset objects reloaded before import = 0Number of asset objects unloaded after import = 0

========================================================================
Received Import Request.
  Time since last request: 0.000017 seconds.
  path: Assets/Scripts/PlayerCoins.cs
  artifactKey: Guid(65f165051d42933408deb3dcb9c33b6a) Importer(815301076,1909f56bfc062723c751e8b465ee728b)
Start importing Assets/Scripts/PlayerCoins.cs using Guid(65f165051d42933408deb3dcb9c33b6a) Importer(815301076,1909f56bfc062723c751e8b465ee728b) (PreviewImporter) -> (artifact id: '00000000000000000000000000000000') in 0.0006207 seconds
Import Error Code:(4)
Message: Build asset version error: assets/scripts/playercoins.cs in SourceAssetDB has modification time of '2026-05-01T21:40:32.5620972Z' while content on disk has modification time of '2026-05-01T21:40:41.3586891Z'
  ERROR: Build asset version error: assets/scripts/playercoins.cs in SourceAssetDB has modification time of '2026-05-01T21:40:32.5620972Z' while content on disk has modification time of '2026-05-01T21:40:41.3586891Z'
Number of updated asset objects reloaded before import = 0Number of asset objects unloaded after import = 0

========================================================================
Received Import Request.
  Time since last request: 0.000017 seconds.
  path: Assets/Scripts/PlayerCoins.cs
  artifactKey: Guid(65f165051d42933408deb3dcb9c33b6a) Importer(815301076,1909f56bfc062723c751e8b465ee728b)
Start importing Assets/Scripts/PlayerCoins.cs using Guid(65f165051d42933408deb3dcb9c33b6a) Importer(815301076,1909f56bfc062723c751e8b465ee728b) (PreviewImporter) -> (artifact id: '00000000000000000000000000000000') in 0.0006613 seconds
Import Error Code:(4)
Message: Build asset version error: assets/scripts/playercoins.cs in SourceAssetDB has modification time of '2026-05-01T21:40:32.5620972Z' while content on disk has modification time of '2026-05-01T21:40:41.3586891Z'
  ERROR: Build asset version error: assets/scripts/playercoins.cs in SourceAssetDB has modification time of '2026-05-01T21:40:32.5620972Z' while content on disk has modification time of '2026-05-01T21:40:41.3586891Z'
Number of updated asset objects reloaded before import = 0Number of asset objects unloaded after import = 0

========================================================================
Received Import Request.
  Time since last request: 0.000019 seconds.
  path: Assets/Scripts/PlayerCoins.cs
  artifactKey: Guid(65f165051d42933408deb3dcb9c33b6a) Importer(815301076,1909f56bfc062723c751e8b465ee728b)
Start importing Assets/Scripts/PlayerCoins.cs using Guid(65f165051d42933408deb3dcb9c33b6a) Importer(815301076,1909f56bfc062723c751e8b465ee728b) (PreviewImporter) -> (artifact id: '00000000000000000000000000000000') in 0.0007023 seconds
Import Error Code:(4)
Message: Build asset version error: assets/scripts/playercoins.cs in SourceAssetDB has modification time of '2026-05-01T21:40:32.5620972Z' while content on disk has modification time of '2026-05-01T21:40:41.3586891Z'
  ERROR: Build asset version error: assets/scripts/playercoins.cs in SourceAssetDB has modification time of '2026-05-01T21:40:32.5620972Z' while content on disk has modification time of '2026-05-01T21:40:41.3586891Z'
Number of updated asset objects reloaded before import = 0Number of asset objects unloaded after import = 0

========================================================================
Received Import Request.
  Time since last request: 0.000029 seconds.
  path: Assets/Scripts/PlayerCoins.cs
  artifactKey: Guid(65f165051d42933408deb3dcb9c33b6a) Importer(815301076,1909f56bfc062723c751e8b465ee728b)
Start importing Assets/Scripts/PlayerCoins.cs using Guid(65f165051d42933408deb3dcb9c33b6a) Importer(815301076,1909f56bfc062723c751e8b465ee728b) (PreviewImporter) -> (artifact id: '00000000000000000000000000000000') in 0.0007052 seconds
Import Error Code:(4)
Message: Build asset version error: assets/scripts/playercoins.cs in SourceAssetDB has modification time of '2026-05-01T21:40:32.5620972Z' while content on disk has modification time of '2026-05-01T21:40:41.3586891Z'
  ERROR: Build asset version error: assets/scripts/playercoins.cs in SourceAssetDB has modification time of '2026-05-01T21:40:32.5620972Z' while content on disk has modification time of '2026-05-01T21:40:41.3586891Z'
Number of updated asset objects reloaded before import = 0Number of asset objects unloaded after import = 0

========================================================================
Received Import Request.
  Time since last request: 0.000018 seconds.
  path: Assets/Scripts/PlayerCoins.cs
  artifactKey: Guid(65f165051d42933408deb3dcb9c33b6a) Importer(815301076,1909f56bfc062723c751e8b465ee728b)
Start importing Assets/Scripts/PlayerCoins.cs using Guid(65f165051d42933408deb3dcb9c33b6a) Importer(815301076,1909f56bfc062723c751e8b465ee728b) (PreviewImporter) -> (artifact id: '00000000000000000000000000000000') in 0.0007442 seconds
Import Error Code:(4)
Message: Build asset version error: assets/scripts/playercoins.cs in SourceAssetDB has modification time of '2026-05-01T21:40:32.5620972Z' while content on disk has modification time of '2026-05-01T21:40:41.3586891Z'
  ERROR: Build asset version error: assets/scripts/playercoins.cs in SourceAssetDB has modification time of '2026-05-01T21:40:32.5620972Z' while content on disk has modification time of '2026-05-01T21:40:41.3586891Z'
Number of updated asset objects reloaded before import = 0Number of asset objects unloaded after import = 0

========================================================================
Received Import Request.
  Time since last request: 0.000017 seconds.
  path: Assets/Scripts/PlayerCoins.cs
  artifactKey: Guid(65f165051d42933408deb3dcb9c33b6a) Importer(815301076,1909f56bfc062723c751e8b465ee728b)
Start importing Assets/Scripts/PlayerCoins.cs using Guid(65f165051d42933408deb3dcb9c33b6a) Importer(815301076,1909f56bfc062723c751e8b465ee728b) (PreviewImporter) -> (artifact id: '00000000000000000000000000000000') in 0.0009214 seconds
Import Error Code:(4)
Message: Build asset version error: assets/scripts/playercoins.cs in SourceAssetDB has modification time of '2026-05-01T21:40:32.5620972Z' while content on disk has modification time of '2026-05-01T21:40:41.3586891Z'
  ERROR: Build asset version error: assets/scripts/playercoins.cs in SourceAssetDB has modification time of '2026-05-01T21:40:32.5620972Z' while content on disk has modification time of '2026-05-01T21:40:41.3586891Z'
Number of updated asset objects reloaded before import = 0Number of asset objects unloaded after import = 0

========================================================================
Received Import Request.
  Time since last request: 0.000016 seconds.
  path: Assets/Scripts/PlayerCoins.cs
  artifactKey: Guid(65f165051d42933408deb3dcb9c33b6a) Importer(815301076,1909f56bfc062723c751e8b465ee728b)
Start importing Assets/Scripts/PlayerCoins.cs using Guid(65f165051d42933408deb3dcb9c33b6a) Importer(815301076,1909f56bfc062723c751e8b465ee728b) (PreviewImporter) -> (artifact id: '00000000000000000000000000000000') in 0.0008986 seconds
Import Error Code:(4)
Message: Build asset version error: assets/scripts/playercoins.cs in SourceAssetDB has modification time of '2026-05-01T21:40:32.5620972Z' while content on disk has modification time of '2026-05-01T21:40:41.3586891Z'
  ERROR: Build asset version error: assets/scripts/playercoins.cs in SourceAssetDB has modification time of '2026-05-01T21:40:32.5620972Z' while content on disk has modification time of '2026-05-01T21:40:41.3586891Z'
Number of updated asset objects reloaded before import = 0Number of asset objects unloaded after import = 0

========================================================================
Received Import Request.
  Time since last request: 0.000023 seconds.
  path: Assets/Scripts/PlayerCoins.cs
  artifactKey: Guid(65f165051d42933408deb3dcb9c33b6a) Importer(815301076,1909f56bfc062723c751e8b465ee728b)
Start importing Assets/Scripts/PlayerCoins.cs using Guid(65f165051d42933408deb3dcb9c33b6a) Importer(815301076,1909f56bfc062723c751e8b465ee728b) (PreviewImporter) -> (artifact id: '00000000000000000000000000000000') in 0.0008593 seconds
Import Error Code:(4)
Message: Build asset version error: assets/scripts/playercoins.cs in SourceAssetDB has modification time of '2026-05-01T21:40:32.5620972Z' while content on disk has modification time of '2026-05-01T21:40:41.3586891Z'
  ERROR: Build asset version error: assets/scripts/playercoins.cs in SourceAssetDB has modification time of '2026-05-01T21:40:32.5620972Z' while content on disk has modification time of '2026-05-01T21:40:41.3586891Z'
Number of updated asset objects reloaded before import = 0Number of asset objects unloaded after import = 0

========================================================================
Received Import Request.
  Time since last request: 0.000031 seconds.
  path: Assets/Scripts/PlayerCoins.cs
  artifactKey: Guid(65f165051d42933408deb3dcb9c33b6a) Importer(815301076,1909f56bfc062723c751e8b465ee728b)
Start importing Assets/Scripts/PlayerCoins.cs using Guid(65f165051d42933408deb3dcb9c33b6a) Importer(815301076,1909f56bfc062723c751e8b465ee728b) (PreviewImporter) -> (artifact id: '00000000000000000000000000000000') in 0.0007147 seconds
Import Error Code:(4)
Message: Build asset version error: assets/scripts/playercoins.cs in SourceAssetDB has modification time of '2026-05-01T21:40:32.5620972Z' while content on disk has modification time of '2026-05-01T21:40:41.3586891Z'
  ERROR: Build asset version error: assets/scripts/playercoins.cs in SourceAssetDB has modification time of '2026-05-01T21:40:32.5620972Z' while content on disk has modification time of '2026-05-01T21:40:41.3586891Z'
Number of updated asset objects reloaded before import = 0Number of asset objects unloaded after import = 0

========================================================================
Received Import Request.
  Time since last request: 0.000018 seconds.
  path: Assets/Scripts/PlayerCoins.cs
  artifactKey: Guid(65f165051d42933408deb3dcb9c33b6a) Importer(815301076,1909f56bfc062723c751e8b465ee728b)
Start importing Assets/Scripts/PlayerCoins.cs using Guid(65f165051d42933408deb3dcb9c33b6a) Importer(815301076,1909f56bfc062723c751e8b465ee728b) (PreviewImporter) -> (artifact id: '00000000000000000000000000000000') in 0.0006694 seconds
Import Error Code:(4)
Message: Build asset version error: assets/scripts/playercoins.cs in SourceAssetDB has modification time of '2026-05-01T21:40:32.5620972Z' while content on disk has modification time of '2026-05-01T21:40:41.3586891Z'
  ERROR: Build asset version error: assets/scripts/playercoins.cs in SourceAssetDB has modification time of '2026-05-01T21:40:32.5620972Z' while content on disk has modification time of '2026-05-01T21:40:41.3586891Z'
Number of updated asset objects reloaded before import = 0Number of asset objects unloaded after import = 0

========================================================================
Received Import Request.
  Time since last request: 0.000018 seconds.
  path: Assets/Scripts/PlayerCoins.cs
  artifactKey: Guid(65f165051d42933408deb3dcb9c33b6a) Importer(815301076,1909f56bfc062723c751e8b465ee728b)
Start importing Assets/Scripts/PlayerCoins.cs using Guid(65f165051d42933408deb3dcb9c33b6a) Importer(815301076,1909f56bfc062723c751e8b465ee728b) (PreviewImporter) -> (artifact id: '00000000000000000000000000000000') in 0.0006569 seconds
Import Error Code:(4)
Message: Build asset version error: assets/scripts/playercoins.cs in SourceAssetDB has modification time of '2026-05-01T21:40:32.5620972Z' while content on disk has modification time of '2026-05-01T21:40:41.3586891Z'
  ERROR: Build asset version error: assets/scripts/playercoins.cs in SourceAssetDB has modification time of '2026-05-01T21:40:32.5620972Z' while content on disk has modification time of '2026-05-01T21:40:41.3586891Z'
Number of updated asset objects reloaded before import = 0Number of asset objects unloaded after import = 0

========================================================================
Received Import Request.
  Time since last request: 0.000018 seconds.
  path: Assets/Scripts/PlayerCoins.cs
  artifactKey: Guid(65f165051d42933408deb3dcb9c33b6a) Importer(815301076,1909f56bfc062723c751e8b465ee728b)
Start importing Assets/Scripts/PlayerCoins.cs using Guid(65f165051d42933408deb3dcb9c33b6a) Importer(815301076,1909f56bfc062723c751e8b465ee728b) (PreviewImporter) -> (artifact id: '00000000000000000000000000000000') in 0.0007529 seconds
Import Error Code:(4)
Message: Build asset version error: assets/scripts/playercoins.cs in SourceAssetDB has modification time of '2026-05-01T21:40:32.5620972Z' while content on disk has modification time of '2026-05-01T21:40:41.3586891Z'
  ERROR: Build asset version error: assets/scripts/playercoins.cs in SourceAssetDB has modification time of '2026-05-01T21:40:32.5620972Z' while content on disk has modification time of '2026-05-01T21:40:41.3586891Z'
Number of updated asset objects reloaded before import = 0Number of asset objects unloaded after import = 0

========================================================================
Received Import Request.
  Time since last request: 0.000021 seconds.
  path: Assets/Scripts/PlayerCoins.cs
  artifactKey: Guid(65f165051d42933408deb3dcb9c33b6a) Importer(815301076,1909f56bfc062723c751e8b465ee728b)
Start importing Assets/Scripts/PlayerCoins.cs using Guid(65f165051d42933408deb3dcb9c33b6a) Importer(815301076,1909f56bfc062723c751e8b465ee728b) (PreviewImporter) -> (artifact id: '00000000000000000000000000000000') in 0.000726 seconds
Import Error Code:(4)
Message: Build asset version error: assets/scripts/playercoins.cs in SourceAssetDB has modification time of '2026-05-01T21:40:32.5620972Z' while content on disk has modification time of '2026-05-01T21:40:41.3586891Z'
  ERROR: Build asset version error: assets/scripts/playercoins.cs in SourceAssetDB has modification time of '2026-05-01T21:40:32.5620972Z' while content on disk has modification time of '2026-05-01T21:40:41.3586891Z'
Number of updated asset objects reloaded before import = 0Number of asset objects unloaded after import = 0

========================================================================
Received Import Request.
  Time since last request: 0.000026 seconds.
  path: Assets/Scripts/PlayerCoins.cs
  artifactKey: Guid(65f165051d42933408deb3dcb9c33b6a) Importer(815301076,1909f56bfc062723c751e8b465ee728b)
Start importing Assets/Scripts/PlayerCoins.cs using Guid(65f165051d42933408deb3dcb9c33b6a) Importer(815301076,1909f56bfc062723c751e8b465ee728b) (PreviewImporter) -> (artifact id: '00000000000000000000000000000000') in 0.0007118 seconds
Import Error Code:(4)
Message: Build asset version error: assets/scripts/playercoins.cs in SourceAssetDB has modification time of '2026-05-01T21:40:32.5620972Z' while content on disk has modification time of '2026-05-01T21:40:41.3586891Z'
  ERROR: Build asset version error: assets/scripts/playercoins.cs in SourceAssetDB has modification time of '2026-05-01T21:40:32.5620972Z' while content on disk has modification time of '2026-05-01T21:40:41.3586891Z'
Number of updated asset objects reloaded before import = 0Number of asset objects unloaded after import = 0

========================================================================
Received Import Request.
  Time since last request: 0.000017 seconds.
  path: Assets/Scripts/PlayerCoins.cs
  artifactKey: Guid(65f165051d42933408deb3dcb9c33b6a) Importer(815301076,1909f56bfc062723c751e8b465ee728b)
Start importing Assets/Scripts/PlayerCoins.cs using Guid(65f165051d42933408deb3dcb9c33b6a) Importer(815301076,1909f56bfc062723c751e8b465ee728b) (PreviewImporter) -> (artifact id: '00000000000000000000000000000000') in 0.0005905 seconds
Import Error Code:(4)
Message: Build asset version error: assets/scripts/playercoins.cs in SourceAssetDB has modification time of '2026-05-01T21:40:32.5620972Z' while content on disk has modification time of '2026-05-01T21:40:41.3586891Z'
  ERROR: Build asset version error: assets/scripts/playercoins.cs in SourceAssetDB has modification time of '2026-05-01T21:40:32.5620972Z' while content on disk has modification time of '2026-05-01T21:40:41.3586891Z'
Number of updated asset objects reloaded before import = 0Number of asset objects unloaded after import = 0

========================================================================
Received Import Request.
  Time since last request: 0.000018 seconds.
  path: Assets/Scripts/PlayerCoins.cs
  artifactKey: Guid(65f165051d42933408deb3dcb9c33b6a) Importer(815301076,1909f56bfc062723c751e8b465ee728b)
Start importing Assets/Scripts/PlayerCoins.cs using Guid(65f165051d42933408deb3dcb9c33b6a) Importer(815301076,1909f56bfc062723c751e8b465ee728b) (PreviewImporter) -> (artifact id: '00000000000000000000000000000000') in 0.00062 seconds
Import Error Code:(4)
Message: Build asset version error: assets/scripts/playercoins.cs in SourceAssetDB has modification time of '2026-05-01T21:40:32.5620972Z' while content on disk has modification time of '2026-05-01T21:40:41.3586891Z'
  ERROR: Build asset version error: assets/scripts/playercoins.cs in SourceAssetDB has modification time of '2026-05-01T21:40:32.5620972Z' while content on disk has modification time of '2026-05-01T21:40:41.3586891Z'
Number of updated asset objects reloaded before import = 0Number of asset objects unloaded after import = 0

========================================================================
Received Import Request.
  Time since last request: 0.000034 seconds.
  path: Assets/Scripts/PlayerCoins.cs
  artifactKey: Guid(65f165051d42933408deb3dcb9c33b6a) Importer(815301076,1909f56bfc062723c751e8b465ee728b)
Start importing Assets/Scripts/PlayerCoins.cs using Guid(65f165051d42933408deb3dcb9c33b6a) Importer(815301076,1909f56bfc062723c751e8b465ee728b) (PreviewImporter) -> (artifact id: '00000000000000000000000000000000') in 0.0006787 seconds
Import Error Code:(4)
Message: Build asset version error: assets/scripts/playercoins.cs in SourceAssetDB has modification time of '2026-05-01T21:40:32.5620972Z' while content on disk has modification time of '2026-05-01T21:40:41.3586891Z'
  ERROR: Build asset version error: assets/scripts/playercoins.cs in SourceAssetDB has modification time of '2026-05-01T21:40:32.5620972Z' while content on disk has modification time of '2026-05-01T21:40:41.3586891Z'
Number of updated asset objects reloaded before import = 0Number of asset objects unloaded after import = 0

========================================================================
Received Import Request.
  Time since last request: 0.000017 seconds.
  path: Assets/Scripts/PlayerCoins.cs
  artifactKey: Guid(65f165051d42933408deb3dcb9c33b6a) Importer(815301076,1909f56bfc062723c751e8b465ee728b)
Start importing Assets/Scripts/PlayerCoins.cs using Guid(65f165051d42933408deb3dcb9c33b6a) Importer(815301076,1909f56bfc062723c751e8b465ee728b) (PreviewImporter) -> (artifact id: '00000000000000000000000000000000') in 0.0006591 seconds
Import Error Code:(4)
Message: Build asset version error: assets/scripts/playercoins.cs in SourceAssetDB has modification time of '2026-05-01T21:40:32.5620972Z' while content on disk has modification time of '2026-05-01T21:40:41.3586891Z'
  ERROR: Build asset version error: assets/scripts/playercoins.cs in SourceAssetDB has modification time of '2026-05-01T21:40:32.5620972Z' while content on disk has modification time of '2026-05-01T21:40:41.3586891Z'
Number of updated asset objects reloaded before import = 0Number of asset objects unloaded after import = 0

========================================================================
Received Import Request.
  Time since last request: 0.000021 seconds.
  path: Assets/Scripts/PlayerCoins.cs
  artifactKey: Guid(65f165051d42933408deb3dcb9c33b6a) Importer(815301076,1909f56bfc062723c751e8b465ee728b)
Start importing Assets/Scripts/PlayerCoins.cs using Guid(65f165051d42933408deb3dcb9c33b6a) Importer(815301076,1909f56bfc062723c751e8b465ee728b) (PreviewImporter) -> (artifact id: '00000000000000000000000000000000') in 0.0008338 seconds
Import Error Code:(4)
Message: Build asset version error: assets/scripts/playercoins.cs in SourceAssetDB has modification time of '2026-05-01T21:40:32.5620972Z' while content on disk has modification time of '2026-05-01T21:40:41.3586891Z'
  ERROR: Build asset version error: assets/scripts/playercoins.cs in SourceAssetDB has modification time of '2026-05-01T21:40:32.5620972Z' while content on disk has modification time of '2026-05-01T21:40:41.3586891Z'
Number of updated asset objects reloaded before import = 0Number of asset objects unloaded after import = 0

========================================================================
Received Import Request.
  Time since last request: 0.000026 seconds.
  path: Assets/Scripts/PlayerCoins.cs
  artifactKey: Guid(65f165051d42933408deb3dcb9c33b6a) Importer(815301076,1909f56bfc062723c751e8b465ee728b)
Start importing Assets/Scripts/PlayerCoins.cs using Guid(65f165051d42933408deb3dcb9c33b6a) Importer(815301076,1909f56bfc062723c751e8b465ee728b) (PreviewImporter) -> (artifact id: '00000000000000000000000000000000') in 0.0005827 seconds
Import Error Code:(4)
Message: Build asset version error: assets/scripts/playercoins.cs in SourceAssetDB has modification time of '2026-05-01T21:40:32.5620972Z' while content on disk has modification time of '2026-05-01T21:40:41.3586891Z'
  ERROR: Build asset version error: assets/scripts/playercoins.cs in SourceAssetDB has modification time of '2026-05-01T21:40:32.5620972Z' while content on disk has modification time of '2026-05-01T21:40:41.3586891Z'
Number of updated asset objects reloaded before import = 0Number of asset objects unloaded after import = 0

========================================================================
Received Import Request.
  Time since last request: 0.000018 seconds.
  path: Assets/Scripts/PlayerCoins.cs
  artifactKey: Guid(65f165051d42933408deb3dcb9c33b6a) Importer(815301076,1909f56bfc062723c751e8b465ee728b)
Start importing Assets/Scripts/PlayerCoins.cs using Guid(65f165051d42933408deb3dcb9c33b6a) Importer(815301076,1909f56bfc062723c751e8b465ee728b) (PreviewImporter) -> (artifact id: '00000000000000000000000000000000') in 0.0007676 seconds
Import Error Code:(4)
Message: Build asset version error: assets/scripts/playercoins.cs in SourceAssetDB has modification time of '2026-05-01T21:40:32.5620972Z' while content on disk has modification time of '2026-05-01T21:40:41.3586891Z'
  ERROR: Build asset version error: assets/scripts/playercoins.cs in SourceAssetDB has modification time of '2026-05-01T21:40:32.5620972Z' while content on disk has modification time of '2026-05-01T21:40:41.3586891Z'
Number of updated asset objects reloaded before import = 0Number of asset objects unloaded after import = 0

========================================================================
Received Import Request.
  Time since last request: 0.000016 seconds.
  path: Assets/Scripts/PlayerCoins.cs
  artifactKey: Guid(65f165051d42933408deb3dcb9c33b6a) Importer(815301076,1909f56bfc062723c751e8b465ee728b)
Start importing Assets/Scripts/PlayerCoins.cs using Guid(65f165051d42933408deb3dcb9c33b6a) Importer(815301076,1909f56bfc062723c751e8b465ee728b) (PreviewImporter) -> (artifact id: '00000000000000000000000000000000') in 0.0006784 seconds
Import Error Code:(4)
Message: Build asset version error: assets/scripts/playercoins.cs in SourceAssetDB has modification time of '2026-05-01T21:40:32.5620972Z' while content on disk has modification time of '2026-05-01T21:40:41.3586891Z'
  ERROR: Build asset version error: assets/scripts/playercoins.cs in SourceAssetDB has modification time of '2026-05-01T21:40:32.5620972Z' while content on disk has modification time of '2026-05-01T21:40:41.3586891Z'
Number of updated asset objects reloaded before import = 0Number of asset objects unloaded after import = 0

========================================================================
Received Import Request.
  Time since last request: 0.000019 seconds.
  path: Assets/Scripts/PlayerCoins.cs
  artifactKey: Guid(65f165051d42933408deb3dcb9c33b6a) Importer(815301076,1909f56bfc062723c751e8b465ee728b)
Start importing Assets/Scripts/PlayerCoins.cs using Guid(65f165051d42933408deb3dcb9c33b6a) Importer(815301076,1909f56bfc062723c751e8b465ee728b) (PreviewImporter) -> (artifact id: '00000000000000000000000000000000') in 0.0007113 seconds
Import Error Code:(4)
Message: Build asset version error: assets/scripts/playercoins.cs in SourceAssetDB has modification time of '2026-05-01T21:40:32.5620972Z' while content on disk has modification time of '2026-05-01T21:40:41.3586891Z'
  ERROR: Build asset version error: assets/scripts/playercoins.cs in SourceAssetDB has modification time of '2026-05-01T21:40:32.5620972Z' while content on disk has modification time of '2026-05-01T21:40:41.3586891Z'
Number of updated asset objects reloaded before import = 0Number of asset objects unloaded after import = 0

========================================================================
Received Import Request.
  Time since last request: 0.000021 seconds.
  path: Assets/Scripts/PlayerCoins.cs
  artifactKey: Guid(65f165051d42933408deb3dcb9c33b6a) Importer(815301076,1909f56bfc062723c751e8b465ee728b)
Start importing Assets/Scripts/PlayerCoins.cs using Guid(65f165051d42933408deb3dcb9c33b6a) Importer(815301076,1909f56bfc062723c751e8b465ee728b) (PreviewImporter) -> (artifact id: '00000000000000000000000000000000') in 0.0006533 seconds
Import Error Code:(4)
Message: Build asset version error: assets/scripts/playercoins.cs in SourceAssetDB has modification time of '2026-05-01T21:40:32.5620972Z' while content on disk has modification time of '2026-05-01T21:40:41.3586891Z'
  ERROR: Build asset version error: assets/scripts/playercoins.cs in SourceAssetDB has modification time of '2026-05-01T21:40:32.5620972Z' while content on disk has modification time of '2026-05-01T21:40:41.3586891Z'
Number of updated asset objects reloaded before import = 0Number of asset objects unloaded after import = 0

========================================================================
Received Import Request.
  Time since last request: 0.000017 seconds.
  path: Assets/Scripts/PlayerCoins.cs
  artifactKey: Guid(65f165051d42933408deb3dcb9c33b6a) Importer(815301076,1909f56bfc062723c751e8b465ee728b)
Start importing Assets/Scripts/PlayerCoins.cs using Guid(65f165051d42933408deb3dcb9c33b6a) Importer(815301076,1909f56bfc062723c751e8b465ee728b) (PreviewImporter) -> (artifact id: '00000000000000000000000000000000') in 0.0006181 seconds
Import Error Code:(4)
Message: Build asset version error: assets/scripts/playercoins.cs in SourceAssetDB has modification time of '2026-05-01T21:40:32.5620972Z' while content on disk has modification time of '2026-05-01T21:40:41.3586891Z'
  ERROR: Build asset version error: assets/scripts/playercoins.cs in SourceAssetDB has modification time of '2026-05-01T21:40:32.5620972Z' while content on disk has modification time of '2026-05-01T21:40:41.3586891Z'
Number of updated asset objects reloaded before import = 0Number of asset objects unloaded after import = 0

========================================================================
Received Import Request.
  Time since last request: 0.000027 seconds.
  path: Assets/Scripts/PlayerCoins.cs
  artifactKey: Guid(65f165051d42933408deb3dcb9c33b6a) Importer(815301076,1909f56bfc062723c751e8b465ee728b)
Start importing Assets/Scripts/PlayerCoins.cs using Guid(65f165051d42933408deb3dcb9c33b6a) Importer(815301076,1909f56bfc062723c751e8b465ee728b) (PreviewImporter) -> (artifact id: '00000000000000000000000000000000') in 0.0005904 seconds
Import Error Code:(4)
Message: Build asset version error: assets/scripts/playercoins.cs in SourceAssetDB has modification time of '2026-05-01T21:40:32.5620972Z' while content on disk has modification time of '2026-05-01T21:40:41.3586891Z'
  ERROR: Build asset version error: assets/scripts/playercoins.cs in SourceAssetDB has modification time of '2026-05-01T21:40:32.5620972Z' while content on disk has modification time of '2026-05-01T21:40:41.3586891Z'
Number of updated asset objects reloaded before import = 0Number of asset objects unloaded after import = 0

========================================================================
Received Import Request.
  Time since last request: 0.000017 seconds.
  path: Assets/Scripts/PlayerCoins.cs
  artifactKey: Guid(65f165051d42933408deb3dcb9c33b6a) Importer(815301076,1909f56bfc062723c751e8b465ee728b)
Start importing Assets/Scripts/PlayerCoins.cs using Guid(65f165051d42933408deb3dcb9c33b6a) Importer(815301076,1909f56bfc062723c751e8b465ee728b) (PreviewImporter) -> (artifact id: '00000000000000000000000000000000') in 0.0006656 seconds
Import Error Code:(4)
Message: Build asset version error: assets/scripts/playercoins.cs in SourceAssetDB has modification time of '2026-05-01T21:40:32.5620972Z' while content on disk has modification time of '2026-05-01T21:40:41.3586891Z'
  ERROR: Build asset version error: assets/scripts/playercoins.cs in SourceAssetDB has modification time of '2026-05-01T21:40:32.5620972Z' while content on disk has modification time of '2026-05-01T21:40:41.3586891Z'
Number of updated asset objects reloaded before import = 0Number of asset objects unloaded after import = 0

========================================================================
Received Import Request.
  Time since last request: 0.000018 seconds.
  path: Assets/Scripts/PlayerCoins.cs
  artifactKey: Guid(65f165051d42933408deb3dcb9c33b6a) Importer(815301076,1909f56bfc062723c751e8b465ee728b)
Start importing Assets/Scripts/PlayerCoins.cs using Guid(65f165051d42933408deb3dcb9c33b6a) Importer(815301076,1909f56bfc062723c751e8b465ee728b) (PreviewImporter) -> (artifact id: '00000000000000000000000000000000') in 0.0007255 seconds
Import Error Code:(4)
Message: Build asset version error: assets/scripts/playercoins.cs in SourceAssetDB has modification time of '2026-05-01T21:40:32.5620972Z' while content on disk has modification time of '2026-05-01T21:40:41.3586891Z'
  ERROR: Build asset version error: assets/scripts/playercoins.cs in SourceAssetDB has modification time of '2026-05-01T21:40:32.5620972Z' while content on disk has modification time of '2026-05-01T21:40:41.3586891Z'
Number of updated asset objects reloaded before import = 0Number of asset objects unloaded after import = 0

========================================================================
Received Import Request.
  Time since last request: 0.000019 seconds.
  path: Assets/Scripts/PlayerCoins.cs
  artifactKey: Guid(65f165051d42933408deb3dcb9c33b6a) Importer(815301076,1909f56bfc062723c751e8b465ee728b)
Start importing Assets/Scripts/PlayerCoins.cs using Guid(65f165051d42933408deb3dcb9c33b6a) Importer(815301076,1909f56bfc062723c751e8b465ee728b) (PreviewImporter) -> (artifact id: '00000000000000000000000000000000') in 0.0006483 seconds
Import Error Code:(4)
Message: Build asset version error: assets/scripts/playercoins.cs in SourceAssetDB has modification time of '2026-05-01T21:40:32.5620972Z' while content on disk has modification time of '2026-05-01T21:40:41.3586891Z'
  ERROR: Build asset version error: assets/scripts/playercoins.cs in SourceAssetDB has modification time of '2026-05-01T21:40:32.5620972Z' while content on disk has modification time of '2026-05-01T21:40:41.3586891Z'
Number of updated asset objects reloaded before import = 0Number of asset objects unloaded after import = 0

========================================================================
Received Import Request.
  Time since last request: 0.000041 seconds.
  path: Assets/Scripts/PlayerCoins.cs
  artifactKey: Guid(65f165051d42933408deb3dcb9c33b6a) Importer(815301076,1909f56bfc062723c751e8b465ee728b)
Start importing Assets/Scripts/PlayerCoins.cs using Guid(65f165051d42933408deb3dcb9c33b6a) Importer(815301076,1909f56bfc062723c751e8b465ee728b) (PreviewImporter) -> (artifact id: '00000000000000000000000000000000') in 0.0007594 seconds
Import Error Code:(4)
Message: Build asset version error: assets/scripts/playercoins.cs in SourceAssetDB has modification time of '2026-05-01T21:40:32.5620972Z' while content on disk has modification time of '2026-05-01T21:40:41.3586891Z'
  ERROR: Build asset version error: assets/scripts/playercoins.cs in SourceAssetDB has modification time of '2026-05-01T21:40:32.5620972Z' while content on disk has modification time of '2026-05-01T21:40:41.3586891Z'
Number of updated asset objects reloaded before import = 0Number of asset objects unloaded after import = 0

========================================================================
Received Import Request.
  Time since last request: 0.000029 seconds.
  path: Assets/Scripts/PlayerCoins.cs
  artifactKey: Guid(65f165051d42933408deb3dcb9c33b6a) Importer(815301076,1909f56bfc062723c751e8b465ee728b)
Start importing Assets/Scripts/PlayerCoins.cs using Guid(65f165051d42933408deb3dcb9c33b6a) Importer(815301076,1909f56bfc062723c751e8b465ee728b) (PreviewImporter) -> (artifact id: '00000000000000000000000000000000') in 0.0008336 seconds
Import Error Code:(4)
Message: Build asset version error: assets/scripts/playercoins.cs in SourceAssetDB has modification time of '2026-05-01T21:40:32.5620972Z' while content on disk has modification time of '2026-05-01T21:40:41.3586891Z'
  ERROR: Build asset version error: assets/scripts/playercoins.cs in SourceAssetDB has modification time of '2026-05-01T21:40:32.5620972Z' while content on disk has modification time of '2026-05-01T21:40:41.3586891Z'
Number of updated asset objects reloaded before import = 0Number of asset objects unloaded after import = 0

========================================================================
Received Import Request.
  Time since last request: 0.000015 seconds.
  path: Assets/Scripts/PlayerCoins.cs
  artifactKey: Guid(65f165051d42933408deb3dcb9c33b6a) Importer(815301076,1909f56bfc062723c751e8b465ee728b)
Start importing Assets/Scripts/PlayerCoins.cs using Guid(65f165051d42933408deb3dcb9c33b6a) Importer(815301076,1909f56bfc062723c751e8b465ee728b) (PreviewImporter) -> (artifact id: '00000000000000000000000000000000') in 0.0006809 seconds
Import Error Code:(4)
Message: Build asset version error: assets/scripts/playercoins.cs in SourceAssetDB has modification time of '2026-05-01T21:40:32.5620972Z' while content on disk has modification time of '2026-05-01T21:40:41.3586891Z'
  ERROR: Build asset version error: assets/scripts/playercoins.cs in SourceAssetDB has modification time of '2026-05-01T21:40:32.5620972Z' while content on disk has modification time of '2026-05-01T21:40:41.3586891Z'
Number of updated asset objects reloaded before import = 0Number of asset objects unloaded after import = 0

========================================================================
Received Import Request.
  Time since last request: 0.000017 seconds.
  path: Assets/Scripts/PlayerCoins.cs
  artifactKey: Guid(65f165051d42933408deb3dcb9c33b6a) Importer(815301076,1909f56bfc062723c751e8b465ee728b)
Start importing Assets/Scripts/PlayerCoins.cs using Guid(65f165051d42933408deb3dcb9c33b6a) Importer(815301076,1909f56bfc062723c751e8b465ee728b) (PreviewImporter) -> (artifact id: '00000000000000000000000000000000') in 0.0006551 seconds
Import Error Code:(4)
Message: Build asset version error: assets/scripts/playercoins.cs in SourceAssetDB has modification time of '2026-05-01T21:40:32.5620972Z' while content on disk has modification time of '2026-05-01T21:40:41.3586891Z'
  ERROR: Build asset version error: assets/scripts/playercoins.cs in SourceAssetDB has modification time of '2026-05-01T21:40:32.5620972Z' while content on disk has modification time of '2026-05-01T21:40:41.3586891Z'
Number of updated asset objects reloaded before import = 0Number of asset objects unloaded after import = 0

========================================================================
Received Import Request.
  Time since last request: 0.000017 seconds.
  path: Assets/Scripts/PlayerCoins.cs
  artifactKey: Guid(65f165051d42933408deb3dcb9c33b6a) Importer(815301076,1909f56bfc062723c751e8b465ee728b)
Start importing Assets/Scripts/PlayerCoins.cs using Guid(65f165051d42933408deb3dcb9c33b6a) Importer(815301076,1909f56bfc062723c751e8b465ee728b) (PreviewImporter) -> (artifact id: '00000000000000000000000000000000') in 0.0005686 seconds
Import Error Code:(4)
Message: Build asset version error: assets/scripts/playercoins.cs in SourceAssetDB has modification time of '2026-05-01T21:40:32.5620972Z' while content on disk has modification time of '2026-05-01T21:40:41.3586891Z'
  ERROR: Build asset version error: assets/scripts/playercoins.cs in SourceAssetDB has modification time of '2026-05-01T21:40:32.5620972Z' while content on disk has modification time of '2026-05-01T21:40:41.3586891Z'
Number of updated asset objects reloaded before import = 0Number of asset objects unloaded after import = 0

========================================================================
Received Import Request.
  Time since last request: 0.000017 seconds.
  path: Assets/Scripts/PlayerCoins.cs
  artifactKey: Guid(65f165051d42933408deb3dcb9c33b6a) Importer(815301076,1909f56bfc062723c751e8b465ee728b)
Start importing Assets/Scripts/PlayerCoins.cs using Guid(65f165051d42933408deb3dcb9c33b6a) Importer(815301076,1909f56bfc062723c751e8b465ee728b) (PreviewImporter) -> (artifact id: '00000000000000000000000000000000') in 0.0006942 seconds
Import Error Code:(4)
Message: Build asset version error: assets/scripts/playercoins.cs in SourceAssetDB has modification time of '2026-05-01T21:40:32.5620972Z' while content on disk has modification time of '2026-05-01T21:40:41.3586891Z'
  ERROR: Build asset version error: assets/scripts/playercoins.cs in SourceAssetDB has modification time of '2026-05-01T21:40:32.5620972Z' while content on disk has modification time of '2026-05-01T21:40:41.3586891Z'
Number of updated asset objects reloaded before import = 0Number of asset objects unloaded after import = 0

========================================================================
Received Import Request.
  Time since last request: 0.000023 seconds.
  path: Assets/Scripts/PlayerCoins.cs
  artifactKey: Guid(65f165051d42933408deb3dcb9c33b6a) Importer(815301076,1909f56bfc062723c751e8b465ee728b)
Start importing Assets/Scripts/PlayerCoins.cs using Guid(65f165051d42933408deb3dcb9c33b6a) Importer(815301076,1909f56bfc062723c751e8b465ee728b) (PreviewImporter) -> (artifact id: '00000000000000000000000000000000') in 0.0006433 seconds
Import Error Code:(4)
Message: Build asset version error: assets/scripts/playercoins.cs in SourceAssetDB has modification time of '2026-05-01T21:40:32.5620972Z' while content on disk has modification time of '2026-05-01T21:40:41.3586891Z'
  ERROR: Build asset version error: assets/scripts/playercoins.cs in SourceAssetDB has modification time of '2026-05-01T21:40:32.5620972Z' while content on disk has modification time of '2026-05-01T21:40:41.3586891Z'
Number of updated asset objects reloaded before import = 0Number of asset objects unloaded after import = 0

========================================================================
Received Import Request.
  Time since last request: 0.000034 seconds.
  path: Assets/Scripts/PlayerCoins.cs
  artifactKey: Guid(65f165051d42933408deb3dcb9c33b6a) Importer(815301076,1909f56bfc062723c751e8b465ee728b)
Start importing Assets/Scripts/PlayerCoins.cs using Guid(65f165051d42933408deb3dcb9c33b6a) Importer(815301076,1909f56bfc062723c751e8b465ee728b) (PreviewImporter) -> (artifact id: '00000000000000000000000000000000') in 0.0007839 seconds
Import Error Code:(4)
Message: Build asset version error: assets/scripts/playercoins.cs in SourceAssetDB has modification time of '2026-05-01T21:40:32.5620972Z' while content on disk has modification time of '2026-05-01T21:40:41.3586891Z'
  ERROR: Build asset version error: assets/scripts/playercoins.cs in SourceAssetDB has modification time of '2026-05-01T21:40:32.5620972Z' while content on disk has modification time of '2026-05-01T21:40:41.3586891Z'
Number of updated asset objects reloaded before import = 0Number of asset objects unloaded after import = 0

========================================================================
Received Import Request.
  Time since last request: 0.000018 seconds.
  path: Assets/Scripts/PlayerCoins.cs
  artifactKey: Guid(65f165051d42933408deb3dcb9c33b6a) Importer(815301076,1909f56bfc062723c751e8b465ee728b)
Start importing Assets/Scripts/PlayerCoins.cs using Guid(65f165051d42933408deb3dcb9c33b6a) Importer(815301076,1909f56bfc062723c751e8b465ee728b) (PreviewImporter) -> (artifact id: '00000000000000000000000000000000') in 0.0006654 seconds
Import Error Code:(4)
Message: Build asset version error: assets/scripts/playercoins.cs in SourceAssetDB has modification time of '2026-05-01T21:40:32.5620972Z' while content on disk has modification time of '2026-05-01T21:40:41.3586891Z'
  ERROR: Build asset version error: assets/scripts/playercoins.cs in SourceAssetDB has modification time of '2026-05-01T21:40:32.5620972Z' while content on disk has modification time of '2026-05-01T21:40:41.3586891Z'
Number of updated asset objects reloaded before import = 0Number of asset objects unloaded after import = 0

========================================================================
Received Import Request.
  Time since last request: 0.000021 seconds.
  path: Assets/Scripts/PlayerCoins.cs
  artifactKey: Guid(65f165051d42933408deb3dcb9c33b6a) Importer(815301076,1909f56bfc062723c751e8b465ee728b)
Start importing Assets/Scripts/PlayerCoins.cs using Guid(65f165051d42933408deb3dcb9c33b6a) Importer(815301076,1909f56bfc062723c751e8b465ee728b) (PreviewImporter) -> (artifact id: '00000000000000000000000000000000') in 0.0007873 seconds
Import Error Code:(4)
Message: Build asset version error: assets/scripts/playercoins.cs in SourceAssetDB has modification time of '2026-05-01T21:40:32.5620972Z' while content on disk has modification time of '2026-05-01T21:40:41.3586891Z'
  ERROR: Build asset version error: assets/scripts/playercoins.cs in SourceAssetDB has modification time of '2026-05-01T21:40:32.5620972Z' while content on disk has modification time of '2026-05-01T21:40:41.3586891Z'
Number of updated asset objects reloaded before import = 0Number of asset objects unloaded after import = 0

========================================================================
Received Import Request.
  Time since last request: 0.021022 seconds.
  path: Assets/Scripts/PlayerCoins.cs
  artifactKey: Guid(65f165051d42933408deb3dcb9c33b6a) Importer(815301076,1909f56bfc062723c751e8b465ee728b)
Start importing Assets/Scripts/PlayerCoins.cs using Guid(65f165051d42933408deb3dcb9c33b6a) Importer(815301076,1909f56bfc062723c751e8b465ee728b) (PreviewImporter) -> (artifact id: '00000000000000000000000000000000') in 0.0007776 seconds
Import Error Code:(4)
Message: Build asset version error: assets/scripts/playercoins.cs in SourceAssetDB has modification time of '2026-05-01T21:40:32.5620972Z' while content on disk has modification time of '2026-05-01T21:40:41.3586891Z'
  ERROR: Build asset version error: assets/scripts/playercoins.cs in SourceAssetDB has modification time of '2026-05-01T21:40:32.5620972Z' while content on disk has modification time of '2026-05-01T21:40:41.3586891Z'
Number of updated asset objects reloaded before import = 0Number of asset objects unloaded after import = 0

========================================================================
Received Import Request.
  Time since last request: 0.000025 seconds.
  path: Assets/Scripts/PlayerCoins.cs
  artifactKey: Guid(65f165051d42933408deb3dcb9c33b6a) Importer(815301076,1909f56bfc062723c751e8b465ee728b)
Start importing Assets/Scripts/PlayerCoins.cs using Guid(65f165051d42933408deb3dcb9c33b6a) Importer(815301076,1909f56bfc062723c751e8b465ee728b) (PreviewImporter) -> (artifact id: '00000000000000000000000000000000') in 0.0005501 seconds
Import Error Code:(4)
Message: Build asset version error: assets/scripts/playercoins.cs in SourceAssetDB has modification time of '2026-05-01T21:40:32.5620972Z' while content on disk has modification time of '2026-05-01T21:40:41.3586891Z'
  ERROR: Build asset version error: assets/scripts/playercoins.cs in SourceAssetDB has modification time of '2026-05-01T21:40:32.5620972Z' while content on disk has modification time of '2026-05-01T21:40:41.3586891Z'
Number of updated asset objects reloaded before import = 0Number of asset objects unloaded after import = 0

========================================================================
Received Import Request.
  Time since last request: 0.000025 seconds.
  path: Assets/Scripts/PlayerCoins.cs
  artifactKey: Guid(65f165051d42933408deb3dcb9c33b6a) Importer(815301076,1909f56bfc062723c751e8b465ee728b)
Start importing Assets/Scripts/PlayerCoins.cs using Guid(65f165051d42933408deb3dcb9c33b6a) Importer(815301076,1909f56bfc062723c751e8b465ee728b) (PreviewImporter) -> (artifact id: '00000000000000000000000000000000') in 0.0007232 seconds
Import Error Code:(4)
Message: Build asset version error: assets/scripts/playercoins.cs in SourceAssetDB has modification time of '2026-05-01T21:40:32.5620972Z' while content on disk has modification time of '2026-05-01T21:40:41.3586891Z'
  ERROR: Build asset version error: assets/scripts/playercoins.cs in SourceAssetDB has modification time of '2026-05-01T21:40:32.5620972Z' while content on disk has modification time of '2026-05-01T21:40:41.3586891Z'
Number of updated asset objects reloaded before import = 0Number of asset objects unloaded after import = 0

========================================================================
Received Import Request.
  Time since last request: 0.000017 seconds.
  path: Assets/Scripts/PlayerCoins.cs
  artifactKey: Guid(65f165051d42933408deb3dcb9c33b6a) Importer(815301076,1909f56bfc062723c751e8b465ee728b)
Start importing Assets/Scripts/PlayerCoins.cs using Guid(65f165051d42933408deb3dcb9c33b6a) Importer(815301076,1909f56bfc062723c751e8b465ee728b) (PreviewImporter) -> (artifact id: '00000000000000000000000000000000') in 0.0006575 seconds
Import Error Code:(4)
Message: Build asset version error: assets/scripts/playercoins.cs in SourceAssetDB has modification time of '2026-05-01T21:40:32.5620972Z' while content on disk has modification time of '2026-05-01T21:40:41.3586891Z'
  ERROR: Build asset version error: assets/scripts/playercoins.cs in SourceAssetDB has modification time of '2026-05-01T21:40:32.5620972Z' while content on disk has modification time of '2026-05-01T21:40:41.3586891Z'
Number of updated asset objects reloaded before import = 0Number of asset objects unloaded after import = 0

========================================================================
Received Import Request.
  Time since last request: 0.000017 seconds.
  path: Assets/Scripts/PlayerCoins.cs
  artifactKey: Guid(65f165051d42933408deb3dcb9c33b6a) Importer(815301076,1909f56bfc062723c751e8b465ee728b)
Start importing Assets/Scripts/PlayerCoins.cs using Guid(65f165051d42933408deb3dcb9c33b6a) Importer(815301076,1909f56bfc062723c751e8b465ee728b) (PreviewImporter) -> (artifact id: '00000000000000000000000000000000') in 0.0005666 seconds
Import Error Code:(4)
Message: Build asset version error: assets/scripts/playercoins.cs in SourceAssetDB has modification time of '2026-05-01T21:40:32.5620972Z' while content on disk has modification time of '2026-05-01T21:40:41.3586891Z'
  ERROR: Build asset version error: assets/scripts/playercoins.cs in SourceAssetDB has modification time of '2026-05-01T21:40:32.5620972Z' while content on disk has modification time of '2026-05-01T21:40:41.3586891Z'
Number of updated asset objects reloaded before import = 0Number of asset objects unloaded after import = 0

========================================================================
Received Import Request.
  Time since last request: 0.000014 seconds.
  path: Assets/Scripts/PlayerCoins.cs
  artifactKey: Guid(65f165051d42933408deb3dcb9c33b6a) Importer(815301076,1909f56bfc062723c751e8b465ee728b)
Start importing Assets/Scripts/PlayerCoins.cs using Guid(65f165051d42933408deb3dcb9c33b6a) Importer(815301076,1909f56bfc062723c751e8b465ee728b) (PreviewImporter) -> (artifact id: '00000000000000000000000000000000') in 0.0007929 seconds
Import Error Code:(4)
Message: Build asset version error: assets/scripts/playercoins.cs in SourceAssetDB has modification time of '2026-05-01T21:40:32.5620972Z' while content on disk has modification time of '2026-05-01T21:40:41.3586891Z'
  ERROR: Build asset version error: assets/scripts/playercoins.cs in SourceAssetDB has modification time of '2026-05-01T21:40:32.5620972Z' while content on disk has modification time of '2026-05-01T21:40:41.3586891Z'
Number of updated asset objects reloaded before import = 0Number of asset objects unloaded after import = 0

========================================================================
Received Import Request.
  Time since last request: 0.000017 seconds.
  path: Assets/Scripts/PlayerCoins.cs
  artifactKey: Guid(65f165051d42933408deb3dcb9c33b6a) Importer(815301076,1909f56bfc062723c751e8b465ee728b)
Start importing Assets/Scripts/PlayerCoins.cs using Guid(65f165051d42933408deb3dcb9c33b6a) Importer(815301076,1909f56bfc062723c751e8b465ee728b) (PreviewImporter) -> (artifact id: '00000000000000000000000000000000') in 0.0006466 seconds
Import Error Code:(4)
Message: Build asset version error: assets/scripts/playercoins.cs in SourceAssetDB has modification time of '2026-05-01T21:40:32.5620972Z' while content on disk has modification time of '2026-05-01T21:40:41.3586891Z'
  ERROR: Build asset version error: assets/scripts/playercoins.cs in SourceAssetDB has modification time of '2026-05-01T21:40:32.5620972Z' while content on disk has modification time of '2026-05-01T21:40:41.3586891Z'
Number of updated asset objects reloaded before import = 0Number of asset objects unloaded after import = 0

========================================================================
Received Import Request.
  Time since last request: 0.000021 seconds.
  path: Assets/Scripts/PlayerCoins.cs
  artifactKey: Guid(65f165051d42933408deb3dcb9c33b6a) Importer(815301076,1909f56bfc062723c751e8b465ee728b)
Start importing Assets/Scripts/PlayerCoins.cs using Guid(65f165051d42933408deb3dcb9c33b6a) Importer(815301076,1909f56bfc062723c751e8b465ee728b) (PreviewImporter) -> (artifact id: '00000000000000000000000000000000') in 0.0006495 seconds
Import Error Code:(4)
Message: Build asset version error: assets/scripts/playercoins.cs in SourceAssetDB has modification time of '2026-05-01T21:40:32.5620972Z' while content on disk has modification time of '2026-05-01T21:40:41.3586891Z'
  ERROR: Build asset version error: assets/scripts/playercoins.cs in SourceAssetDB has modification time of '2026-05-01T21:40:32.5620972Z' while content on disk has modification time of '2026-05-01T21:40:41.3586891Z'
Number of updated asset objects reloaded before import = 0Number of asset objects unloaded after import = 0

========================================================================
Received Import Request.
  Time since last request: 0.000027 seconds.
  path: Assets/Scripts/PlayerCoins.cs
  artifactKey: Guid(65f165051d42933408deb3dcb9c33b6a) Importer(815301076,1909f56bfc062723c751e8b465ee728b)
Start importing Assets/Scripts/PlayerCoins.cs using Guid(65f165051d42933408deb3dcb9c33b6a) Importer(815301076,1909f56bfc062723c751e8b465ee728b) (PreviewImporter) -> (artifact id: '00000000000000000000000000000000') in 0.0010165 seconds
Import Error Code:(4)
Message: Build asset version error: assets/scripts/playercoins.cs in SourceAssetDB has modification time of '2026-05-01T21:40:32.5620972Z' while content on disk has modification time of '2026-05-01T21:40:41.3586891Z'
  ERROR: Build asset version error: assets/scripts/playercoins.cs in SourceAssetDB has modification time of '2026-05-01T21:40:32.5620972Z' while content on disk has modification time of '2026-05-01T21:40:41.3586891Z'
Number of updated asset objects reloaded before import = 0Number of asset objects unloaded after import = 0

========================================================================
Received Import Request.
  Time since last request: 0.000017 seconds.
  path: Assets/Scripts/PlayerCoins.cs
  artifactKey: Guid(65f165051d42933408deb3dcb9c33b6a) Importer(815301076,1909f56bfc062723c751e8b465ee728b)
Start importing Assets/Scripts/PlayerCoins.cs using Guid(65f165051d42933408deb3dcb9c33b6a) Importer(815301076,1909f56bfc062723c751e8b465ee728b) (PreviewImporter) -> (artifact id: '00000000000000000000000000000000') in 0.0006845 seconds
Import Error Code:(4)
Message: Build asset version error: assets/scripts/playercoins.cs in SourceAssetDB has modification time of '2026-05-01T21:40:32.5620972Z' while content on disk has modification time of '2026-05-01T21:40:41.3586891Z'
  ERROR: Build asset version error: assets/scripts/playercoins.cs in SourceAssetDB has modification time of '2026-05-01T21:40:32.5620972Z' while content on disk has modification time of '2026-05-01T21:40:41.3586891Z'
Number of updated asset objects reloaded before import = 0Number of asset objects unloaded after import = 0

========================================================================
Received Import Request.
  Time since last request: 0.000017 seconds.
  path: Assets/Scripts/PlayerCoins.cs
  artifactKey: Guid(65f165051d42933408deb3dcb9c33b6a) Importer(815301076,1909f56bfc062723c751e8b465ee728b)
Start importing Assets/Scripts/PlayerCoins.cs using Guid(65f165051d42933408deb3dcb9c33b6a) Importer(815301076,1909f56bfc062723c751e8b465ee728b) (PreviewImporter) -> (artifact id: '00000000000000000000000000000000') in 0.0007368 seconds
Import Error Code:(4)
Message: Build asset version error: assets/scripts/playercoins.cs in SourceAssetDB has modification time of '2026-05-01T21:40:32.5620972Z' while content on disk has modification time of '2026-05-01T21:40:41.3586891Z'
  ERROR: Build asset version error: assets/scripts/playercoins.cs in SourceAssetDB has modification time of '2026-05-01T21:40:32.5620972Z' while content on disk has modification time of '2026-05-01T21:40:41.3586891Z'
Number of updated asset objects reloaded before import = 0Number of asset objects unloaded after import = 0

========================================================================
Received Import Request.
  Time since last request: 0.000016 seconds.
  path: Assets/Scripts/PlayerCoins.cs
  artifactKey: Guid(65f165051d42933408deb3dcb9c33b6a) Importer(815301076,1909f56bfc062723c751e8b465ee728b)
Start importing Assets/Scripts/PlayerCoins.cs using Guid(65f165051d42933408deb3dcb9c33b6a) Importer(815301076,1909f56bfc062723c751e8b465ee728b) (PreviewImporter) -> (artifact id: '00000000000000000000000000000000') in 0.0006495 seconds
Import Error Code:(4)
Message: Build asset version error: assets/scripts/playercoins.cs in SourceAssetDB has modification time of '2026-05-01T21:40:32.5620972Z' while content on disk has modification time of '2026-05-01T21:40:41.3586891Z'
  ERROR: Build asset version error: assets/scripts/playercoins.cs in SourceAssetDB has modification time of '2026-05-01T21:40:32.5620972Z' while content on disk has modification time of '2026-05-01T21:40:41.3586891Z'
Number of updated asset objects reloaded before import = 0Number of asset objects unloaded after import = 0

========================================================================
Received Import Request.
  Time since last request: 0.000018 seconds.
  path: Assets/Scripts/PlayerCoins.cs
  artifactKey: Guid(65f165051d42933408deb3dcb9c33b6a) Importer(815301076,1909f56bfc062723c751e8b465ee728b)
Start importing Assets/Scripts/PlayerCoins.cs using Guid(65f165051d42933408deb3dcb9c33b6a) Importer(815301076,1909f56bfc062723c751e8b465ee728b) (PreviewImporter) -> (artifact id: '00000000000000000000000000000000') in 0.0007171 seconds
Import Error Code:(4)
Message: Build asset version error: assets/scripts/playercoins.cs in SourceAssetDB has modification time of '2026-05-01T21:40:32.5620972Z' while content on disk has modification time of '2026-05-01T21:40:41.3586891Z'
  ERROR: Build asset version error: assets/scripts/playercoins.cs in SourceAssetDB has modification time of '2026-05-01T21:40:32.5620972Z' while content on disk has modification time of '2026-05-01T21:40:41.3586891Z'
Number of updated asset objects reloaded before import = 0Number of asset objects unloaded after import = 0

========================================================================
Received Import Request.
  Time since last request: 0.000019 seconds.
  path: Assets/Scripts/PlayerCoins.cs
  artifactKey: Guid(65f165051d42933408deb3dcb9c33b6a) Importer(815301076,1909f56bfc062723c751e8b465ee728b)
Start importing Assets/Scripts/PlayerCoins.cs using Guid(65f165051d42933408deb3dcb9c33b6a) Importer(815301076,1909f56bfc062723c751e8b465ee728b) (PreviewImporter) -> (artifact id: '00000000000000000000000000000000') in 0.0007704 seconds
Import Error Code:(4)
Message: Build asset version error: assets/scripts/playercoins.cs in SourceAssetDB has modification time of '2026-05-01T21:40:32.5620972Z' while content on disk has modification time of '2026-05-01T21:40:41.3586891Z'
  ERROR: Build asset version error: assets/scripts/playercoins.cs in SourceAssetDB has modification time of '2026-05-01T21:40:32.5620972Z' while content on disk has modification time of '2026-05-01T21:40:41.3586891Z'
Number of updated asset objects reloaded before import = 0Number of asset objects unloaded after import = 0

========================================================================
Received Import Request.
  Time since last request: 0.000086 seconds.
  path: Assets/Scripts/PlayerCoins.cs
  artifactKey: Guid(65f165051d42933408deb3dcb9c33b6a) Importer(815301076,1909f56bfc062723c751e8b465ee728b)
Start importing Assets/Scripts/PlayerCoins.cs using Guid(65f165051d42933408deb3dcb9c33b6a) Importer(815301076,1909f56bfc062723c751e8b465ee728b) (PreviewImporter) -> (artifact id: '00000000000000000000000000000000') in 0.0007572 seconds
Import Error Code:(4)
Message: Build asset version error: assets/scripts/playercoins.cs in SourceAssetDB has modification time of '2026-05-01T21:40:32.5620972Z' while content on disk has modification time of '2026-05-01T21:40:41.3586891Z'
  ERROR: Build asset version error: assets/scripts/playercoins.cs in SourceAssetDB has modification time of '2026-05-01T21:40:32.5620972Z' while content on disk has modification time of '2026-05-01T21:40:41.3586891Z'
Number of updated asset objects reloaded before import = 0Number of asset objects unloaded after import = 0

========================================================================
Received Import Request.
  Time since last request: 0.000020 seconds.
  path: Assets/Scripts/PlayerCoins.cs
  artifactKey: Guid(65f165051d42933408deb3dcb9c33b6a) Importer(815301076,1909f56bfc062723c751e8b465ee728b)
Start importing Assets/Scripts/PlayerCoins.cs using Guid(65f165051d42933408deb3dcb9c33b6a) Importer(815301076,1909f56bfc062723c751e8b465ee728b) (PreviewImporter) -> (artifact id: '00000000000000000000000000000000') in 0.0007244 seconds
Import Error Code:(4)
Message: Build asset version error: assets/scripts/playercoins.cs in SourceAssetDB has modification time of '2026-05-01T21:40:32.5620972Z' while content on disk has modification time of '2026-05-01T21:40:41.3586891Z'
  ERROR: Build asset version error: assets/scripts/playercoins.cs in SourceAssetDB has modification time of '2026-05-01T21:40:32.5620972Z' while content on disk has modification time of '2026-05-01T21:40:41.3586891Z'
Number of updated asset objects reloaded before import = 0Number of asset objects unloaded after import = 0

========================================================================
Received Import Request.
  Time since last request: 0.000017 seconds.
  path: Assets/Scripts/PlayerCoins.cs
  artifactKey: Guid(65f165051d42933408deb3dcb9c33b6a) Importer(815301076,1909f56bfc062723c751e8b465ee728b)
Start importing Assets/Scripts/PlayerCoins.cs using Guid(65f165051d42933408deb3dcb9c33b6a) Importer(815301076,1909f56bfc062723c751e8b465ee728b) (PreviewImporter) -> (artifact id: '00000000000000000000000000000000') in 0.0006857 seconds
Import Error Code:(4)
Message: Build asset version error: assets/scripts/playercoins.cs in SourceAssetDB has modification time of '2026-05-01T21:40:32.5620972Z' while content on disk has modification time of '2026-05-01T21:40:41.3586891Z'
  ERROR: Build asset version error: assets/scripts/playercoins.cs in SourceAssetDB has modification time of '2026-05-01T21:40:32.5620972Z' while content on disk has modification time of '2026-05-01T21:40:41.3586891Z'
Number of updated asset objects reloaded before import = 0Number of asset objects unloaded after import = 0

========================================================================
Received Import Request.
  Time since last request: 0.000015 seconds.
  path: Assets/Scripts/PlayerCoins.cs
  artifactKey: Guid(65f165051d42933408deb3dcb9c33b6a) Importer(815301076,1909f56bfc062723c751e8b465ee728b)
Start importing Assets/Scripts/PlayerCoins.cs using Guid(65f165051d42933408deb3dcb9c33b6a) Importer(815301076,1909f56bfc062723c751e8b465ee728b) (PreviewImporter) -> (artifact id: '00000000000000000000000000000000') in 0.0006803 seconds
Import Error Code:(4)
Message: Build asset version error: assets/scripts/playercoins.cs in SourceAssetDB has modification time of '2026-05-01T21:40:32.5620972Z' while content on disk has modification time of '2026-05-01T21:40:41.3586891Z'
  ERROR: Build asset version error: assets/scripts/playercoins.cs in SourceAssetDB has modification time of '2026-05-01T21:40:32.5620972Z' while content on disk has modification time of '2026-05-01T21:40:41.3586891Z'
Number of updated asset objects reloaded before import = 0Number of asset objects unloaded after import = 0

========================================================================
Received Import Request.
  Time since last request: 0.000018 seconds.
  path: Assets/Scripts/PlayerCoins.cs
  artifactKey: Guid(65f165051d42933408deb3dcb9c33b6a) Importer(815301076,1909f56bfc062723c751e8b465ee728b)
Start importing Assets/Scripts/PlayerCoins.cs using Guid(65f165051d42933408deb3dcb9c33b6a) Importer(815301076,1909f56bfc062723c751e8b465ee728b) (PreviewImporter) -> (artifact id: '00000000000000000000000000000000') in 0.0007606 seconds
Import Error Code:(4)
Message: Build asset version error: assets/scripts/playercoins.cs in SourceAssetDB has modification time of '2026-05-01T21:40:32.5620972Z' while content on disk has modification time of '2026-05-01T21:40:41.3586891Z'
  ERROR: Build asset version error: assets/scripts/playercoins.cs in SourceAssetDB has modification time of '2026-05-01T21:40:32.5620972Z' while content on disk has modification time of '2026-05-01T21:40:41.3586891Z'
Number of updated asset objects reloaded before import = 0Number of asset objects unloaded after import = 0

========================================================================
Received Import Request.
  Time since last request: 0.000018 seconds.
  path: Assets/Scripts/PlayerCoins.cs
  artifactKey: Guid(65f165051d42933408deb3dcb9c33b6a) Importer(815301076,1909f56bfc062723c751e8b465ee728b)
Start importing Assets/Scripts/PlayerCoins.cs using Guid(65f165051d42933408deb3dcb9c33b6a) Importer(815301076,1909f56bfc062723c751e8b465ee728b) (PreviewImporter) -> (artifact id: '00000000000000000000000000000000') in 0.0008271 seconds
Import Error Code:(4)
Message: Build asset version error: assets/scripts/playercoins.cs in SourceAssetDB has modification time of '2026-05-01T21:40:32.5620972Z' while content on disk has modification time of '2026-05-01T21:40:41.3586891Z'
  ERROR: Build asset version error: assets/scripts/playercoins.cs in SourceAssetDB has modification time of '2026-05-01T21:40:32.5620972Z' while content on disk has modification time of '2026-05-01T21:40:41.3586891Z'
Number of updated asset objects reloaded before import = 0Number of asset objects unloaded after import = 0

========================================================================
Received Import Request.
  Time since last request: 0.000031 seconds.
  path: Assets/Scripts/PlayerCoins.cs
  artifactKey: Guid(65f165051d42933408deb3dcb9c33b6a) Importer(815301076,1909f56bfc062723c751e8b465ee728b)
Start importing Assets/Scripts/PlayerCoins.cs using Guid(65f165051d42933408deb3dcb9c33b6a) Importer(815301076,1909f56bfc062723c751e8b465ee728b) (PreviewImporter) -> (artifact id: '00000000000000000000000000000000') in 0.0007117 seconds
Import Error Code:(4)
Message: Build asset version error: assets/scripts/playercoins.cs in SourceAssetDB has modification time of '2026-05-01T21:40:32.5620972Z' while content on disk has modification time of '2026-05-01T21:40:41.3586891Z'
  ERROR: Build asset version error: assets/scripts/playercoins.cs in SourceAssetDB has modification time of '2026-05-01T21:40:32.5620972Z' while content on disk has modification time of '2026-05-01T21:40:41.3586891Z'
Number of updated asset objects reloaded before import = 0Number of asset objects unloaded after import = 0

========================================================================
Received Import Request.
  Time since last request: 0.000024 seconds.
  path: Assets/Scripts/PlayerCoins.cs
  artifactKey: Guid(65f165051d42933408deb3dcb9c33b6a) Importer(815301076,1909f56bfc062723c751e8b465ee728b)
Start importing Assets/Scripts/PlayerCoins.cs using Guid(65f165051d42933408deb3dcb9c33b6a) Importer(815301076,1909f56bfc062723c751e8b465ee728b) (PreviewImporter) -> (artifact id: '00000000000000000000000000000000') in 0.0005726 seconds
Import Error Code:(4)
Message: Build asset version error: assets/scripts/playercoins.cs in SourceAssetDB has modification time of '2026-05-01T21:40:32.5620972Z' while content on disk has modification time of '2026-05-01T21:40:41.3586891Z'
  ERROR: Build asset version error: assets/scripts/playercoins.cs in SourceAssetDB has modification time of '2026-05-01T21:40:32.5620972Z' while content on disk has modification time of '2026-05-01T21:40:41.3586891Z'
Number of updated asset objects reloaded before import = 0Number of asset objects unloaded after import = 0

========================================================================
Received Import Request.
  Time since last request: 0.000019 seconds.
  path: Assets/Scripts/PlayerCoins.cs
  artifactKey: Guid(65f165051d42933408deb3dcb9c33b6a) Importer(815301076,1909f56bfc062723c751e8b465ee728b)
Start importing Assets/Scripts/PlayerCoins.cs using Guid(65f165051d42933408deb3dcb9c33b6a) Importer(815301076,1909f56bfc062723c751e8b465ee728b) (PreviewImporter) -> (artifact id: '00000000000000000000000000000000') in 0.0006289 seconds
Import Error Code:(4)
Message: Build asset version error: assets/scripts/playercoins.cs in SourceAssetDB has modification time of '2026-05-01T21:40:32.5620972Z' while content on disk has modification time of '2026-05-01T21:40:41.3586891Z'
  ERROR: Build asset version error: assets/scripts/playercoins.cs in SourceAssetDB has modification time of '2026-05-01T21:40:32.5620972Z' while content on disk has modification time of '2026-05-01T21:40:41.3586891Z'
Number of updated asset objects reloaded before import = 0Number of asset objects unloaded after import = 0

========================================================================
Received Import Request.
  Time since last request: 0.000015 seconds.
  path: Assets/Scripts/PlayerCoins.cs
  artifactKey: Guid(65f165051d42933408deb3dcb9c33b6a) Importer(815301076,1909f56bfc062723c751e8b465ee728b)
Start importing Assets/Scripts/PlayerCoins.cs using Guid(65f165051d42933408deb3dcb9c33b6a) Importer(815301076,1909f56bfc062723c751e8b465ee728b) (PreviewImporter) -> (artifact id: '00000000000000000000000000000000') in 0.0007084 seconds
Import Error Code:(4)
Message: Build asset version error: assets/scripts/playercoins.cs in SourceAssetDB has modification time of '2026-05-01T21:40:32.5620972Z' while content on disk has modification time of '2026-05-01T21:40:41.3586891Z'
  ERROR: Build asset version error: assets/scripts/playercoins.cs in SourceAssetDB has modification time of '2026-05-01T21:40:32.5620972Z' while content on disk has modification time of '2026-05-01T21:40:41.3586891Z'
Number of updated asset objects reloaded before import = 0Number of asset objects unloaded after import = 0

========================================================================
Received Import Request.
  Time since last request: 0.000017 seconds.
  path: Assets/Scripts/PlayerCoins.cs
  artifactKey: Guid(65f165051d42933408deb3dcb9c33b6a) Importer(815301076,1909f56bfc062723c751e8b465ee728b)
Start importing Assets/Scripts/PlayerCoins.cs using Guid(65f165051d42933408deb3dcb9c33b6a) Importer(815301076,1909f56bfc062723c751e8b465ee728b) (PreviewImporter) -> (artifact id: '00000000000000000000000000000000') in 0.0006952 seconds
Import Error Code:(4)
Message: Build asset version error: assets/scripts/playercoins.cs in SourceAssetDB has modification time of '2026-05-01T21:40:32.5620972Z' while content on disk has modification time of '2026-05-01T21:40:41.3586891Z'
  ERROR: Build asset version error: assets/scripts/playercoins.cs in SourceAssetDB has modification time of '2026-05-01T21:40:32.5620972Z' while content on disk has modification time of '2026-05-01T21:40:41.3586891Z'
Number of updated asset objects reloaded before import = 0Number of asset objects unloaded after import = 0

========================================================================
Received Import Request.
  Time since last request: 0.000020 seconds.
  path: Assets/Scripts/PlayerCoins.cs
  artifactKey: Guid(65f165051d42933408deb3dcb9c33b6a) Importer(815301076,1909f56bfc062723c751e8b465ee728b)
Start importing Assets/Scripts/PlayerCoins.cs using Guid(65f165051d42933408deb3dcb9c33b6a) Importer(815301076,1909f56bfc062723c751e8b465ee728b) (PreviewImporter) -> (artifact id: '00000000000000000000000000000000') in 0.0007403 seconds
Import Error Code:(4)
Message: Build asset version error: assets/scripts/playercoins.cs in SourceAssetDB has modification time of '2026-05-01T21:40:32.5620972Z' while content on disk has modification time of '2026-05-01T21:40:41.3586891Z'
  ERROR: Build asset version error: assets/scripts/playercoins.cs in SourceAssetDB has modification time of '2026-05-01T21:40:32.5620972Z' while content on disk has modification time of '2026-05-01T21:40:41.3586891Z'
Number of updated asset objects reloaded before import = 0Number of asset objects unloaded after import = 0

========================================================================
Received Import Request.
  Time since last request: 0.000032 seconds.
  path: Assets/Scripts/PlayerCoins.cs
  artifactKey: Guid(65f165051d42933408deb3dcb9c33b6a) Importer(815301076,1909f56bfc062723c751e8b465ee728b)
Start importing Assets/Scripts/PlayerCoins.cs using Guid(65f165051d42933408deb3dcb9c33b6a) Importer(815301076,1909f56bfc062723c751e8b465ee728b) (PreviewImporter) -> (artifact id: '00000000000000000000000000000000') in 0.0006205 seconds
Import Error Code:(4)
Message: Build asset version error: assets/scripts/playercoins.cs in SourceAssetDB has modification time of '2026-05-01T21:40:32.5620972Z' while content on disk has modification time of '2026-05-01T21:40:41.3586891Z'
  ERROR: Build asset version error: assets/scripts/playercoins.cs in SourceAssetDB has modification time of '2026-05-01T21:40:32.5620972Z' while content on disk has modification time of '2026-05-01T21:40:41.3586891Z'
Number of updated asset objects reloaded before import = 0Number of asset objects unloaded after import = 0

========================================================================
Received Import Request.
  Time since last request: 0.000018 seconds.
  path: Assets/Scripts/PlayerCoins.cs
  artifactKey: Guid(65f165051d42933408deb3dcb9c33b6a) Importer(815301076,1909f56bfc062723c751e8b465ee728b)
Start importing Assets/Scripts/PlayerCoins.cs using Guid(65f165051d42933408deb3dcb9c33b6a) Importer(815301076,1909f56bfc062723c751e8b465ee728b) (PreviewImporter) -> (artifact id: '00000000000000000000000000000000') in 0.0006675 seconds
Import Error Code:(4)
Message: Build asset version error: assets/scripts/playercoins.cs in SourceAssetDB has modification time of '2026-05-01T21:40:32.5620972Z' while content on disk has modification time of '2026-05-01T21:40:41.3586891Z'
  ERROR: Build asset version error: assets/scripts/playercoins.cs in SourceAssetDB has modification time of '2026-05-01T21:40:32.5620972Z' while content on disk has modification time of '2026-05-01T21:40:41.3586891Z'
Number of updated asset objects reloaded before import = 0Number of asset objects unloaded after import = 0

========================================================================
Received Import Request.
  Time since last request: 0.000018 seconds.
  path: Assets/Scripts/PlayerCoins.cs
  artifactKey: Guid(65f165051d42933408deb3dcb9c33b6a) Importer(815301076,1909f56bfc062723c751e8b465ee728b)
Start importing Assets/Scripts/PlayerCoins.cs using Guid(65f165051d42933408deb3dcb9c33b6a) Importer(815301076,1909f56bfc062723c751e8b465ee728b) (PreviewImporter) -> (artifact id: '00000000000000000000000000000000') in 0.0006224 seconds
Import Error Code:(4)
Message: Build asset version error: assets/scripts/playercoins.cs in SourceAssetDB has modification time of '2026-05-01T21:40:32.5620972Z' while content on disk has modification time of '2026-05-01T21:40:41.3586891Z'
  ERROR: Build asset version error: assets/scripts/playercoins.cs in SourceAssetDB has modification time of '2026-05-01T21:40:32.5620972Z' while content on disk has modification time of '2026-05-01T21:40:41.3586891Z'
Number of updated asset objects reloaded before import = 0Number of asset objects unloaded after import = 0

========================================================================
Received Import Request.
  Time since last request: 0.000015 seconds.
  path: Assets/Scripts/PlayerCoins.cs
  artifactKey: Guid(65f165051d42933408deb3dcb9c33b6a) Importer(815301076,1909f56bfc062723c751e8b465ee728b)
Start importing Assets/Scripts/PlayerCoins.cs using Guid(65f165051d42933408deb3dcb9c33b6a) Importer(815301076,1909f56bfc062723c751e8b465ee728b) (PreviewImporter) -> (artifact id: '00000000000000000000000000000000') in 0.0008424 seconds
Import Error Code:(4)
Message: Build asset version error: assets/scripts/playercoins.cs in SourceAssetDB has modification time of '2026-05-01T21:40:32.5620972Z' while content on disk has modification time of '2026-05-01T21:40:41.3586891Z'
  ERROR: Build asset version error: assets/scripts/playercoins.cs in SourceAssetDB has modification time of '2026-05-01T21:40:32.5620972Z' while content on disk has modification time of '2026-05-01T21:40:41.3586891Z'
Number of updated asset objects reloaded before import = 0Number of asset objects unloaded after import = 0

========================================================================
Received Import Request.
  Time since last request: 0.000020 seconds.
  path: Assets/Scripts/PlayerCoins.cs
  artifactKey: Guid(65f165051d42933408deb3dcb9c33b6a) Importer(815301076,1909f56bfc062723c751e8b465ee728b)
Start importing Assets/Scripts/PlayerCoins.cs using Guid(65f165051d42933408deb3dcb9c33b6a) Importer(815301076,1909f56bfc062723c751e8b465ee728b) (PreviewImporter) -> (artifact id: '00000000000000000000000000000000') in 0.0007521 seconds
Import Error Code:(4)
Message: Build asset version error: assets/scripts/playercoins.cs in SourceAssetDB has modification time of '2026-05-01T21:40:32.5620972Z' while content on disk has modification time of '2026-05-01T21:40:41.3586891Z'
  ERROR: Build asset version error: assets/scripts/playercoins.cs in SourceAssetDB has modification time of '2026-05-01T21:40:32.5620972Z' while content on disk has modification time of '2026-05-01T21:40:41.3586891Z'
Number of updated asset objects reloaded before import = 0Number of asset objects unloaded after import = 0

========================================================================
Received Import Request.
  Time since last request: 0.000026 seconds.
  path: Assets/Scripts/PlayerCoins.cs
  artifactKey: Guid(65f165051d42933408deb3dcb9c33b6a) Importer(815301076,1909f56bfc062723c751e8b465ee728b)
Start importing Assets/Scripts/PlayerCoins.cs using Guid(65f165051d42933408deb3dcb9c33b6a) Importer(815301076,1909f56bfc062723c751e8b465ee728b) (PreviewImporter) -> (artifact id: '00000000000000000000000000000000') in 0.0008062 seconds
Import Error Code:(4)
Message: Build asset version error: assets/scripts/playercoins.cs in SourceAssetDB has modification time of '2026-05-01T21:40:32.5620972Z' while content on disk has modification time of '2026-05-01T21:40:41.3586891Z'
  ERROR: Build asset version error: assets/scripts/playercoins.cs in SourceAssetDB has modification time of '2026-05-01T21:40:32.5620972Z' while content on disk has modification time of '2026-05-01T21:40:41.3586891Z'
Number of updated asset objects reloaded before import = 0Number of asset objects unloaded after import = 0

========================================================================
Received Import Request.
  Time since last request: 0.000021 seconds.
  path: Assets/Scripts/PlayerCoins.cs
  artifactKey: Guid(65f165051d42933408deb3dcb9c33b6a) Importer(815301076,1909f56bfc062723c751e8b465ee728b)
Start importing Assets/Scripts/PlayerCoins.cs using Guid(65f165051d42933408deb3dcb9c33b6a) Importer(815301076,1909f56bfc062723c751e8b465ee728b) (PreviewImporter) -> (artifact id: '00000000000000000000000000000000') in 0.0006716 seconds
Import Error Code:(4)
Message: Build asset version error: assets/scripts/playercoins.cs in SourceAssetDB has modification time of '2026-05-01T21:40:32.5620972Z' while content on disk has modification time of '2026-05-01T21:40:41.3586891Z'
  ERROR: Build asset version error: assets/scripts/playercoins.cs in SourceAssetDB has modification time of '2026-05-01T21:40:32.5620972Z' while content on disk has modification time of '2026-05-01T21:40:41.3586891Z'
Number of updated asset objects reloaded before import = 0Number of asset objects unloaded after import = 0

========================================================================
Received Import Request.
  Time since last request: 0.000017 seconds.
  path: Assets/Scripts/PlayerCoins.cs
  artifactKey: Guid(65f165051d42933408deb3dcb9c33b6a) Importer(815301076,1909f56bfc062723c751e8b465ee728b)
Start importing Assets/Scripts/PlayerCoins.cs using Guid(65f165051d42933408deb3dcb9c33b6a) Importer(815301076,1909f56bfc062723c751e8b465ee728b) (PreviewImporter) -> (artifact id: '00000000000000000000000000000000') in 0.0007518 seconds
Import Error Code:(4)
Message: Build asset version error: assets/scripts/playercoins.cs in SourceAssetDB has modification time of '2026-05-01T21:40:32.5620972Z' while content on disk has modification time of '2026-05-01T21:40:41.3586891Z'
  ERROR: Build asset version error: assets/scripts/playercoins.cs in SourceAssetDB has modification time of '2026-05-01T21:40:32.5620972Z' while content on disk has modification time of '2026-05-01T21:40:41.3586891Z'
Number of updated asset objects reloaded before import = 0Number of asset objects unloaded after import = 0

========================================================================
Received Import Request.
  Time since last request: 0.000017 seconds.
  path: Assets/Scripts/PlayerCoins.cs
  artifactKey: Guid(65f165051d42933408deb3dcb9c33b6a) Importer(815301076,1909f56bfc062723c751e8b465ee728b)
Start importing Assets/Scripts/PlayerCoins.cs using Guid(65f165051d42933408deb3dcb9c33b6a) Importer(815301076,1909f56bfc062723c751e8b465ee728b) (PreviewImporter) -> (artifact id: '00000000000000000000000000000000') in 0.000637 seconds
Import Error Code:(4)
Message: Build asset version error: assets/scripts/playercoins.cs in SourceAssetDB has modification time of '2026-05-01T21:40:32.5620972Z' while content on disk has modification time of '2026-05-01T21:40:41.3586891Z'
  ERROR: Build asset version error: assets/scripts/playercoins.cs in SourceAssetDB has modification time of '2026-05-01T21:40:32.5620972Z' while content on disk has modification time of '2026-05-01T21:40:41.3586891Z'
Number of updated asset objects reloaded before import = 0Number of asset objects unloaded after import = 0

========================================================================
Received Import Request.
  Time since last request: 0.000027 seconds.
  path: Assets/Scripts/PlayerCoins.cs
  artifactKey: Guid(65f165051d42933408deb3dcb9c33b6a) Importer(815301076,1909f56bfc062723c751e8b465ee728b)
Start importing Assets/Scripts/PlayerCoins.cs using Guid(65f165051d42933408deb3dcb9c33b6a) Importer(815301076,1909f56bfc062723c751e8b465ee728b) (PreviewImporter) -> (artifact id: '00000000000000000000000000000000') in 0.0007284 seconds
Import Error Code:(4)
Message: Build asset version error: assets/scripts/playercoins.cs in SourceAssetDB has modification time of '2026-05-01T21:40:32.5620972Z' while content on disk has modification time of '2026-05-01T21:40:41.3586891Z'
  ERROR: Build asset version error: assets/scripts/playercoins.cs in SourceAssetDB has modification time of '2026-05-01T21:40:32.5620972Z' while content on disk has modification time of '2026-05-01T21:40:41.3586891Z'
Number of updated asset objects reloaded before import = 0Number of asset objects unloaded after import = 0

========================================================================
Received Import Request.
  Time since last request: 0.000035 seconds.
  path: Assets/Scripts/PlayerCoins.cs
  artifactKey: Guid(65f165051d42933408deb3dcb9c33b6a) Importer(815301076,1909f56bfc062723c751e8b465ee728b)
Start importing Assets/Scripts/PlayerCoins.cs using Guid(65f165051d42933408deb3dcb9c33b6a) Importer(815301076,1909f56bfc062723c751e8b465ee728b) (PreviewImporter) -> (artifact id: '00000000000000000000000000000000') in 0.0006773 seconds
Import Error Code:(4)
Message: Build asset version error: assets/scripts/playercoins.cs in SourceAssetDB has modification time of '2026-05-01T21:40:32.5620972Z' while content on disk has modification time of '2026-05-01T21:40:41.3586891Z'
  ERROR: Build asset version error: assets/scripts/playercoins.cs in SourceAssetDB has modification time of '2026-05-01T21:40:32.5620972Z' while content on disk has modification time of '2026-05-01T21:40:41.3586891Z'
Number of updated asset objects reloaded before import = 0Number of asset objects unloaded after import = 0

========================================================================
Received Import Request.
  Time since last request: 0.000021 seconds.
  path: Assets/Scripts/PlayerCoins.cs
  artifactKey: Guid(65f165051d42933408deb3dcb9c33b6a) Importer(815301076,1909f56bfc062723c751e8b465ee728b)
Start importing Assets/Scripts/PlayerCoins.cs using Guid(65f165051d42933408deb3dcb9c33b6a) Importer(815301076,1909f56bfc062723c751e8b465ee728b) (PreviewImporter) -> (artifact id: '00000000000000000000000000000000') in 0.0006647 seconds
Import Error Code:(4)
Message: Build asset version error: assets/scripts/playercoins.cs in SourceAssetDB has modification time of '2026-05-01T21:40:32.5620972Z' while content on disk has modification time of '2026-05-01T21:40:41.3586891Z'
  ERROR: Build asset version error: assets/scripts/playercoins.cs in SourceAssetDB has modification time of '2026-05-01T21:40:32.5620972Z' while content on disk has modification time of '2026-05-01T21:40:41.3586891Z'
Number of updated asset objects reloaded before import = 0Number of asset objects unloaded after import = 0

========================================================================
Received Import Request.
  Time since last request: 0.000019 seconds.
  path: Assets/Scripts/PlayerCoins.cs
  artifactKey: Guid(65f165051d42933408deb3dcb9c33b6a) Importer(815301076,1909f56bfc062723c751e8b465ee728b)
Start importing Assets/Scripts/PlayerCoins.cs using Guid(65f165051d42933408deb3dcb9c33b6a) Importer(815301076,1909f56bfc062723c751e8b465ee728b) (PreviewImporter) -> (artifact id: '00000000000000000000000000000000') in 0.0006657 seconds
Import Error Code:(4)
Message: Build asset version error: assets/scripts/playercoins.cs in SourceAssetDB has modification time of '2026-05-01T21:40:32.5620972Z' while content on disk has modification time of '2026-05-01T21:40:41.3586891Z'
  ERROR: Build asset version error: assets/scripts/playercoins.cs in SourceAssetDB has modification time of '2026-05-01T21:40:32.5620972Z' while content on disk has modification time of '2026-05-01T21:40:41.3586891Z'
Number of updated asset objects reloaded before import = 0Number of asset objects unloaded after import = 0

========================================================================
Received Import Request.
  Time since last request: 0.000024 seconds.
  path: Assets/Scripts/PlayerCoins.cs
  artifactKey: Guid(65f165051d42933408deb3dcb9c33b6a) Importer(815301076,1909f56bfc062723c751e8b465ee728b)
Start importing Assets/Scripts/PlayerCoins.cs using Guid(65f165051d42933408deb3dcb9c33b6a) Importer(815301076,1909f56bfc062723c751e8b465ee728b) (PreviewImporter) -> (artifact id: '00000000000000000000000000000000') in 0.0007588 seconds
Import Error Code:(4)
Message: Build asset version error: assets/scripts/playercoins.cs in SourceAssetDB has modification time of '2026-05-01T21:40:32.5620972Z' while content on disk has modification time of '2026-05-01T21:40:41.3586891Z'
  ERROR: Build asset version error: assets/scripts/playercoins.cs in SourceAssetDB has modification time of '2026-05-01T21:40:32.5620972Z' while content on disk has modification time of '2026-05-01T21:40:41.3586891Z'
Number of updated asset objects reloaded before import = 0Number of asset objects unloaded after import = 0

========================================================================
Received Import Request.
  Time since last request: 0.000014 seconds.
  path: Assets/Scripts/PlayerCoins.cs
  artifactKey: Guid(65f165051d42933408deb3dcb9c33b6a) Importer(815301076,1909f56bfc062723c751e8b465ee728b)
Start importing Assets/Scripts/PlayerCoins.cs using Guid(65f165051d42933408deb3dcb9c33b6a) Importer(815301076,1909f56bfc062723c751e8b465ee728b) (PreviewImporter) -> (artifact id: '00000000000000000000000000000000') in 0.0006679 seconds
Import Error Code:(4)
Message: Build asset version error: assets/scripts/playercoins.cs in SourceAssetDB has modification time of '2026-05-01T21:40:32.5620972Z' while content on disk has modification time of '2026-05-01T21:40:41.3586891Z'
  ERROR: Build asset version error: assets/scripts/playercoins.cs in SourceAssetDB has modification time of '2026-05-01T21:40:32.5620972Z' while content on disk has modification time of '2026-05-01T21:40:41.3586891Z'
Number of updated asset objects reloaded before import = 0Number of asset objects unloaded after import = 0

========================================================================
Received Import Request.
  Time since last request: 0.000023 seconds.
  path: Assets/Scripts/PlayerCoins.cs
  artifactKey: Guid(65f165051d42933408deb3dcb9c33b6a) Importer(815301076,1909f56bfc062723c751e8b465ee728b)
Start importing Assets/Scripts/PlayerCoins.cs using Guid(65f165051d42933408deb3dcb9c33b6a) Importer(815301076,1909f56bfc062723c751e8b465ee728b) (PreviewImporter) -> (artifact id: '00000000000000000000000000000000') in 0.0006861 seconds
Import Error Code:(4)
Message: Build asset version error: assets/scripts/playercoins.cs in SourceAssetDB has modification time of '2026-05-01T21:40:32.5620972Z' while content on disk has modification time of '2026-05-01T21:40:41.3586891Z'
  ERROR: Build asset version error: assets/scripts/playercoins.cs in SourceAssetDB has modification time of '2026-05-01T21:40:32.5620972Z' while content on disk has modification time of '2026-05-01T21:40:41.3586891Z'
Number of updated asset objects reloaded before import = 0Number of asset objects unloaded after import = 0

========================================================================
Received Import Request.
  Time since last request: 0.000032 seconds.
  path: Assets/Scripts/PlayerCoins.cs
  artifactKey: Guid(65f165051d42933408deb3dcb9c33b6a) Importer(815301076,1909f56bfc062723c751e8b465ee728b)
Start importing Assets/Scripts/PlayerCoins.cs using Guid(65f165051d42933408deb3dcb9c33b6a) Importer(815301076,1909f56bfc062723c751e8b465ee728b) (PreviewImporter) -> (artifact id: '00000000000000000000000000000000') in 0.0006988 seconds
Import Error Code:(4)
Message: Build asset version error: assets/scripts/playercoins.cs in SourceAssetDB has modification time of '2026-05-01T21:40:32.5620972Z' while content on disk has modification time of '2026-05-01T21:40:41.3586891Z'
  ERROR: Build asset version error: assets/scripts/playercoins.cs in SourceAssetDB has modification time of '2026-05-01T21:40:32.5620972Z' while content on disk has modification time of '2026-05-01T21:40:41.3586891Z'
Number of updated asset objects reloaded before import = 0Number of asset objects unloaded after import = 0

========================================================================
Received Import Request.
  Time since last request: 0.000015 seconds.
  path: Assets/Scripts/PlayerCoins.cs
  artifactKey: Guid(65f165051d42933408deb3dcb9c33b6a) Importer(815301076,1909f56bfc062723c751e8b465ee728b)
Start importing Assets/Scripts/PlayerCoins.cs using Guid(65f165051d42933408deb3dcb9c33b6a) Importer(815301076,1909f56bfc062723c751e8b465ee728b) (PreviewImporter) -> (artifact id: '00000000000000000000000000000000') in 0.0005921 seconds
Import Error Code:(4)
Message: Build asset version error: assets/scripts/playercoins.cs in SourceAssetDB has modification time of '2026-05-01T21:40:32.5620972Z' while content on disk has modification time of '2026-05-01T21:40:41.3586891Z'
  ERROR: Build asset version error: assets/scripts/playercoins.cs in SourceAssetDB has modification time of '2026-05-01T21:40:32.5620972Z' while content on disk has modification time of '2026-05-01T21:40:41.3586891Z'
Number of updated asset objects reloaded before import = 0Number of asset objects unloaded after import = 0

========================================================================
Received Import Request.
  Time since last request: 0.000025 seconds.
  path: Assets/Scripts/PlayerCoins.cs
  artifactKey: Guid(65f165051d42933408deb3dcb9c33b6a) Importer(815301076,1909f56bfc062723c751e8b465ee728b)
Start importing Assets/Scripts/PlayerCoins.cs using Guid(65f165051d42933408deb3dcb9c33b6a) Importer(815301076,1909f56bfc062723c751e8b465ee728b) (PreviewImporter) -> (artifact id: '00000000000000000000000000000000') in 0.0007716 seconds
Import Error Code:(4)
Message: Build asset version error: assets/scripts/playercoins.cs in SourceAssetDB has modification time of '2026-05-01T21:40:32.5620972Z' while content on disk has modification time of '2026-05-01T21:40:41.3586891Z'
  ERROR: Build asset version error: assets/scripts/playercoins.cs in SourceAssetDB has modification time of '2026-05-01T21:40:32.5620972Z' while content on disk has modification time of '2026-05-01T21:40:41.3586891Z'
Number of updated asset objects reloaded before import = 0Number of asset objects unloaded after import = 0

========================================================================
Received Import Request.
  Time since last request: 0.000022 seconds.
  path: Assets/Scripts/PlayerCoins.cs
  artifactKey: Guid(65f165051d42933408deb3dcb9c33b6a) Importer(815301076,1909f56bfc062723c751e8b465ee728b)
Start importing Assets/Scripts/PlayerCoins.cs using Guid(65f165051d42933408deb3dcb9c33b6a) Importer(815301076,1909f56bfc062723c751e8b465ee728b) (PreviewImporter) -> (artifact id: '00000000000000000000000000000000') in 0.0007261 seconds
Import Error Code:(4)
Message: Build asset version error: assets/scripts/playercoins.cs in SourceAssetDB has modification time of '2026-05-01T21:40:32.5620972Z' while content on disk has modification time of '2026-05-01T21:40:41.3586891Z'
  ERROR: Build asset version error: assets/scripts/playercoins.cs in SourceAssetDB has modification time of '2026-05-01T21:40:32.5620972Z' while content on disk has modification time of '2026-05-01T21:40:41.3586891Z'
Number of updated asset objects reloaded before import = 0Number of asset objects unloaded after import = 0

========================================================================
Received Import Request.
  Time since last request: 0.000016 seconds.
  path: Assets/Scripts/PlayerCoins.cs
  artifactKey: Guid(65f165051d42933408deb3dcb9c33b6a) Importer(815301076,1909f56bfc062723c751e8b465ee728b)
Start importing Assets/Scripts/PlayerCoins.cs using Guid(65f165051d42933408deb3dcb9c33b6a) Importer(815301076,1909f56bfc062723c751e8b465ee728b) (PreviewImporter) -> (artifact id: '826ef5beddbb0654211e457441d49c54') in 0.0007644 seconds
Number of updated asset objects reloaded before import = 0Number of asset objects unloaded after import = 0

========================================================================
Received Prepare
Begin MonoManager ReloadAssembly
- Loaded All Assemblies, in  0.787 seconds
Refreshing native plugins compatible for Editor in 2.39 ms, found 5 plugins.
Native extension for WindowsStandalone target not found
[Package Manager] Failed to launch server process. Reason: Unity was launched with the -noUpm command-line argument
[Package Manager] Unable to send message (not connected to server process).
[Package Manager] Cannot connect to Unity Package Manager local server
[Package Manager] Failed to launch server process. Reason: Unity was launched with the -noUpm command-line argument
[Package Manager] Unable to send message (not connected to server process).
[Package Manager] Cannot connect to Unity Package Manager local server
ScheduleIndexationOnStartup MainProcess:False IndexOnStartup:True
Mono: successfully reloaded assembly
- Finished resetting the current domain, in  0.659 seconds
Domain Reload Profiling: 1443ms
	BeginReloadAssembly (226ms)
		ExecutionOrderSort (0ms)
		DisableScriptedObjects (11ms)
		BackupInstance (0ms)
		ReleaseScriptingObjects (0ms)
		CreateAndSetChildDomain (53ms)
	RebuildCommonClasses (40ms)
	RebuildNativeTypeToScriptingClass (18ms)
	initialDomainReloadingComplete (33ms)
	LoadAllAssembliesAndSetupDomain (468ms)
		LoadAssemblies (366ms)
		RebuildTransferFunctionScriptingTraits (0ms)
		AnalyzeDomain (208ms)
			TypeCache.Refresh (8ms)
				TypeCache.ScanAssembly (0ms)
			BuildScriptInfoCaches (183ms)
			ResolveRequiredComponents (11ms)
	FinalizeReload (659ms)
		ReleaseScriptCaches (0ms)
		RebuildScriptCaches (0ms)
		SetupLoadedEditorAssemblies (508ms)
			LogAssemblyErrors (0ms)
			InitializePlatformSupportModulesInManaged (3ms)
			SetLoadedEditorAssemblies (3ms)
			BeforeProcessingInitializeOnLoad (139ms)
			ProcessInitializeOnLoadAttributes (291ms)
			ProcessInitializeOnLoadMethodAttributes (66ms)
			AfterProcessingInitializeOnLoad (7ms)
			EditorAssembliesLoaded (0ms)
		ExecutionOrderSort2 (0ms)
		AwakeInstancesAfterBackupRestoration (14ms)
Refreshing native plugins compatible for Editor in 1.89 ms, found 5 plugins.
Preloading 0 native plugins for Editor in 0.00 ms.
Unloading 16 Unused Serialized files (Serialized files now loaded: 0)
Unloading 7168 unused Assets / (4.6 MB). Loaded Objects now: 8070.
Memory consumption went from 158.9 MB to 154.3 MB.
Total: 11.198200 ms (FindLiveObjects: 0.903300 ms CreateObjectMapping: 0.363100 ms MarkObjects: 6.092400 ms  DeleteObjects: 3.837900 ms)

Prepare: number of updated asset objects reloaded= 0
========================================================================
Received Prepare
Begin MonoManager ReloadAssembly
[Licensing::Client] Successfully resolved entitlement details
- Loaded All Assemblies, in  0.920 seconds
Refreshing native plugins compatible for Editor in 1.95 ms, found 5 plugins.
Native extension for WindowsStandalone target not found
[Package Manager] Failed to launch server process. Reason: Unity was launched with the -noUpm command-line argument
[Package Manager] Unable to send message (not connected to server process).
[Package Manager] Cannot connect to Unity Package Manager local server
[Package Manager] Failed to launch server process. Reason: Unity was launched with the -noUpm command-line argument
[Package Manager] Unable to send message (not connected to server process).
[Package Manager] Cannot connect to Unity Package Manager local server
ScheduleIndexationOnStartup MainProcess:False IndexOnStartup:True
Mono: successfully reloaded assembly
- Finished resetting the current domain, in  0.757 seconds
Domain Reload Profiling: 1676ms
	BeginReloadAssembly (272ms)
		ExecutionOrderSort (0ms)
		DisableScriptedObjects (41ms)
		BackupInstance (0ms)
		ReleaseScriptingObjects (0ms)
		CreateAndSetChildDomain (60ms)
	RebuildCommonClasses (44ms)
	RebuildNativeTypeToScriptingClass (14ms)
	initialDomainReloadingComplete (32ms)
	LoadAllAssembliesAndSetupDomain (557ms)
		LoadAssemblies (431ms)
		RebuildTransferFunctionScriptingTraits (0ms)
		AnalyzeDomain (225ms)
			TypeCache.Refresh (9ms)
				TypeCache.ScanAssembly (0ms)
			BuildScriptInfoCaches (198ms)
			ResolveRequiredComponents (12ms)
	FinalizeReload (757ms)
		ReleaseScriptCaches (0ms)
		RebuildScriptCaches (0ms)
		SetupLoadedEditorAssemblies (587ms)
			LogAssemblyErrors (0ms)
			InitializePlatformSupportModulesInManaged (3ms)
			SetLoadedEditorAssemblies (4ms)
			BeforeProcessingInitializeOnLoad (144ms)
			ProcessInitializeOnLoadAttributes (354ms)
			ProcessInitializeOnLoadMethodAttributes (76ms)
			AfterProcessingInitializeOnLoad (5ms)
			EditorAssembliesLoaded (0ms)
		ExecutionOrderSort2 (0ms)
		AwakeInstancesAfterBackupRestoration (16ms)
Refreshing native plugins compatible for Editor in 2.71 ms, found 5 plugins.
Preloading 0 native plugins for Editor in 0.00 ms.
Unloading 16 Unused Serialized files (Serialized files now loaded: 0)
Unloading 7168 unused Assets / (4.4 MB). Loaded Objects now: 8073.
Memory consumption went from 158.9 MB to 154.6 MB.
Total: 10.496900 ms (FindLiveObjects: 1.147400 ms CreateObjectMapping: 0.451600 ms MarkObjects: 6.173100 ms  DeleteObjects: 2.723100 ms)

Prepare: number of updated asset objects reloaded= 0
========================================================================
Received Import Request.
  Time since last request: 262.668454 seconds.
  path: Assets/Scripts/PlayerCoins.cs
  artifactKey: Guid(65f165051d42933408deb3dcb9c33b6a) Importer(815301076,1909f56bfc062723c751e8b465ee728b)
Start importing Assets/Scripts/PlayerCoins.cs using Guid(65f165051d42933408deb3dcb9c33b6a) Importer(815301076,1909f56bfc062723c751e8b465ee728b) (PreviewImporter) -> (artifact id: 'a48754a2fde3fce25f8027702769d80c') in 0.0159768 seconds
Number of updated asset objects reloaded before import = 0Number of asset objects unloaded after import = 0

========================================================================
Received Import Request.
  Time since last request: 128.746126 seconds.
  path: Assets/Thaleah_PixelFont/ThaleahFat.fontsettings
  artifactKey: Guid(652f7165b7c30ab46af6c4aad90a639b) Importer(815301076,1909f56bfc062723c751e8b465ee728b)
Start importing Assets/Thaleah_PixelFont/ThaleahFat.fontsettings using Guid(652f7165b7c30ab46af6c4aad90a639b) Importer(815301076,1909f56bfc062723c751e8b465ee728b) (PreviewImporter) -> (artifact id: '05e65db0fbf2766a8a9a0cab5f9382a6') in 0.0230887 seconds
Number of updated asset objects reloaded before import = 0Number of asset objects unloaded after import = 1

========================================================================
Received Import Request.
  Time since last request: 48.034828 seconds.
  path: Assets/Scripts/PlayerCoins.cs
  artifactKey: Guid(65f165051d42933408deb3dcb9c33b6a) Importer(2089858483,b0f066a214c2f5e87bad3c948f4d605d)
Start importing Assets/Scripts/PlayerCoins.cs using Guid(65f165051d42933408deb3dcb9c33b6a) Importer(2089858483,b0f066a214c2f5e87bad3c948f4d605d) (ScriptedImporter) -> (artifact id: '883ee0e668e8b4bab5b24ff87718edfb') in 0.0692338 seconds
Number of updated asset objects reloaded before import = 0Number of asset objects unloaded after import = 0

========================================================================
Received Import Request.
  Time since last request: 0.000029 seconds.
  path: Assets/Thaleah_PixelFont/Materials/Thaleah_DemoBackground.png
  artifactKey: Guid(b324a4685d480b346b084e8a5dbacbde) Importer(2089858483,b0f066a214c2f5e87bad3c948f4d605d)
Start importing Assets/Thaleah_PixelFont/Materials/Thaleah_DemoBackground.png using Guid(b324a4685d480b346b084e8a5dbacbde) Importer(2089858483,b0f066a214c2f5e87bad3c948f4d605d) (ScriptedImporter) -> (artifact id: '7f6676485cab197acf653006f722b4a6') in 0.055405 seconds
Number of updated asset objects reloaded before import = 0Number of asset objects unloaded after import = 3

========================================================================
Received Import Request.
  Time since last request: 0.000053 seconds.
  path: Assets/Animations/Die.anim
  artifactKey: Guid(f08d338a74faa754ea0fa9404997fbd0) Importer(2089858483,b0f066a214c2f5e87bad3c948f4d605d)
Start importing Assets/Animations/Die.anim using Guid(f08d338a74faa754ea0fa9404997fbd0) Importer(2089858483,b0f066a214c2f5e87bad3c948f4d605d) (ScriptedImporter) -> (artifact id: 'e4b44ca77238656e15f6bc8574538ffb') in 0.0148447 seconds
Number of updated asset objects reloaded before import = 0Number of asset objects unloaded after import = 1

========================================================================
Received Import Request.
  Time since last request: 0.000018 seconds.
  path: Assets/Thaleah_PixelFont/Thaleah_Readme.pdf
  artifactKey: Guid(2b9a81d04b64ba846b895089734b9415) Importer(2089858483,b0f066a214c2f5e87bad3c948f4d605d)
Start importing Assets/Thaleah_PixelFont/Thaleah_Readme.pdf using Guid(2b9a81d04b64ba846b895089734b9415) Importer(2089858483,b0f066a214c2f5e87bad3c948f4d605d) (ScriptedImporter) -> (artifact id: 'c68898b45211110832e74bc8a52f6547') in 0.003921 seconds
Number of updated asset objects reloaded before import = 0Number of asset objects unloaded after import = 1

========================================================================
Received Import Request.
  Time since last request: 0.000018 seconds.
  path: Assets/Animations/coin2.controller
  artifactKey: Guid(42e55da446cbdbb4a850ce339be7ccfa) Importer(2089858483,b0f066a214c2f5e87bad3c948f4d605d)
Start importing Assets/Animations/coin2.controller using Guid(42e55da446cbdbb4a850ce339be7ccfa) Importer(2089858483,b0f066a214c2f5e87bad3c948f4d605d) (ScriptedImporter) -> (artifact id: 'd89046085c0321f6de14563638fbe37a') in 0.0068423 seconds
Number of updated asset objects reloaded before import = 0Number of asset objects unloaded after import = 4

========================================================================
Received Import Request.
  Time since last request: 0.000024 seconds.
  path: Assets/Thaleah_PixelFont/Materials/ThaleahFat.png
  artifactKey: Guid(0ac691dd25a276d468ee89cf1948229d) Importer(2089858483,b0f066a214c2f5e87bad3c948f4d605d)
Start importing Assets/Thaleah_PixelFont/Materials/ThaleahFat.png using Guid(0ac691dd25a276d468ee89cf1948229d) Importer(2089858483,b0f066a214c2f5e87bad3c948f4d605d) (ScriptedImporter) -> (artifact id: 'f1bf1cad633714241f7a59538d85ec90') in 0.0081934 seconds
Number of updated asset objects reloaded before import = 0Number of asset objects unloaded after import = 1

========================================================================
Received Import Request.
  Time since last request: 0.000021 seconds.
  path: Assets/Thaleah_PixelFont/Thaleah_Demo.unity
  artifactKey: Guid(180143f4a57f2124dae57257c95bc10a) Importer(2089858483,b0f066a214c2f5e87bad3c948f4d605d)
Start importing Assets/Thaleah_PixelFont/Thaleah_Demo.unity using Guid(180143f4a57f2124dae57257c95bc10a) Importer(2089858483,b0f066a214c2f5e87bad3c948f4d605d) (ScriptedImporter) -> (artifact id: '0c119b930fb8b7fc4fa9546a9550cfb1') in 0.0053022 seconds
Number of updated asset objects reloaded before import = 0Number of asset objects unloaded after import = 1

========================================================================
Received Import Request.
  Time since last request: 0.000035 seconds.
  path: Assets/Thaleah_PixelFont/Materials/ThaleahFat.mat
  artifactKey: Guid(43d59b5c638b0664db55f3a4e4d130ef) Importer(2089858483,b0f066a214c2f5e87bad3c948f4d605d)
Start importing Assets/Thaleah_PixelFont/Materials/ThaleahFat.mat using Guid(43d59b5c638b0664db55f3a4e4d130ef) Importer(2089858483,b0f066a214c2f5e87bad3c948f4d605d) (ScriptedImporter) -> (artifact id: '5d7b273de391e70e90e08be957c5da2c') in 0.0165359 seconds
Number of updated asset objects reloaded before import = 0Number of asset objects unloaded after import = 2

========================================================================
Received Prepare
Refreshing native plugins compatible for Editor in 2.61 ms, found 5 plugins.
Preloading 0 native plugins for Editor in 0.00 ms.
Unloading 16 Unused Serialized files (Serialized files now loaded: 0)
Unloading 7154 unused Assets / (4.3 MB). Loaded Objects now: 8075.
Memory consumption went from 159.5 MB to 155.2 MB.
Total: 12.654700 ms (FindLiveObjects: 0.949300 ms CreateObjectMapping: 0.612000 ms MarkObjects: 8.053800 ms  DeleteObjects: 3.037700 ms)

Prepare: number of updated asset objects reloaded= 0
========================================================================
Received Import Request.
  Time since last request: 6.016322 seconds.
  path: Assets/Scripts/Coin.cs
  artifactKey: Guid(c9ef77a37fe6c8e4ca5240ebeb45fd28) Importer(815301076,1909f56bfc062723c751e8b465ee728b)
Start importing Assets/Scripts/Coin.cs using Guid(c9ef77a37fe6c8e4ca5240ebeb45fd28) Importer(815301076,1909f56bfc062723c751e8b465ee728b) (PreviewImporter) -> (artifact id: 'e8b824242fbce250e81e9ec7d17e3141') in 0.0098871 seconds
Number of updated asset objects reloaded before import = 0Number of asset objects unloaded after import = 0

========================================================================
Received Import Request.
  Time since last request: 0.265592 seconds.
  path: Assets/Scripts/Coin.cs
  artifactKey: Guid(c9ef77a37fe6c8e4ca5240ebeb45fd28) Importer(2089858483,b0f066a214c2f5e87bad3c948f4d605d)
Start importing Assets/Scripts/Coin.cs using Guid(c9ef77a37fe6c8e4ca5240ebeb45fd28) Importer(2089858483,b0f066a214c2f5e87bad3c948f4d605d) (ScriptedImporter) -> (artifact id: 'f3d08442cfe32d9682535969fcc8d033') in 0.0037848 seconds
Number of updated asset objects reloaded before import = 0Number of asset objects unloaded after import = 0

========================================================================
Received Prepare
Begin MonoManager ReloadAssembly
[Licensing::Client] Successfully resolved entitlement details
- Loaded All Assemblies, in  1.063 seconds
Refreshing native plugins compatible for Editor in 2.09 ms, found 5 plugins.
Native extension for WindowsStandalone target not found
[Package Manager] Failed to launch server process. Reason: Unity was launched with the -noUpm command-line argument
[Package Manager] Unable to send message (not connected to server process).
[Package Manager] Cannot connect to Unity Package Manager local server
[Package Manager] Failed to launch server process. Reason: Unity was launched with the -noUpm command-line argument
[Package Manager] Unable to send message (not connected to server process).
[Package Manager] Cannot connect to Unity Package Manager local server
ScheduleIndexationOnStartup MainProcess:False IndexOnStartup:True
Mono: successfully reloaded assembly
- Finished resetting the current domain, in  0.956 seconds
Domain Reload Profiling: 2020ms
	BeginReloadAssembly (307ms)
		ExecutionOrderSort (0ms)
		DisableScriptedObjects (19ms)
		BackupInstance (0ms)
		ReleaseScriptingObjects (0ms)
		CreateAndSetChildDomain (79ms)
	RebuildCommonClasses (48ms)
	RebuildNativeTypeToScriptingClass (17ms)
	initialDomainReloadingComplete (33ms)
	LoadAllAssembliesAndSetupDomain (659ms)
		LoadAssemblies (510ms)
		RebuildTransferFunctionScriptingTraits (0ms)
		AnalyzeDomain (292ms)
			TypeCache.Refresh (14ms)
				TypeCache.ScanAssembly (0ms)
			BuildScriptInfoCaches (256ms)
			ResolveRequiredComponents (13ms)
	FinalizeReload (956ms)
		ReleaseScriptCaches (0ms)
		RebuildScriptCaches (0ms)
		SetupLoadedEditorAssemblies (736ms)
			LogAssemblyErrors (0ms)
			InitializePlatformSupportModulesInManaged (3ms)
			SetLoadedEditorAssemblies (4ms)
			BeforeProcessingInitializeOnLoad (200ms)
			ProcessInitializeOnLoadAttributes (407ms)
			ProcessInitializeOnLoadMethodAttributes (112ms)
			AfterProcessingInitializeOnLoad (9ms)
			EditorAssembliesLoaded (1ms)
		ExecutionOrderSort2 (0ms)
		AwakeInstancesAfterBackupRestoration (18ms)
Refreshing native plugins compatible for Editor in 4.54 ms, found 5 plugins.
Preloading 0 native plugins for Editor in 0.00 ms.
Unloading 16 Unused Serialized files (Serialized files now loaded: 0)
Unloading 7169 unused Assets / (4.2 MB). Loaded Objects now: 8078.
Memory consumption went from 159.0 MB to 154.9 MB.
Total: 15.041200 ms (FindLiveObjects: 1.341800 ms CreateObjectMapping: 1.480100 ms MarkObjects: 8.862300 ms  DeleteObjects: 3.355400 ms)

Prepare: number of updated asset objects reloaded= 0
========================================================================
Received Import Request.
  Time since last request: 8.008160 seconds.
  path: Assets/Scripts/Coin.cs
  artifactKey: Guid(c9ef77a37fe6c8e4ca5240ebeb45fd28) Importer(815301076,1909f56bfc062723c751e8b465ee728b)
Start importing Assets/Scripts/Coin.cs using Guid(c9ef77a37fe6c8e4ca5240ebeb45fd28) Importer(815301076,1909f56bfc062723c751e8b465ee728b) (PreviewImporter) -> (artifact id: '00000000000000000000000000000000') in 0.0074646 seconds
Import Error Code:(4)
Message: Build asset version error: assets/scripts/coin.cs in SourceAssetDB has modification time of '2026-05-01T21:48:14.4274935Z' while content on disk has modification time of '2026-05-01T21:48:15.8794399Z'
  ERROR: Build asset version error: assets/scripts/coin.cs in SourceAssetDB has modification time of '2026-05-01T21:48:14.4274935Z' while content on disk has modification time of '2026-05-01T21:48:15.8794399Z'
Number of updated asset objects reloaded before import = 0Number of asset objects unloaded after import = 0

========================================================================
Received Import Request.
  Time since last request: 0.000029 seconds.
  path: Assets/Scripts/Coin.cs
  artifactKey: Guid(c9ef77a37fe6c8e4ca5240ebeb45fd28) Importer(815301076,1909f56bfc062723c751e8b465ee728b)
Start importing Assets/Scripts/Coin.cs using Guid(c9ef77a37fe6c8e4ca5240ebeb45fd28) Importer(815301076,1909f56bfc062723c751e8b465ee728b) (PreviewImporter) -> (artifact id: '00000000000000000000000000000000') in 0.0007014 seconds
Import Error Code:(4)
Message: Build asset version error: assets/scripts/coin.cs in SourceAssetDB has modification time of '2026-05-01T21:48:14.4274935Z' while content on disk has modification time of '2026-05-01T21:48:15.8794399Z'
  ERROR: Build asset version error: assets/scripts/coin.cs in SourceAssetDB has modification time of '2026-05-01T21:48:14.4274935Z' while content on disk has modification time of '2026-05-01T21:48:15.8794399Z'
Number of updated asset objects reloaded before import = 0Number of asset objects unloaded after import = 0

========================================================================
Received Import Request.
  Time since last request: 0.000020 seconds.
  path: Assets/Scripts/Coin.cs
  artifactKey: Guid(c9ef77a37fe6c8e4ca5240ebeb45fd28) Importer(815301076,1909f56bfc062723c751e8b465ee728b)
Start importing Assets/Scripts/Coin.cs using Guid(c9ef77a37fe6c8e4ca5240ebeb45fd28) Importer(815301076,1909f56bfc062723c751e8b465ee728b) (PreviewImporter) -> (artifact id: '00000000000000000000000000000000') in 0.0007012 seconds
Import Error Code:(4)
Message: Build asset version error: assets/scripts/coin.cs in SourceAssetDB has modification time of '2026-05-01T21:48:14.4274935Z' while content on disk has modification time of '2026-05-01T21:48:15.8794399Z'
  ERROR: Build asset version error: assets/scripts/coin.cs in SourceAssetDB has modification time of '2026-05-01T21:48:14.4274935Z' while content on disk has modification time of '2026-05-01T21:48:15.8794399Z'
Number of updated asset objects reloaded before import = 0Number of asset objects unloaded after import = 0

========================================================================
Received Import Request.
  Time since last request: 0.000016 seconds.
  path: Assets/Scripts/Coin.cs
  artifactKey: Guid(c9ef77a37fe6c8e4ca5240ebeb45fd28) Importer(815301076,1909f56bfc062723c751e8b465ee728b)
Start importing Assets/Scripts/Coin.cs using Guid(c9ef77a37fe6c8e4ca5240ebeb45fd28) Importer(815301076,1909f56bfc062723c751e8b465ee728b) (PreviewImporter) -> (artifact id: '00000000000000000000000000000000') in 0.0006868 seconds
Import Error Code:(4)
Message: Build asset version error: assets/scripts/coin.cs in SourceAssetDB has modification time of '2026-05-01T21:48:14.4274935Z' while content on disk has modification time of '2026-05-01T21:48:15.8794399Z'
  ERROR: Build asset version error: assets/scripts/coin.cs in SourceAssetDB has modification time of '2026-05-01T21:48:14.4274935Z' while content on disk has modification time of '2026-05-01T21:48:15.8794399Z'
Number of updated asset objects reloaded before import = 0Number of asset objects unloaded after import = 0

========================================================================
Received Import Request.
  Time since last request: 0.000020 seconds.
  path: Assets/Scripts/Coin.cs
  artifactKey: Guid(c9ef77a37fe6c8e4ca5240ebeb45fd28) Importer(815301076,1909f56bfc062723c751e8b465ee728b)
Start importing Assets/Scripts/Coin.cs using Guid(c9ef77a37fe6c8e4ca5240ebeb45fd28) Importer(815301076,1909f56bfc062723c751e8b465ee728b) (PreviewImporter) -> (artifact id: '00000000000000000000000000000000') in 0.0006926 seconds
Import Error Code:(4)
Message: Build asset version error: assets/scripts/coin.cs in SourceAssetDB has modification time of '2026-05-01T21:48:14.4274935Z' while content on disk has modification time of '2026-05-01T21:48:15.8794399Z'
  ERROR: Build asset version error: assets/scripts/coin.cs in SourceAssetDB has modification time of '2026-05-01T21:48:14.4274935Z' while content on disk has modification time of '2026-05-01T21:48:15.8794399Z'
Number of updated asset objects reloaded before import = 0Number of asset objects unloaded after import = 0

========================================================================
Received Import Request.
  Time since last request: 0.000028 seconds.
  path: Assets/Scripts/Coin.cs
  artifactKey: Guid(c9ef77a37fe6c8e4ca5240ebeb45fd28) Importer(815301076,1909f56bfc062723c751e8b465ee728b)
Start importing Assets/Scripts/Coin.cs using Guid(c9ef77a37fe6c8e4ca5240ebeb45fd28) Importer(815301076,1909f56bfc062723c751e8b465ee728b) (PreviewImporter) -> (artifact id: '00000000000000000000000000000000') in 0.0007065 seconds
Import Error Code:(4)
Message: Build asset version error: assets/scripts/coin.cs in SourceAssetDB has modification time of '2026-05-01T21:48:14.4274935Z' while content on disk has modification time of '2026-05-01T21:48:15.8794399Z'
  ERROR: Build asset version error: assets/scripts/coin.cs in SourceAssetDB has modification time of '2026-05-01T21:48:14.4274935Z' while content on disk has modification time of '2026-05-01T21:48:15.8794399Z'
Number of updated asset objects reloaded before import = 0Number of asset objects unloaded after import = 0

========================================================================
Received Import Request.
  Time since last request: 0.000023 seconds.
  path: Assets/Scripts/Coin.cs
  artifactKey: Guid(c9ef77a37fe6c8e4ca5240ebeb45fd28) Importer(815301076,1909f56bfc062723c751e8b465ee728b)
Start importing Assets/Scripts/Coin.cs using Guid(c9ef77a37fe6c8e4ca5240ebeb45fd28) Importer(815301076,1909f56bfc062723c751e8b465ee728b) (PreviewImporter) -> (artifact id: '00000000000000000000000000000000') in 0.0006801 seconds
Import Error Code:(4)
Message: Build asset version error: assets/scripts/coin.cs in SourceAssetDB has modification time of '2026-05-01T21:48:14.4274935Z' while content on disk has modification time of '2026-05-01T21:48:15.8794399Z'
  ERROR: Build asset version error: assets/scripts/coin.cs in SourceAssetDB has modification time of '2026-05-01T21:48:14.4274935Z' while content on disk has modification time of '2026-05-01T21:48:15.8794399Z'
Number of updated asset objects reloaded before import = 0Number of asset objects unloaded after import = 0

========================================================================
Received Import Request.
  Time since last request: 0.000016 seconds.
  path: Assets/Scripts/Coin.cs
  artifactKey: Guid(c9ef77a37fe6c8e4ca5240ebeb45fd28) Importer(815301076,1909f56bfc062723c751e8b465ee728b)
Start importing Assets/Scripts/Coin.cs using Guid(c9ef77a37fe6c8e4ca5240ebeb45fd28) Importer(815301076,1909f56bfc062723c751e8b465ee728b) (PreviewImporter) -> (artifact id: '00000000000000000000000000000000') in 0.0006566 seconds
Import Error Code:(4)
Message: Build asset version error: assets/scripts/coin.cs in SourceAssetDB has modification time of '2026-05-01T21:48:14.4274935Z' while content on disk has modification time of '2026-05-01T21:48:15.8794399Z'
  ERROR: Build asset version error: assets/scripts/coin.cs in SourceAssetDB has modification time of '2026-05-01T21:48:14.4274935Z' while content on disk has modification time of '2026-05-01T21:48:15.8794399Z'
Number of updated asset objects reloaded before import = 0Number of asset objects unloaded after import = 0

========================================================================
Received Import Request.
  Time since last request: 0.000017 seconds.
  path: Assets/Scripts/Coin.cs
  artifactKey: Guid(c9ef77a37fe6c8e4ca5240ebeb45fd28) Importer(815301076,1909f56bfc062723c751e8b465ee728b)
Start importing Assets/Scripts/Coin.cs using Guid(c9ef77a37fe6c8e4ca5240ebeb45fd28) Importer(815301076,1909f56bfc062723c751e8b465ee728b) (PreviewImporter) -> (artifact id: '00000000000000000000000000000000') in 0.0005914 seconds
Import Error Code:(4)
Message: Build asset version error: assets/scripts/coin.cs in SourceAssetDB has modification time of '2026-05-01T21:48:14.4274935Z' while content on disk has modification time of '2026-05-01T21:48:15.8794399Z'
  ERROR: Build asset version error: assets/scripts/coin.cs in SourceAssetDB has modification time of '2026-05-01T21:48:14.4274935Z' while content on disk has modification time of '2026-05-01T21:48:15.8794399Z'
Number of updated asset objects reloaded before import = 0Number of asset objects unloaded after import = 0

========================================================================
Received Import Request.
  Time since last request: 0.000016 seconds.
  path: Assets/Scripts/Coin.cs
  artifactKey: Guid(c9ef77a37fe6c8e4ca5240ebeb45fd28) Importer(815301076,1909f56bfc062723c751e8b465ee728b)
Start importing Assets/Scripts/Coin.cs using Guid(c9ef77a37fe6c8e4ca5240ebeb45fd28) Importer(815301076,1909f56bfc062723c751e8b465ee728b) (PreviewImporter) -> (artifact id: '00000000000000000000000000000000') in 0.0006605 seconds
Import Error Code:(4)
Message: Build asset version error: assets/scripts/coin.cs in SourceAssetDB has modification time of '2026-05-01T21:48:14.4274935Z' while content on disk has modification time of '2026-05-01T21:48:15.8794399Z'
  ERROR: Build asset version error: assets/scripts/coin.cs in SourceAssetDB has modification time of '2026-05-01T21:48:14.4274935Z' while content on disk has modification time of '2026-05-01T21:48:15.8794399Z'
Number of updated asset objects reloaded before import = 0Number of asset objects unloaded after import = 0

========================================================================
Received Import Request.
  Time since last request: 0.000020 seconds.
  path: Assets/Scripts/Coin.cs
  artifactKey: Guid(c9ef77a37fe6c8e4ca5240ebeb45fd28) Importer(815301076,1909f56bfc062723c751e8b465ee728b)
Start importing Assets/Scripts/Coin.cs using Guid(c9ef77a37fe6c8e4ca5240ebeb45fd28) Importer(815301076,1909f56bfc062723c751e8b465ee728b) (PreviewImporter) -> (artifact id: '00000000000000000000000000000000') in 0.00063 seconds
Import Error Code:(4)
Message: Build asset version error: assets/scripts/coin.cs in SourceAssetDB has modification time of '2026-05-01T21:48:14.4274935Z' while content on disk has modification time of '2026-05-01T21:48:15.8794399Z'
  ERROR: Build asset version error: assets/scripts/coin.cs in SourceAssetDB has modification time of '2026-05-01T21:48:14.4274935Z' while content on disk has modification time of '2026-05-01T21:48:15.8794399Z'
Number of updated asset objects reloaded before import = 0Number of asset objects unloaded after import = 0

========================================================================
Received Import Request.
  Time since last request: 0.000030 seconds.
  path: Assets/Scripts/Coin.cs
  artifactKey: Guid(c9ef77a37fe6c8e4ca5240ebeb45fd28) Importer(815301076,1909f56bfc062723c751e8b465ee728b)
Start importing Assets/Scripts/Coin.cs using Guid(c9ef77a37fe6c8e4ca5240ebeb45fd28) Importer(815301076,1909f56bfc062723c751e8b465ee728b) (PreviewImporter) -> (artifact id: '00000000000000000000000000000000') in 0.0006575 seconds
Import Error Code:(4)
Message: Build asset version error: assets/scripts/coin.cs in SourceAssetDB has modification time of '2026-05-01T21:48:14.4274935Z' while content on disk has modification time of '2026-05-01T21:48:15.8794399Z'
  ERROR: Build asset version error: assets/scripts/coin.cs in SourceAssetDB has modification time of '2026-05-01T21:48:14.4274935Z' while content on disk has modification time of '2026-05-01T21:48:15.8794399Z'
Number of updated asset objects reloaded before import = 0Number of asset objects unloaded after import = 0

========================================================================
Received Import Request.
  Time since last request: 0.000014 seconds.
  path: Assets/Scripts/Coin.cs
  artifactKey: Guid(c9ef77a37fe6c8e4ca5240ebeb45fd28) Importer(815301076,1909f56bfc062723c751e8b465ee728b)
Start importing Assets/Scripts/Coin.cs using Guid(c9ef77a37fe6c8e4ca5240ebeb45fd28) Importer(815301076,1909f56bfc062723c751e8b465ee728b) (PreviewImporter) -> (artifact id: '00000000000000000000000000000000') in 0.0006825 seconds
Import Error Code:(4)
Message: Build asset version error: assets/scripts/coin.cs in SourceAssetDB has modification time of '2026-05-01T21:48:14.4274935Z' while content on disk has modification time of '2026-05-01T21:48:15.8794399Z'
  ERROR: Build asset version error: assets/scripts/coin.cs in SourceAssetDB has modification time of '2026-05-01T21:48:14.4274935Z' while content on disk has modification time of '2026-05-01T21:48:15.8794399Z'
Number of updated asset objects reloaded before import = 0Number of asset objects unloaded after import = 0

========================================================================
Received Import Request.
  Time since last request: 0.000021 seconds.
  path: Assets/Scripts/Coin.cs
  artifactKey: Guid(c9ef77a37fe6c8e4ca5240ebeb45fd28) Importer(815301076,1909f56bfc062723c751e8b465ee728b)
Start importing Assets/Scripts/Coin.cs using Guid(c9ef77a37fe6c8e4ca5240ebeb45fd28) Importer(815301076,1909f56bfc062723c751e8b465ee728b) (PreviewImporter) -> (artifact id: '00000000000000000000000000000000') in 0.0007015 seconds
Import Error Code:(4)
Message: Build asset version error: assets/scripts/coin.cs in SourceAssetDB has modification time of '2026-05-01T21:48:14.4274935Z' while content on disk has modification time of '2026-05-01T21:48:15.8794399Z'
  ERROR: Build asset version error: assets/scripts/coin.cs in SourceAssetDB has modification time of '2026-05-01T21:48:14.4274935Z' while content on disk has modification time of '2026-05-01T21:48:15.8794399Z'
Number of updated asset objects reloaded before import = 0Number of asset objects unloaded after import = 0

========================================================================
Received Import Request.
  Time since last request: 0.000014 seconds.
  path: Assets/Scripts/Coin.cs
  artifactKey: Guid(c9ef77a37fe6c8e4ca5240ebeb45fd28) Importer(815301076,1909f56bfc062723c751e8b465ee728b)
Start importing Assets/Scripts/Coin.cs using Guid(c9ef77a37fe6c8e4ca5240ebeb45fd28) Importer(815301076,1909f56bfc062723c751e8b465ee728b) (PreviewImporter) -> (artifact id: '00000000000000000000000000000000') in 0.0007097 seconds
Import Error Code:(4)
Message: Build asset version error: assets/scripts/coin.cs in SourceAssetDB has modification time of '2026-05-01T21:48:14.4274935Z' while content on disk has modification time of '2026-05-01T21:48:15.8794399Z'
  ERROR: Build asset version error: assets/scripts/coin.cs in SourceAssetDB has modification time of '2026-05-01T21:48:14.4274935Z' while content on disk has modification time of '2026-05-01T21:48:15.8794399Z'
Number of updated asset objects reloaded before import = 0Number of asset objects unloaded after import = 0

========================================================================
Received Import Request.
  Time since last request: 0.000017 seconds.
  path: Assets/Scripts/Coin.cs
  artifactKey: Guid(c9ef77a37fe6c8e4ca5240ebeb45fd28) Importer(815301076,1909f56bfc062723c751e8b465ee728b)
Start importing Assets/Scripts/Coin.cs using Guid(c9ef77a37fe6c8e4ca5240ebeb45fd28) Importer(815301076,1909f56bfc062723c751e8b465ee728b) (PreviewImporter) -> (artifact id: '00000000000000000000000000000000') in 0.0006508 seconds
Import Error Code:(4)
Message: Build asset version error: assets/scripts/coin.cs in SourceAssetDB has modification time of '2026-05-01T21:48:14.4274935Z' while content on disk has modification time of '2026-05-01T21:48:15.8794399Z'
  ERROR: Build asset version error: assets/scripts/coin.cs in SourceAssetDB has modification time of '2026-05-01T21:48:14.4274935Z' while content on disk has modification time of '2026-05-01T21:48:15.8794399Z'
Number of updated asset objects reloaded before import = 0Number of asset objects unloaded after import = 0

========================================================================
Received Import Request.
  Time since last request: 0.000019 seconds.
  path: Assets/Scripts/Coin.cs
  artifactKey: Guid(c9ef77a37fe6c8e4ca5240ebeb45fd28) Importer(815301076,1909f56bfc062723c751e8b465ee728b)
Start importing Assets/Scripts/Coin.cs using Guid(c9ef77a37fe6c8e4ca5240ebeb45fd28) Importer(815301076,1909f56bfc062723c751e8b465ee728b) (PreviewImporter) -> (artifact id: '00000000000000000000000000000000') in 0.0006227 seconds
Import Error Code:(4)
Message: Build asset version error: assets/scripts/coin.cs in SourceAssetDB has modification time of '2026-05-01T21:48:14.4274935Z' while content on disk has modification time of '2026-05-01T21:48:15.8794399Z'
  ERROR: Build asset version error: assets/scripts/coin.cs in SourceAssetDB has modification time of '2026-05-01T21:48:14.4274935Z' while content on disk has modification time of '2026-05-01T21:48:15.8794399Z'
Number of updated asset objects reloaded before import = 0Number of asset objects unloaded after import = 0

========================================================================
Received Import Request.
  Time since last request: 0.000026 seconds.
  path: Assets/Scripts/Coin.cs
  artifactKey: Guid(c9ef77a37fe6c8e4ca5240ebeb45fd28) Importer(815301076,1909f56bfc062723c751e8b465ee728b)
Start importing Assets/Scripts/Coin.cs using Guid(c9ef77a37fe6c8e4ca5240ebeb45fd28) Importer(815301076,1909f56bfc062723c751e8b465ee728b) (PreviewImporter) -> (artifact id: '00000000000000000000000000000000') in 0.0007757 seconds
Import Error Code:(4)
Message: Build asset version error: assets/scripts/coin.cs in SourceAssetDB has modification time of '2026-05-01T21:48:14.4274935Z' while content on disk has modification time of '2026-05-01T21:48:15.8794399Z'
  ERROR: Build asset version error: assets/scripts/coin.cs in SourceAssetDB has modification time of '2026-05-01T21:48:14.4274935Z' while content on disk has modification time of '2026-05-01T21:48:15.8794399Z'
Number of updated asset objects reloaded before import = 0Number of asset objects unloaded after import = 0

========================================================================
Received Import Request.
  Time since last request: 0.000015 seconds.
  path: Assets/Scripts/Coin.cs
  artifactKey: Guid(c9ef77a37fe6c8e4ca5240ebeb45fd28) Importer(815301076,1909f56bfc062723c751e8b465ee728b)
Start importing Assets/Scripts/Coin.cs using Guid(c9ef77a37fe6c8e4ca5240ebeb45fd28) Importer(815301076,1909f56bfc062723c751e8b465ee728b) (PreviewImporter) -> (artifact id: '00000000000000000000000000000000') in 0.0007605 seconds
Import Error Code:(4)
Message: Build asset version error: assets/scripts/coin.cs in SourceAssetDB has modification time of '2026-05-01T21:48:14.4274935Z' while content on disk has modification time of '2026-05-01T21:48:15.8794399Z'
  ERROR: Build asset version error: assets/scripts/coin.cs in SourceAssetDB has modification time of '2026-05-01T21:48:14.4274935Z' while content on disk has modification time of '2026-05-01T21:48:15.8794399Z'
Number of updated asset objects reloaded before import = 0Number of asset objects unloaded after import = 0

========================================================================
Received Import Request.
  Time since last request: 0.000015 seconds.
  path: Assets/Scripts/Coin.cs
  artifactKey: Guid(c9ef77a37fe6c8e4ca5240ebeb45fd28) Importer(815301076,1909f56bfc062723c751e8b465ee728b)
Start importing Assets/Scripts/Coin.cs using Guid(c9ef77a37fe6c8e4ca5240ebeb45fd28) Importer(815301076,1909f56bfc062723c751e8b465ee728b) (PreviewImporter) -> (artifact id: '00000000000000000000000000000000') in 0.0006666 seconds
Import Error Code:(4)
Message: Build asset version error: assets/scripts/coin.cs in SourceAssetDB has modification time of '2026-05-01T21:48:14.4274935Z' while content on disk has modification time of '2026-05-01T21:48:15.8794399Z'
  ERROR: Build asset version error: assets/scripts/coin.cs in SourceAssetDB has modification time of '2026-05-01T21:48:14.4274935Z' while content on disk has modification time of '2026-05-01T21:48:15.8794399Z'
Number of updated asset objects reloaded before import = 0Number of asset objects unloaded after import = 0

========================================================================
Received Import Request.
  Time since last request: 0.000015 seconds.
  path: Assets/Scripts/Coin.cs
  artifactKey: Guid(c9ef77a37fe6c8e4ca5240ebeb45fd28) Importer(815301076,1909f56bfc062723c751e8b465ee728b)
Start importing Assets/Scripts/Coin.cs using Guid(c9ef77a37fe6c8e4ca5240ebeb45fd28) Importer(815301076,1909f56bfc062723c751e8b465ee728b) (PreviewImporter) -> (artifact id: '00000000000000000000000000000000') in 0.0007556 seconds
Import Error Code:(4)
Message: Build asset version error: assets/scripts/coin.cs in SourceAssetDB has modification time of '2026-05-01T21:48:14.4274935Z' while content on disk has modification time of '2026-05-01T21:48:15.8794399Z'
  ERROR: Build asset version error: assets/scripts/coin.cs in SourceAssetDB has modification time of '2026-05-01T21:48:14.4274935Z' while content on disk has modification time of '2026-05-01T21:48:15.8794399Z'
Number of updated asset objects reloaded before import = 0Number of asset objects unloaded after import = 0

========================================================================
Received Import Request.
  Time since last request: 0.000016 seconds.
  path: Assets/Scripts/Coin.cs
  artifactKey: Guid(c9ef77a37fe6c8e4ca5240ebeb45fd28) Importer(815301076,1909f56bfc062723c751e8b465ee728b)
Start importing Assets/Scripts/Coin.cs using Guid(c9ef77a37fe6c8e4ca5240ebeb45fd28) Importer(815301076,1909f56bfc062723c751e8b465ee728b) (PreviewImporter) -> (artifact id: '00000000000000000000000000000000') in 0.0006433 seconds
Import Error Code:(4)
Message: Build asset version error: assets/scripts/coin.cs in SourceAssetDB has modification time of '2026-05-01T21:48:14.4274935Z' while content on disk has modification time of '2026-05-01T21:48:15.8794399Z'
  ERROR: Build asset version error: assets/scripts/coin.cs in SourceAssetDB has modification time of '2026-05-01T21:48:14.4274935Z' while content on disk has modification time of '2026-05-01T21:48:15.8794399Z'
Number of updated asset objects reloaded before import = 0Number of asset objects unloaded after import = 0

========================================================================
Received Import Request.
  Time since last request: 0.000023 seconds.
  path: Assets/Scripts/Coin.cs
  artifactKey: Guid(c9ef77a37fe6c8e4ca5240ebeb45fd28) Importer(815301076,1909f56bfc062723c751e8b465ee728b)
Start importing Assets/Scripts/Coin.cs using Guid(c9ef77a37fe6c8e4ca5240ebeb45fd28) Importer(815301076,1909f56bfc062723c751e8b465ee728b) (PreviewImporter) -> (artifact id: '00000000000000000000000000000000') in 0.0006713 seconds
Import Error Code:(4)
Message: Build asset version error: assets/scripts/coin.cs in SourceAssetDB has modification time of '2026-05-01T21:48:14.4274935Z' while content on disk has modification time of '2026-05-01T21:48:15.8794399Z'
  ERROR: Build asset version error: assets/scripts/coin.cs in SourceAssetDB has modification time of '2026-05-01T21:48:14.4274935Z' while content on disk has modification time of '2026-05-01T21:48:15.8794399Z'
Number of updated asset objects reloaded before import = 0Number of asset objects unloaded after import = 0

========================================================================
Received Import Request.
  Time since last request: 0.000026 seconds.
  path: Assets/Scripts/Coin.cs
  artifactKey: Guid(c9ef77a37fe6c8e4ca5240ebeb45fd28) Importer(815301076,1909f56bfc062723c751e8b465ee728b)
Start importing Assets/Scripts/Coin.cs using Guid(c9ef77a37fe6c8e4ca5240ebeb45fd28) Importer(815301076,1909f56bfc062723c751e8b465ee728b) (PreviewImporter) -> (artifact id: '00000000000000000000000000000000') in 0.0007772 seconds
Import Error Code:(4)
Message: Build asset version error: assets/scripts/coin.cs in SourceAssetDB has modification time of '2026-05-01T21:48:14.4274935Z' while content on disk has modification time of '2026-05-01T21:48:15.8794399Z'
  ERROR: Build asset version error: assets/scripts/coin.cs in SourceAssetDB has modification time of '2026-05-01T21:48:14.4274935Z' while content on disk has modification time of '2026-05-01T21:48:15.8794399Z'
Number of updated asset objects reloaded before import = 0Number of asset objects unloaded after import = 0

========================================================================
Received Import Request.
  Time since last request: 0.000017 seconds.
  path: Assets/Scripts/Coin.cs
  artifactKey: Guid(c9ef77a37fe6c8e4ca5240ebeb45fd28) Importer(815301076,1909f56bfc062723c751e8b465ee728b)
Start importing Assets/Scripts/Coin.cs using Guid(c9ef77a37fe6c8e4ca5240ebeb45fd28) Importer(815301076,1909f56bfc062723c751e8b465ee728b) (PreviewImporter) -> (artifact id: '00000000000000000000000000000000') in 0.000713 seconds
Import Error Code:(4)
Message: Build asset version error: assets/scripts/coin.cs in SourceAssetDB has modification time of '2026-05-01T21:48:14.4274935Z' while content on disk has modification time of '2026-05-01T21:48:15.8794399Z'
  ERROR: Build asset version error: assets/scripts/coin.cs in SourceAssetDB has modification time of '2026-05-01T21:48:14.4274935Z' while content on disk has modification time of '2026-05-01T21:48:15.8794399Z'
Number of updated asset objects reloaded before import = 0Number of asset objects unloaded after import = 0

========================================================================
Received Import Request.
  Time since last request: 0.000013 seconds.
  path: Assets/Scripts/Coin.cs
  artifactKey: Guid(c9ef77a37fe6c8e4ca5240ebeb45fd28) Importer(815301076,1909f56bfc062723c751e8b465ee728b)
Start importing Assets/Scripts/Coin.cs using Guid(c9ef77a37fe6c8e4ca5240ebeb45fd28) Importer(815301076,1909f56bfc062723c751e8b465ee728b) (PreviewImporter) -> (artifact id: '00000000000000000000000000000000') in 0.0009888 seconds
Import Error Code:(4)
Message: Build asset version error: assets/scripts/coin.cs in SourceAssetDB has modification time of '2026-05-01T21:48:14.4274935Z' while content on disk has modification time of '2026-05-01T21:48:15.8794399Z'
  ERROR: Build asset version error: assets/scripts/coin.cs in SourceAssetDB has modification time of '2026-05-01T21:48:14.4274935Z' while content on disk has modification time of '2026-05-01T21:48:15.8794399Z'
Number of updated asset objects reloaded before import = 0Number of asset objects unloaded after import = 0

========================================================================
Received Import Request.
  Time since last request: 0.000023 seconds.
  path: Assets/Scripts/Coin.cs
  artifactKey: Guid(c9ef77a37fe6c8e4ca5240ebeb45fd28) Importer(815301076,1909f56bfc062723c751e8b465ee728b)
Start importing Assets/Scripts/Coin.cs using Guid(c9ef77a37fe6c8e4ca5240ebeb45fd28) Importer(815301076,1909f56bfc062723c751e8b465ee728b) (PreviewImporter) -> (artifact id: '00000000000000000000000000000000') in 0.0006144 seconds
Import Error Code:(4)
Message: Build asset version error: assets/scripts/coin.cs in SourceAssetDB has modification time of '2026-05-01T21:48:14.4274935Z' while content on disk has modification time of '2026-05-01T21:48:15.8794399Z'
  ERROR: Build asset version error: assets/scripts/coin.cs in SourceAssetDB has modification time of '2026-05-01T21:48:14.4274935Z' while content on disk has modification time of '2026-05-01T21:48:15.8794399Z'
Number of updated asset objects reloaded before import = 0Number of asset objects unloaded after import = 0

========================================================================
Received Import Request.
  Time since last request: 0.000015 seconds.
  path: Assets/Scripts/Coin.cs
  artifactKey: Guid(c9ef77a37fe6c8e4ca5240ebeb45fd28) Importer(815301076,1909f56bfc062723c751e8b465ee728b)
Start importing Assets/Scripts/Coin.cs using Guid(c9ef77a37fe6c8e4ca5240ebeb45fd28) Importer(815301076,1909f56bfc062723c751e8b465ee728b) (PreviewImporter) -> (artifact id: '00000000000000000000000000000000') in 0.0006558 seconds
Import Error Code:(4)
Message: Build asset version error: assets/scripts/coin.cs in SourceAssetDB has modification time of '2026-05-01T21:48:14.4274935Z' while content on disk has modification time of '2026-05-01T21:48:15.8794399Z'
  ERROR: Build asset version error: assets/scripts/coin.cs in SourceAssetDB has modification time of '2026-05-01T21:48:14.4274935Z' while content on disk has modification time of '2026-05-01T21:48:15.8794399Z'
Number of updated asset objects reloaded before import = 0Number of asset objects unloaded after import = 0

========================================================================
Received Import Request.
  Time since last request: 0.000020 seconds.
  path: Assets/Scripts/Coin.cs
  artifactKey: Guid(c9ef77a37fe6c8e4ca5240ebeb45fd28) Importer(815301076,1909f56bfc062723c751e8b465ee728b)
Start importing Assets/Scripts/Coin.cs using Guid(c9ef77a37fe6c8e4ca5240ebeb45fd28) Importer(815301076,1909f56bfc062723c751e8b465ee728b) (PreviewImporter) -> (artifact id: '00000000000000000000000000000000') in 0.0006037 seconds
Import Error Code:(4)
Message: Build asset version error: assets/scripts/coin.cs in SourceAssetDB has modification time of '2026-05-01T21:48:14.4274935Z' while content on disk has modification time of '2026-05-01T21:48:15.8794399Z'
  ERROR: Build asset version error: assets/scripts/coin.cs in SourceAssetDB has modification time of '2026-05-01T21:48:14.4274935Z' while content on disk has modification time of '2026-05-01T21:48:15.8794399Z'
Number of updated asset objects reloaded before import = 0Number of asset objects unloaded after import = 0

========================================================================
Received Import Request.
  Time since last request: 0.000032 seconds.
  path: Assets/Scripts/Coin.cs
  artifactKey: Guid(c9ef77a37fe6c8e4ca5240ebeb45fd28) Importer(815301076,1909f56bfc062723c751e8b465ee728b)
Start importing Assets/Scripts/Coin.cs using Guid(c9ef77a37fe6c8e4ca5240ebeb45fd28) Importer(815301076,1909f56bfc062723c751e8b465ee728b) (PreviewImporter) -> (artifact id: '00000000000000000000000000000000') in 0.000585 seconds
Import Error Code:(4)
Message: Build asset version error: assets/scripts/coin.cs in SourceAssetDB has modification time of '2026-05-01T21:48:14.4274935Z' while content on disk has modification time of '2026-05-01T21:48:15.8794399Z'
  ERROR: Build asset version error: assets/scripts/coin.cs in SourceAssetDB has modification time of '2026-05-01T21:48:14.4274935Z' while content on disk has modification time of '2026-05-01T21:48:15.8794399Z'
Number of updated asset objects reloaded before import = 0Number of asset objects unloaded after import = 0

========================================================================
Received Import Request.
  Time since last request: 0.000019 seconds.
  path: Assets/Scripts/Coin.cs
  artifactKey: Guid(c9ef77a37fe6c8e4ca5240ebeb45fd28) Importer(815301076,1909f56bfc062723c751e8b465ee728b)
Start importing Assets/Scripts/Coin.cs using Guid(c9ef77a37fe6c8e4ca5240ebeb45fd28) Importer(815301076,1909f56bfc062723c751e8b465ee728b) (PreviewImporter) -> (artifact id: '00000000000000000000000000000000') in 0.0007296 seconds
Import Error Code:(4)
Message: Build asset version error: assets/scripts/coin.cs in SourceAssetDB has modification time of '2026-05-01T21:48:14.4274935Z' while content on disk has modification time of '2026-05-01T21:48:15.8794399Z'
  ERROR: Build asset version error: assets/scripts/coin.cs in SourceAssetDB has modification time of '2026-05-01T21:48:14.4274935Z' while content on disk has modification time of '2026-05-01T21:48:15.8794399Z'
Number of updated asset objects reloaded before import = 0Number of asset objects unloaded after import = 0

========================================================================
Received Import Request.
  Time since last request: 0.000015 seconds.
  path: Assets/Scripts/Coin.cs
  artifactKey: Guid(c9ef77a37fe6c8e4ca5240ebeb45fd28) Importer(815301076,1909f56bfc062723c751e8b465ee728b)
Start importing Assets/Scripts/Coin.cs using Guid(c9ef77a37fe6c8e4ca5240ebeb45fd28) Importer(815301076,1909f56bfc062723c751e8b465ee728b) (PreviewImporter) -> (artifact id: '00000000000000000000000000000000') in 0.00058 seconds
Import Error Code:(4)
Message: Build asset version error: assets/scripts/coin.cs in SourceAssetDB has modification time of '2026-05-01T21:48:14.4274935Z' while content on disk has modification time of '2026-05-01T21:48:15.8794399Z'
  ERROR: Build asset version error: assets/scripts/coin.cs in SourceAssetDB has modification time of '2026-05-01T21:48:14.4274935Z' while content on disk has modification time of '2026-05-01T21:48:15.8794399Z'
Number of updated asset objects reloaded before import = 0Number of asset objects unloaded after import = 0

========================================================================
Received Import Request.
  Time since last request: 0.000021 seconds.
  path: Assets/Scripts/Coin.cs
  artifactKey: Guid(c9ef77a37fe6c8e4ca5240ebeb45fd28) Importer(815301076,1909f56bfc062723c751e8b465ee728b)
Start importing Assets/Scripts/Coin.cs using Guid(c9ef77a37fe6c8e4ca5240ebeb45fd28) Importer(815301076,1909f56bfc062723c751e8b465ee728b) (PreviewImporter) -> (artifact id: '00000000000000000000000000000000') in 0.0006376 seconds
Import Error Code:(4)
Message: Build asset version error: assets/scripts/coin.cs in SourceAssetDB has modification time of '2026-05-01T21:48:14.4274935Z' while content on disk has modification time of '2026-05-01T21:48:15.8794399Z'
  ERROR: Build asset version error: assets/scripts/coin.cs in SourceAssetDB has modification time of '2026-05-01T21:48:14.4274935Z' while content on disk has modification time of '2026-05-01T21:48:15.8794399Z'
Number of updated asset objects reloaded before import = 0Number of asset objects unloaded after import = 0

========================================================================
Received Import Request.
  Time since last request: 0.000019 seconds.
  path: Assets/Scripts/Coin.cs
  artifactKey: Guid(c9ef77a37fe6c8e4ca5240ebeb45fd28) Importer(815301076,1909f56bfc062723c751e8b465ee728b)
Start importing Assets/Scripts/Coin.cs using Guid(c9ef77a37fe6c8e4ca5240ebeb45fd28) Importer(815301076,1909f56bfc062723c751e8b465ee728b) (PreviewImporter) -> (artifact id: '00000000000000000000000000000000') in 0.0005735 seconds
Import Error Code:(4)
Message: Build asset version error: assets/scripts/coin.cs in SourceAssetDB has modification time of '2026-05-01T21:48:14.4274935Z' while content on disk has modification time of '2026-05-01T21:48:15.8794399Z'
  ERROR: Build asset version error: assets/scripts/coin.cs in SourceAssetDB has modification time of '2026-05-01T21:48:14.4274935Z' while content on disk has modification time of '2026-05-01T21:48:15.8794399Z'
Number of updated asset objects reloaded before import = 0Number of asset objects unloaded after import = 0

========================================================================
Received Import Request.
  Time since last request: 0.000031 seconds.
  path: Assets/Scripts/Coin.cs
  artifactKey: Guid(c9ef77a37fe6c8e4ca5240ebeb45fd28) Importer(815301076,1909f56bfc062723c751e8b465ee728b)
Start importing Assets/Scripts/Coin.cs using Guid(c9ef77a37fe6c8e4ca5240ebeb45fd28) Importer(815301076,1909f56bfc062723c751e8b465ee728b) (PreviewImporter) -> (artifact id: '00000000000000000000000000000000') in 0.0006484 seconds
Import Error Code:(4)
Message: Build asset version error: assets/scripts/coin.cs in SourceAssetDB has modification time of '2026-05-01T21:48:14.4274935Z' while content on disk has modification time of '2026-05-01T21:48:15.8794399Z'
  ERROR: Build asset version error: assets/scripts/coin.cs in SourceAssetDB has modification time of '2026-05-01T21:48:14.4274935Z' while content on disk has modification time of '2026-05-01T21:48:15.8794399Z'
Number of updated asset objects reloaded before import = 0Number of asset objects unloaded after import = 0

========================================================================
Received Import Request.
  Time since last request: 0.000040 seconds.
  path: Assets/Scripts/Coin.cs
  artifactKey: Guid(c9ef77a37fe6c8e4ca5240ebeb45fd28) Importer(815301076,1909f56bfc062723c751e8b465ee728b)
Start importing Assets/Scripts/Coin.cs using Guid(c9ef77a37fe6c8e4ca5240ebeb45fd28) Importer(815301076,1909f56bfc062723c751e8b465ee728b) (PreviewImporter) -> (artifact id: '00000000000000000000000000000000') in 0.0005741 seconds
Import Error Code:(4)
Message: Build asset version error: assets/scripts/coin.cs in SourceAssetDB has modification time of '2026-05-01T21:48:14.4274935Z' while content on disk has modification time of '2026-05-01T21:48:15.8794399Z'
  ERROR: Build asset version error: assets/scripts/coin.cs in SourceAssetDB has modification time of '2026-05-01T21:48:14.4274935Z' while content on disk has modification time of '2026-05-01T21:48:15.8794399Z'
Number of updated asset objects reloaded before import = 0Number of asset objects unloaded after import = 0

========================================================================
Received Import Request.
  Time since last request: 0.000017 seconds.
  path: Assets/Scripts/Coin.cs
  artifactKey: Guid(c9ef77a37fe6c8e4ca5240ebeb45fd28) Importer(815301076,1909f56bfc062723c751e8b465ee728b)
Start importing Assets/Scripts/Coin.cs using Guid(c9ef77a37fe6c8e4ca5240ebeb45fd28) Importer(815301076,1909f56bfc062723c751e8b465ee728b) (PreviewImporter) -> (artifact id: '00000000000000000000000000000000') in 0.0006407 seconds
Import Error Code:(4)
Message: Build asset version error: assets/scripts/coin.cs in SourceAssetDB has modification time of '2026-05-01T21:48:14.4274935Z' while content on disk has modification time of '2026-05-01T21:48:15.8794399Z'
  ERROR: Build asset version error: assets/scripts/coin.cs in SourceAssetDB has modification time of '2026-05-01T21:48:14.4274935Z' while content on disk has modification time of '2026-05-01T21:48:15.8794399Z'
Number of updated asset objects reloaded before import = 0Number of asset objects unloaded after import = 0

========================================================================
Received Import Request.
  Time since last request: 0.000035 seconds.
  path: Assets/Scripts/Coin.cs
  artifactKey: Guid(c9ef77a37fe6c8e4ca5240ebeb45fd28) Importer(815301076,1909f56bfc062723c751e8b465ee728b)
Start importing Assets/Scripts/Coin.cs using Guid(c9ef77a37fe6c8e4ca5240ebeb45fd28) Importer(815301076,1909f56bfc062723c751e8b465ee728b) (PreviewImporter) -> (artifact id: '00000000000000000000000000000000') in 0.0006266 seconds
Import Error Code:(4)
Message: Build asset version error: assets/scripts/coin.cs in SourceAssetDB has modification time of '2026-05-01T21:48:14.4274935Z' while content on disk has modification time of '2026-05-01T21:48:15.8794399Z'
  ERROR: Build asset version error: assets/scripts/coin.cs in SourceAssetDB has modification time of '2026-05-01T21:48:14.4274935Z' while content on disk has modification time of '2026-05-01T21:48:15.8794399Z'
Number of updated asset objects reloaded before import = 0Number of asset objects unloaded after import = 0

========================================================================
Received Import Request.
  Time since last request: 0.000014 seconds.
  path: Assets/Scripts/Coin.cs
  artifactKey: Guid(c9ef77a37fe6c8e4ca5240ebeb45fd28) Importer(815301076,1909f56bfc062723c751e8b465ee728b)
Start importing Assets/Scripts/Coin.cs using Guid(c9ef77a37fe6c8e4ca5240ebeb45fd28) Importer(815301076,1909f56bfc062723c751e8b465ee728b) (PreviewImporter) -> (artifact id: '00000000000000000000000000000000') in 0.0005903 seconds
Import Error Code:(4)
Message: Build asset version error: assets/scripts/coin.cs in SourceAssetDB has modification time of '2026-05-01T21:48:14.4274935Z' while content on disk has modification time of '2026-05-01T21:48:15.8794399Z'
  ERROR: Build asset version error: assets/scripts/coin.cs in SourceAssetDB has modification time of '2026-05-01T21:48:14.4274935Z' while content on disk has modification time of '2026-05-01T21:48:15.8794399Z'
Number of updated asset objects reloaded before import = 0Number of asset objects unloaded after import = 0

========================================================================
Received Import Request.
  Time since last request: 0.000018 seconds.
  path: Assets/Scripts/Coin.cs
  artifactKey: Guid(c9ef77a37fe6c8e4ca5240ebeb45fd28) Importer(815301076,1909f56bfc062723c751e8b465ee728b)
Start importing Assets/Scripts/Coin.cs using Guid(c9ef77a37fe6c8e4ca5240ebeb45fd28) Importer(815301076,1909f56bfc062723c751e8b465ee728b) (PreviewImporter) -> (artifact id: '00000000000000000000000000000000') in 0.0005995 seconds
Import Error Code:(4)
Message: Build asset version error: assets/scripts/coin.cs in SourceAssetDB has modification time of '2026-05-01T21:48:14.4274935Z' while content on disk has modification time of '2026-05-01T21:48:15.8794399Z'
  ERROR: Build asset version error: assets/scripts/coin.cs in SourceAssetDB has modification time of '2026-05-01T21:48:14.4274935Z' while content on disk has modification time of '2026-05-01T21:48:15.8794399Z'
Number of updated asset objects reloaded before import = 0Number of asset objects unloaded after import = 0

========================================================================
Received Import Request.
  Time since last request: 0.000017 seconds.
  path: Assets/Scripts/Coin.cs
  artifactKey: Guid(c9ef77a37fe6c8e4ca5240ebeb45fd28) Importer(815301076,1909f56bfc062723c751e8b465ee728b)
Start importing Assets/Scripts/Coin.cs using Guid(c9ef77a37fe6c8e4ca5240ebeb45fd28) Importer(815301076,1909f56bfc062723c751e8b465ee728b) (PreviewImporter) -> (artifact id: '00000000000000000000000000000000') in 0.0008322 seconds
Import Error Code:(4)
Message: Build asset version error: assets/scripts/coin.cs in SourceAssetDB has modification time of '2026-05-01T21:48:14.4274935Z' while content on disk has modification time of '2026-05-01T21:48:15.8794399Z'
  ERROR: Build asset version error: assets/scripts/coin.cs in SourceAssetDB has modification time of '2026-05-01T21:48:14.4274935Z' while content on disk has modification time of '2026-05-01T21:48:15.8794399Z'
Number of updated asset objects reloaded before import = 0Number of asset objects unloaded after import = 0

========================================================================
Received Import Request.
  Time since last request: 0.000024 seconds.
  path: Assets/Scripts/Coin.cs
  artifactKey: Guid(c9ef77a37fe6c8e4ca5240ebeb45fd28) Importer(815301076,1909f56bfc062723c751e8b465ee728b)
Start importing Assets/Scripts/Coin.cs using Guid(c9ef77a37fe6c8e4ca5240ebeb45fd28) Importer(815301076,1909f56bfc062723c751e8b465ee728b) (PreviewImporter) -> (artifact id: '00000000000000000000000000000000') in 0.0007359 seconds
Import Error Code:(4)
Message: Build asset version error: assets/scripts/coin.cs in SourceAssetDB has modification time of '2026-05-01T21:48:14.4274935Z' while content on disk has modification time of '2026-05-01T21:48:15.8794399Z'
  ERROR: Build asset version error: assets/scripts/coin.cs in SourceAssetDB has modification time of '2026-05-01T21:48:14.4274935Z' while content on disk has modification time of '2026-05-01T21:48:15.8794399Z'
Number of updated asset objects reloaded before import = 0Number of asset objects unloaded after import = 0

========================================================================
Received Import Request.
  Time since last request: 0.000020 seconds.
  path: Assets/Scripts/Coin.cs
  artifactKey: Guid(c9ef77a37fe6c8e4ca5240ebeb45fd28) Importer(815301076,1909f56bfc062723c751e8b465ee728b)
Start importing Assets/Scripts/Coin.cs using Guid(c9ef77a37fe6c8e4ca5240ebeb45fd28) Importer(815301076,1909f56bfc062723c751e8b465ee728b) (PreviewImporter) -> (artifact id: '00000000000000000000000000000000') in 0.0006983 seconds
Import Error Code:(4)
Message: Build asset version error: assets/scripts/coin.cs in SourceAssetDB has modification time of '2026-05-01T21:48:14.4274935Z' while content on disk has modification time of '2026-05-01T21:48:15.8794399Z'
  ERROR: Build asset version error: assets/scripts/coin.cs in SourceAssetDB has modification time of '2026-05-01T21:48:14.4274935Z' while content on disk has modification time of '2026-05-01T21:48:15.8794399Z'
Number of updated asset objects reloaded before import = 0Number of asset objects unloaded after import = 0

========================================================================
Received Import Request.
  Time since last request: 0.000016 seconds.
  path: Assets/Scripts/Coin.cs
  artifactKey: Guid(c9ef77a37fe6c8e4ca5240ebeb45fd28) Importer(815301076,1909f56bfc062723c751e8b465ee728b)
Start importing Assets/Scripts/Coin.cs using Guid(c9ef77a37fe6c8e4ca5240ebeb45fd28) Importer(815301076,1909f56bfc062723c751e8b465ee728b) (PreviewImporter) -> (artifact id: '00000000000000000000000000000000') in 0.0006258 seconds
Import Error Code:(4)
Message: Build asset version error: assets/scripts/coin.cs in SourceAssetDB has modification time of '2026-05-01T21:48:14.4274935Z' while content on disk has modification time of '2026-05-01T21:48:15.8794399Z'
  ERROR: Build asset version error: assets/scripts/coin.cs in SourceAssetDB has modification time of '2026-05-01T21:48:14.4274935Z' while content on disk has modification time of '2026-05-01T21:48:15.8794399Z'
Number of updated asset objects reloaded before import = 0Number of asset objects unloaded after import = 0

========================================================================
Received Import Request.
  Time since last request: 0.000022 seconds.
  path: Assets/Scripts/Coin.cs
  artifactKey: Guid(c9ef77a37fe6c8e4ca5240ebeb45fd28) Importer(815301076,1909f56bfc062723c751e8b465ee728b)
Start importing Assets/Scripts/Coin.cs using Guid(c9ef77a37fe6c8e4ca5240ebeb45fd28) Importer(815301076,1909f56bfc062723c751e8b465ee728b) (PreviewImporter) -> (artifact id: '00000000000000000000000000000000') in 0.0006374 seconds
Import Error Code:(4)
Message: Build asset version error: assets/scripts/coin.cs in SourceAssetDB has modification time of '2026-05-01T21:48:14.4274935Z' while content on disk has modification time of '2026-05-01T21:48:15.8794399Z'
  ERROR: Build asset version error: assets/scripts/coin.cs in SourceAssetDB has modification time of '2026-05-01T21:48:14.4274935Z' while content on disk has modification time of '2026-05-01T21:48:15.8794399Z'
Number of updated asset objects reloaded before import = 0Number of asset objects unloaded after import = 0

========================================================================
Received Import Request.
  Time since last request: 0.000015 seconds.
  path: Assets/Scripts/Coin.cs
  artifactKey: Guid(c9ef77a37fe6c8e4ca5240ebeb45fd28) Importer(815301076,1909f56bfc062723c751e8b465ee728b)
Start importing Assets/Scripts/Coin.cs using Guid(c9ef77a37fe6c8e4ca5240ebeb45fd28) Importer(815301076,1909f56bfc062723c751e8b465ee728b) (PreviewImporter) -> (artifact id: '00000000000000000000000000000000') in 0.0007806 seconds
Import Error Code:(4)
Message: Build asset version error: assets/scripts/coin.cs in SourceAssetDB has modification time of '2026-05-01T21:48:14.4274935Z' while content on disk has modification time of '2026-05-01T21:48:15.8794399Z'
  ERROR: Build asset version error: assets/scripts/coin.cs in SourceAssetDB has modification time of '2026-05-01T21:48:14.4274935Z' while content on disk has modification time of '2026-05-01T21:48:15.8794399Z'
Number of updated asset objects reloaded before import = 0Number of asset objects unloaded after import = 0

========================================================================
Received Import Request.
  Time since last request: 0.000028 seconds.
  path: Assets/Scripts/Coin.cs
  artifactKey: Guid(c9ef77a37fe6c8e4ca5240ebeb45fd28) Importer(815301076,1909f56bfc062723c751e8b465ee728b)
Start importing Assets/Scripts/Coin.cs using Guid(c9ef77a37fe6c8e4ca5240ebeb45fd28) Importer(815301076,1909f56bfc062723c751e8b465ee728b) (PreviewImporter) -> (artifact id: '00000000000000000000000000000000') in 0.0009172 seconds
Import Error Code:(4)
Message: Build asset version error: assets/scripts/coin.cs in SourceAssetDB has modification time of '2026-05-01T21:48:14.4274935Z' while content on disk has modification time of '2026-05-01T21:48:15.8794399Z'
  ERROR: Build asset version error: assets/scripts/coin.cs in SourceAssetDB has modification time of '2026-05-01T21:48:14.4274935Z' while content on disk has modification time of '2026-05-01T21:48:15.8794399Z'
Number of updated asset objects reloaded before import = 0Number of asset objects unloaded after import = 0

========================================================================
Received Import Request.
  Time since last request: 0.000028 seconds.
  path: Assets/Scripts/Coin.cs
  artifactKey: Guid(c9ef77a37fe6c8e4ca5240ebeb45fd28) Importer(815301076,1909f56bfc062723c751e8b465ee728b)
Start importing Assets/Scripts/Coin.cs using Guid(c9ef77a37fe6c8e4ca5240ebeb45fd28) Importer(815301076,1909f56bfc062723c751e8b465ee728b) (PreviewImporter) -> (artifact id: '00000000000000000000000000000000') in 0.0008731 seconds
Import Error Code:(4)
Message: Build asset version error: assets/scripts/coin.cs in SourceAssetDB has modification time of '2026-05-01T21:48:14.4274935Z' while content on disk has modification time of '2026-05-01T21:48:15.8794399Z'
  ERROR: Build asset version error: assets/scripts/coin.cs in SourceAssetDB has modification time of '2026-05-01T21:48:14.4274935Z' while content on disk has modification time of '2026-05-01T21:48:15.8794399Z'
Number of updated asset objects reloaded before import = 0Number of asset objects unloaded after import = 0

========================================================================
Received Import Request.
  Time since last request: 0.000015 seconds.
  path: Assets/Scripts/Coin.cs
  artifactKey: Guid(c9ef77a37fe6c8e4ca5240ebeb45fd28) Importer(815301076,1909f56bfc062723c751e8b465ee728b)
Start importing Assets/Scripts/Coin.cs using Guid(c9ef77a37fe6c8e4ca5240ebeb45fd28) Importer(815301076,1909f56bfc062723c751e8b465ee728b) (PreviewImporter) -> (artifact id: '00000000000000000000000000000000') in 0.0006942 seconds
Import Error Code:(4)
Message: Build asset version error: assets/scripts/coin.cs in SourceAssetDB has modification time of '2026-05-01T21:48:14.4274935Z' while content on disk has modification time of '2026-05-01T21:48:15.8794399Z'
  ERROR: Build asset version error: assets/scripts/coin.cs in SourceAssetDB has modification time of '2026-05-01T21:48:14.4274935Z' while content on disk has modification time of '2026-05-01T21:48:15.8794399Z'
Number of updated asset objects reloaded before import = 0Number of asset objects unloaded after import = 0

========================================================================
Received Import Request.
  Time since last request: 0.000018 seconds.
  path: Assets/Scripts/Coin.cs
  artifactKey: Guid(c9ef77a37fe6c8e4ca5240ebeb45fd28) Importer(815301076,1909f56bfc062723c751e8b465ee728b)
Start importing Assets/Scripts/Coin.cs using Guid(c9ef77a37fe6c8e4ca5240ebeb45fd28) Importer(815301076,1909f56bfc062723c751e8b465ee728b) (PreviewImporter) -> (artifact id: '00000000000000000000000000000000') in 0.0007154 seconds
Import Error Code:(4)
Message: Build asset version error: assets/scripts/coin.cs in SourceAssetDB has modification time of '2026-05-01T21:48:14.4274935Z' while content on disk has modification time of '2026-05-01T21:48:15.8794399Z'
  ERROR: Build asset version error: assets/scripts/coin.cs in SourceAssetDB has modification time of '2026-05-01T21:48:14.4274935Z' while content on disk has modification time of '2026-05-01T21:48:15.8794399Z'
Number of updated asset objects reloaded before import = 0Number of asset objects unloaded after import = 0

========================================================================
Received Import Request.
  Time since last request: 0.000026 seconds.
  path: Assets/Scripts/Coin.cs
  artifactKey: Guid(c9ef77a37fe6c8e4ca5240ebeb45fd28) Importer(815301076,1909f56bfc062723c751e8b465ee728b)
Start importing Assets/Scripts/Coin.cs using Guid(c9ef77a37fe6c8e4ca5240ebeb45fd28) Importer(815301076,1909f56bfc062723c751e8b465ee728b) (PreviewImporter) -> (artifact id: '00000000000000000000000000000000') in 0.0006718 seconds
Import Error Code:(4)
Message: Build asset version error: assets/scripts/coin.cs in SourceAssetDB has modification time of '2026-05-01T21:48:14.4274935Z' while content on disk has modification time of '2026-05-01T21:48:15.8794399Z'
  ERROR: Build asset version error: assets/scripts/coin.cs in SourceAssetDB has modification time of '2026-05-01T21:48:14.4274935Z' while content on disk has modification time of '2026-05-01T21:48:15.8794399Z'
Number of updated asset objects reloaded before import = 0Number of asset objects unloaded after import = 0

========================================================================
Received Import Request.
  Time since last request: 0.000016 seconds.
  path: Assets/Scripts/Coin.cs
  artifactKey: Guid(c9ef77a37fe6c8e4ca5240ebeb45fd28) Importer(815301076,1909f56bfc062723c751e8b465ee728b)
Start importing Assets/Scripts/Coin.cs using Guid(c9ef77a37fe6c8e4ca5240ebeb45fd28) Importer(815301076,1909f56bfc062723c751e8b465ee728b) (PreviewImporter) -> (artifact id: '00000000000000000000000000000000') in 0.0006384 seconds
Import Error Code:(4)
Message: Build asset version error: assets/scripts/coin.cs in SourceAssetDB has modification time of '2026-05-01T21:48:14.4274935Z' while content on disk has modification time of '2026-05-01T21:48:15.8794399Z'
  ERROR: Build asset version error: assets/scripts/coin.cs in SourceAssetDB has modification time of '2026-05-01T21:48:14.4274935Z' while content on disk has modification time of '2026-05-01T21:48:15.8794399Z'
Number of updated asset objects reloaded before import = 0Number of asset objects unloaded after import = 0

========================================================================
Received Import Request.
  Time since last request: 0.000019 seconds.
  path: Assets/Scripts/Coin.cs
  artifactKey: Guid(c9ef77a37fe6c8e4ca5240ebeb45fd28) Importer(815301076,1909f56bfc062723c751e8b465ee728b)
Start importing Assets/Scripts/Coin.cs using Guid(c9ef77a37fe6c8e4ca5240ebeb45fd28) Importer(815301076,1909f56bfc062723c751e8b465ee728b) (PreviewImporter) -> (artifact id: '00000000000000000000000000000000') in 0.0006853 seconds
Import Error Code:(4)
Message: Build asset version error: assets/scripts/coin.cs in SourceAssetDB has modification time of '2026-05-01T21:48:14.4274935Z' while content on disk has modification time of '2026-05-01T21:48:15.8794399Z'
  ERROR: Build asset version error: assets/scripts/coin.cs in SourceAssetDB has modification time of '2026-05-01T21:48:14.4274935Z' while content on disk has modification time of '2026-05-01T21:48:15.8794399Z'
Number of updated asset objects reloaded before import = 0Number of asset objects unloaded after import = 0

========================================================================
Received Import Request.
  Time since last request: 0.000030 seconds.
  path: Assets/Scripts/Coin.cs
  artifactKey: Guid(c9ef77a37fe6c8e4ca5240ebeb45fd28) Importer(815301076,1909f56bfc062723c751e8b465ee728b)
Start importing Assets/Scripts/Coin.cs using Guid(c9ef77a37fe6c8e4ca5240ebeb45fd28) Importer(815301076,1909f56bfc062723c751e8b465ee728b) (PreviewImporter) -> (artifact id: '00000000000000000000000000000000') in 0.0007597 seconds
Import Error Code:(4)
Message: Build asset version error: assets/scripts/coin.cs in SourceAssetDB has modification time of '2026-05-01T21:48:14.4274935Z' while content on disk has modification time of '2026-05-01T21:48:15.8794399Z'
  ERROR: Build asset version error: assets/scripts/coin.cs in SourceAssetDB has modification time of '2026-05-01T21:48:14.4274935Z' while content on disk has modification time of '2026-05-01T21:48:15.8794399Z'
Number of updated asset objects reloaded before import = 0Number of asset objects unloaded after import = 0

========================================================================
Received Import Request.
  Time since last request: 0.000033 seconds.
  path: Assets/Scripts/Coin.cs
  artifactKey: Guid(c9ef77a37fe6c8e4ca5240ebeb45fd28) Importer(815301076,1909f56bfc062723c751e8b465ee728b)
Start importing Assets/Scripts/Coin.cs using Guid(c9ef77a37fe6c8e4ca5240ebeb45fd28) Importer(815301076,1909f56bfc062723c751e8b465ee728b) (PreviewImporter) -> (artifact id: '00000000000000000000000000000000') in 0.0009714 seconds
Import Error Code:(4)
Message: Build asset version error: assets/scripts/coin.cs in SourceAssetDB has modification time of '2026-05-01T21:48:14.4274935Z' while content on disk has modification time of '2026-05-01T21:48:15.8794399Z'
  ERROR: Build asset version error: assets/scripts/coin.cs in SourceAssetDB has modification time of '2026-05-01T21:48:14.4274935Z' while content on disk has modification time of '2026-05-01T21:48:15.8794399Z'
Number of updated asset objects reloaded before import = 0Number of asset objects unloaded after import = 0

========================================================================
Received Import Request.
  Time since last request: 0.000028 seconds.
  path: Assets/Scripts/Coin.cs
  artifactKey: Guid(c9ef77a37fe6c8e4ca5240ebeb45fd28) Importer(815301076,1909f56bfc062723c751e8b465ee728b)
Start importing Assets/Scripts/Coin.cs using Guid(c9ef77a37fe6c8e4ca5240ebeb45fd28) Importer(815301076,1909f56bfc062723c751e8b465ee728b) (PreviewImporter) -> (artifact id: '00000000000000000000000000000000') in 0.0006486 seconds
Import Error Code:(4)
Message: Build asset version error: assets/scripts/coin.cs in SourceAssetDB has modification time of '2026-05-01T21:48:14.4274935Z' while content on disk has modification time of '2026-05-01T21:48:15.8794399Z'
  ERROR: Build asset version error: assets/scripts/coin.cs in SourceAssetDB has modification time of '2026-05-01T21:48:14.4274935Z' while content on disk has modification time of '2026-05-01T21:48:15.8794399Z'
Number of updated asset objects reloaded before import = 0Number of asset objects unloaded after import = 0

========================================================================
Received Import Request.
  Time since last request: 0.000018 seconds.
  path: Assets/Scripts/Coin.cs
  artifactKey: Guid(c9ef77a37fe6c8e4ca5240ebeb45fd28) Importer(815301076,1909f56bfc062723c751e8b465ee728b)
Start importing Assets/Scripts/Coin.cs using Guid(c9ef77a37fe6c8e4ca5240ebeb45fd28) Importer(815301076,1909f56bfc062723c751e8b465ee728b) (PreviewImporter) -> (artifact id: '00000000000000000000000000000000') in 0.0007602 seconds
Import Error Code:(4)
Message: Build asset version error: assets/scripts/coin.cs in SourceAssetDB has modification time of '2026-05-01T21:48:14.4274935Z' while content on disk has modification time of '2026-05-01T21:48:15.8794399Z'
  ERROR: Build asset version error: assets/scripts/coin.cs in SourceAssetDB has modification time of '2026-05-01T21:48:14.4274935Z' while content on disk has modification time of '2026-05-01T21:48:15.8794399Z'
Number of updated asset objects reloaded before import = 0Number of asset objects unloaded after import = 0

========================================================================
Received Import Request.
  Time since last request: 0.000014 seconds.
  path: Assets/Scripts/Coin.cs
  artifactKey: Guid(c9ef77a37fe6c8e4ca5240ebeb45fd28) Importer(815301076,1909f56bfc062723c751e8b465ee728b)
Start importing Assets/Scripts/Coin.cs using Guid(c9ef77a37fe6c8e4ca5240ebeb45fd28) Importer(815301076,1909f56bfc062723c751e8b465ee728b) (PreviewImporter) -> (artifact id: '00000000000000000000000000000000') in 0.0006509 seconds
Import Error Code:(4)
Message: Build asset version error: assets/scripts/coin.cs in SourceAssetDB has modification time of '2026-05-01T21:48:14.4274935Z' while content on disk has modification time of '2026-05-01T21:48:15.8794399Z'
  ERROR: Build asset version error: assets/scripts/coin.cs in SourceAssetDB has modification time of '2026-05-01T21:48:14.4274935Z' while content on disk has modification time of '2026-05-01T21:48:15.8794399Z'
Number of updated asset objects reloaded before import = 0Number of asset objects unloaded after import = 0

========================================================================
Received Import Request.
  Time since last request: 0.000018 seconds.
  path: Assets/Scripts/Coin.cs
  artifactKey: Guid(c9ef77a37fe6c8e4ca5240ebeb45fd28) Importer(815301076,1909f56bfc062723c751e8b465ee728b)
Start importing Assets/Scripts/Coin.cs using Guid(c9ef77a37fe6c8e4ca5240ebeb45fd28) Importer(815301076,1909f56bfc062723c751e8b465ee728b) (PreviewImporter) -> (artifact id: '00000000000000000000000000000000') in 0.0006284 seconds
Import Error Code:(4)
Message: Build asset version error: assets/scripts/coin.cs in SourceAssetDB has modification time of '2026-05-01T21:48:14.4274935Z' while content on disk has modification time of '2026-05-01T21:48:15.8794399Z'
  ERROR: Build asset version error: assets/scripts/coin.cs in SourceAssetDB has modification time of '2026-05-01T21:48:14.4274935Z' while content on disk has modification time of '2026-05-01T21:48:15.8794399Z'
Number of updated asset objects reloaded before import = 0Number of asset objects unloaded after import = 0

========================================================================
Received Import Request.
  Time since last request: 0.000031 seconds.
  path: Assets/Scripts/Coin.cs
  artifactKey: Guid(c9ef77a37fe6c8e4ca5240ebeb45fd28) Importer(815301076,1909f56bfc062723c751e8b465ee728b)
Start importing Assets/Scripts/Coin.cs using Guid(c9ef77a37fe6c8e4ca5240ebeb45fd28) Importer(815301076,1909f56bfc062723c751e8b465ee728b) (PreviewImporter) -> (artifact id: '00000000000000000000000000000000') in 0.0006131 seconds
Import Error Code:(4)
Message: Build asset version error: assets/scripts/coin.cs in SourceAssetDB has modification time of '2026-05-01T21:48:14.4274935Z' while content on disk has modification time of '2026-05-01T21:48:15.8794399Z'
  ERROR: Build asset version error: assets/scripts/coin.cs in SourceAssetDB has modification time of '2026-05-01T21:48:14.4274935Z' while content on disk has modification time of '2026-05-01T21:48:15.8794399Z'
Number of updated asset objects reloaded before import = 0Number of asset objects unloaded after import = 0

========================================================================
Received Import Request.
  Time since last request: 0.000014 seconds.
  path: Assets/Scripts/Coin.cs
  artifactKey: Guid(c9ef77a37fe6c8e4ca5240ebeb45fd28) Importer(815301076,1909f56bfc062723c751e8b465ee728b)
Start importing Assets/Scripts/Coin.cs using Guid(c9ef77a37fe6c8e4ca5240ebeb45fd28) Importer(815301076,1909f56bfc062723c751e8b465ee728b) (PreviewImporter) -> (artifact id: '00000000000000000000000000000000') in 0.0007057 seconds
Import Error Code:(4)
Message: Build asset version error: assets/scripts/coin.cs in SourceAssetDB has modification time of '2026-05-01T21:48:14.4274935Z' while content on disk has modification time of '2026-05-01T21:48:15.8794399Z'
  ERROR: Build asset version error: assets/scripts/coin.cs in SourceAssetDB has modification time of '2026-05-01T21:48:14.4274935Z' while content on disk has modification time of '2026-05-01T21:48:15.8794399Z'
Number of updated asset objects reloaded before import = 0Number of asset objects unloaded after import = 0

========================================================================
Received Import Request.
  Time since last request: 0.000019 seconds.
  path: Assets/Scripts/Coin.cs
  artifactKey: Guid(c9ef77a37fe6c8e4ca5240ebeb45fd28) Importer(815301076,1909f56bfc062723c751e8b465ee728b)
Start importing Assets/Scripts/Coin.cs using Guid(c9ef77a37fe6c8e4ca5240ebeb45fd28) Importer(815301076,1909f56bfc062723c751e8b465ee728b) (PreviewImporter) -> (artifact id: '00000000000000000000000000000000') in 0.0007482 seconds
Import Error Code:(4)
Message: Build asset version error: assets/scripts/coin.cs in SourceAssetDB has modification time of '2026-05-01T21:48:14.4274935Z' while content on disk has modification time of '2026-05-01T21:48:26.4173958Z'
  ERROR: Build asset version error: assets/scripts/coin.cs in SourceAssetDB has modification time of '2026-05-01T21:48:14.4274935Z' while content on disk has modification time of '2026-05-01T21:48:26.4173958Z'
Number of updated asset objects reloaded before import = 0Number of asset objects unloaded after import = 0

========================================================================
Received Import Request.
  Time since last request: 0.000015 seconds.
  path: Assets/Scripts/Coin.cs
  artifactKey: Guid(c9ef77a37fe6c8e4ca5240ebeb45fd28) Importer(815301076,1909f56bfc062723c751e8b465ee728b)
Start importing Assets/Scripts/Coin.cs using Guid(c9ef77a37fe6c8e4ca5240ebeb45fd28) Importer(815301076,1909f56bfc062723c751e8b465ee728b) (PreviewImporter) -> (artifact id: '00000000000000000000000000000000') in 0.0006377 seconds
Import Error Code:(4)
Message: Build asset version error: assets/scripts/coin.cs in SourceAssetDB has modification time of '2026-05-01T21:48:14.4274935Z' while content on disk has modification time of '2026-05-01T21:48:26.4173958Z'
  ERROR: Build asset version error: assets/scripts/coin.cs in SourceAssetDB has modification time of '2026-05-01T21:48:14.4274935Z' while content on disk has modification time of '2026-05-01T21:48:26.4173958Z'
Number of updated asset objects reloaded before import = 0Number of asset objects unloaded after import = 0

========================================================================
Received Import Request.
  Time since last request: 0.000019 seconds.
  path: Assets/Scripts/Coin.cs
  artifactKey: Guid(c9ef77a37fe6c8e4ca5240ebeb45fd28) Importer(815301076,1909f56bfc062723c751e8b465ee728b)
Start importing Assets/Scripts/Coin.cs using Guid(c9ef77a37fe6c8e4ca5240ebeb45fd28) Importer(815301076,1909f56bfc062723c751e8b465ee728b) (PreviewImporter) -> (artifact id: '00000000000000000000000000000000') in 0.0006785 seconds
Import Error Code:(4)
Message: Build asset version error: assets/scripts/coin.cs in SourceAssetDB has modification time of '2026-05-01T21:48:14.4274935Z' while content on disk has modification time of '2026-05-01T21:48:26.4173958Z'
  ERROR: Build asset version error: assets/scripts/coin.cs in SourceAssetDB has modification time of '2026-05-01T21:48:14.4274935Z' while content on disk has modification time of '2026-05-01T21:48:26.4173958Z'
Number of updated asset objects reloaded before import = 0Number of asset objects unloaded after import = 0

========================================================================
Received Import Request.
  Time since last request: 0.000017 seconds.
  path: Assets/Scripts/Coin.cs
  artifactKey: Guid(c9ef77a37fe6c8e4ca5240ebeb45fd28) Importer(815301076,1909f56bfc062723c751e8b465ee728b)
Start importing Assets/Scripts/Coin.cs using Guid(c9ef77a37fe6c8e4ca5240ebeb45fd28) Importer(815301076,1909f56bfc062723c751e8b465ee728b) (PreviewImporter) -> (artifact id: '00000000000000000000000000000000') in 0.0006297 seconds
Import Error Code:(4)
Message: Build asset version error: assets/scripts/coin.cs in SourceAssetDB has modification time of '2026-05-01T21:48:14.4274935Z' while content on disk has modification time of '2026-05-01T21:48:26.4173958Z'
  ERROR: Build asset version error: assets/scripts/coin.cs in SourceAssetDB has modification time of '2026-05-01T21:48:14.4274935Z' while content on disk has modification time of '2026-05-01T21:48:26.4173958Z'
Number of updated asset objects reloaded before import = 0Number of asset objects unloaded after import = 0

========================================================================
Received Import Request.
  Time since last request: 0.000028 seconds.
  path: Assets/Scripts/Coin.cs
  artifactKey: Guid(c9ef77a37fe6c8e4ca5240ebeb45fd28) Importer(815301076,1909f56bfc062723c751e8b465ee728b)
Start importing Assets/Scripts/Coin.cs using Guid(c9ef77a37fe6c8e4ca5240ebeb45fd28) Importer(815301076,1909f56bfc062723c751e8b465ee728b) (PreviewImporter) -> (artifact id: '00000000000000000000000000000000') in 0.0005894 seconds
Import Error Code:(4)
Message: Build asset version error: assets/scripts/coin.cs in SourceAssetDB has modification time of '2026-05-01T21:48:14.4274935Z' while content on disk has modification time of '2026-05-01T21:48:26.4173958Z'
  ERROR: Build asset version error: assets/scripts/coin.cs in SourceAssetDB has modification time of '2026-05-01T21:48:14.4274935Z' while content on disk has modification time of '2026-05-01T21:48:26.4173958Z'
Number of updated asset objects reloaded before import = 0Number of asset objects unloaded after import = 0

========================================================================
Received Import Request.
  Time since last request: 0.000021 seconds.
  path: Assets/Scripts/Coin.cs
  artifactKey: Guid(c9ef77a37fe6c8e4ca5240ebeb45fd28) Importer(815301076,1909f56bfc062723c751e8b465ee728b)
Start importing Assets/Scripts/Coin.cs using Guid(c9ef77a37fe6c8e4ca5240ebeb45fd28) Importer(815301076,1909f56bfc062723c751e8b465ee728b) (PreviewImporter) -> (artifact id: '00000000000000000000000000000000') in 0.0007333 seconds
Import Error Code:(4)
Message: Build asset version error: assets/scripts/coin.cs in SourceAssetDB has modification time of '2026-05-01T21:48:14.4274935Z' while content on disk has modification time of '2026-05-01T21:48:26.4173958Z'
  ERROR: Build asset version error: assets/scripts/coin.cs in SourceAssetDB has modification time of '2026-05-01T21:48:14.4274935Z' while content on disk has modification time of '2026-05-01T21:48:26.4173958Z'
Number of updated asset objects reloaded before import = 0Number of asset objects unloaded after import = 0

========================================================================
Received Import Request.
  Time since last request: 0.036200 seconds.
  path: Assets/Scripts/Coin.cs
  artifactKey: Guid(c9ef77a37fe6c8e4ca5240ebeb45fd28) Importer(815301076,1909f56bfc062723c751e8b465ee728b)
Start importing Assets/Scripts/Coin.cs using Guid(c9ef77a37fe6c8e4ca5240ebeb45fd28) Importer(815301076,1909f56bfc062723c751e8b465ee728b) (PreviewImporter) -> (artifact id: '00000000000000000000000000000000') in 0.0006025 seconds
Import Error Code:(4)
Message: Build asset version error: assets/scripts/coin.cs in SourceAssetDB has modification time of '2026-05-01T21:48:14.4274935Z' while content on disk has modification time of '2026-05-01T21:48:26.4173958Z'
  ERROR: Build asset version error: assets/scripts/coin.cs in SourceAssetDB has modification time of '2026-05-01T21:48:14.4274935Z' while content on disk has modification time of '2026-05-01T21:48:26.4173958Z'
Number of updated asset objects reloaded before import = 0Number of asset objects unloaded after import = 0

========================================================================
Received Import Request.
  Time since last request: 0.000019 seconds.
  path: Assets/Scripts/Coin.cs
  artifactKey: Guid(c9ef77a37fe6c8e4ca5240ebeb45fd28) Importer(815301076,1909f56bfc062723c751e8b465ee728b)
Start importing Assets/Scripts/Coin.cs using Guid(c9ef77a37fe6c8e4ca5240ebeb45fd28) Importer(815301076,1909f56bfc062723c751e8b465ee728b) (PreviewImporter) -> (artifact id: '00000000000000000000000000000000') in 0.0005762 seconds
Import Error Code:(4)
Message: Build asset version error: assets/scripts/coin.cs in SourceAssetDB has modification time of '2026-05-01T21:48:14.4274935Z' while content on disk has modification time of '2026-05-01T21:48:26.4173958Z'
  ERROR: Build asset version error: assets/scripts/coin.cs in SourceAssetDB has modification time of '2026-05-01T21:48:14.4274935Z' while content on disk has modification time of '2026-05-01T21:48:26.4173958Z'
Number of updated asset objects reloaded before import = 0Number of asset objects unloaded after import = 0

========================================================================
Received Import Request.
  Time since last request: 0.000020 seconds.
  path: Assets/Scripts/Coin.cs
  artifactKey: Guid(c9ef77a37fe6c8e4ca5240ebeb45fd28) Importer(815301076,1909f56bfc062723c751e8b465ee728b)
Start importing Assets/Scripts/Coin.cs using Guid(c9ef77a37fe6c8e4ca5240ebeb45fd28) Importer(815301076,1909f56bfc062723c751e8b465ee728b) (PreviewImporter) -> (artifact id: '00000000000000000000000000000000') in 0.0007548 seconds
Import Error Code:(4)
Message: Build asset version error: assets/scripts/coin.cs in SourceAssetDB has modification time of '2026-05-01T21:48:14.4274935Z' while content on disk has modification time of '2026-05-01T21:48:26.4173958Z'
  ERROR: Build asset version error: assets/scripts/coin.cs in SourceAssetDB has modification time of '2026-05-01T21:48:14.4274935Z' while content on disk has modification time of '2026-05-01T21:48:26.4173958Z'
Number of updated asset objects reloaded before import = 0Number of asset objects unloaded after import = 0

========================================================================
Received Import Request.
  Time since last request: 0.000036 seconds.
  path: Assets/Scripts/Coin.cs
  artifactKey: Guid(c9ef77a37fe6c8e4ca5240ebeb45fd28) Importer(815301076,1909f56bfc062723c751e8b465ee728b)
Start importing Assets/Scripts/Coin.cs using Guid(c9ef77a37fe6c8e4ca5240ebeb45fd28) Importer(815301076,1909f56bfc062723c751e8b465ee728b) (PreviewImporter) -> (artifact id: '00000000000000000000000000000000') in 0.0006178 seconds
Import Error Code:(4)
Message: Build asset version error: assets/scripts/coin.cs in SourceAssetDB has modification time of '2026-05-01T21:48:14.4274935Z' while content on disk has modification time of '2026-05-01T21:48:26.4173958Z'
  ERROR: Build asset version error: assets/scripts/coin.cs in SourceAssetDB has modification time of '2026-05-01T21:48:14.4274935Z' while content on disk has modification time of '2026-05-01T21:48:26.4173958Z'
Number of updated asset objects reloaded before import = 0Number of asset objects unloaded after import = 0

========================================================================
Received Import Request.
  Time since last request: 0.000017 seconds.
  path: Assets/Scripts/Coin.cs
  artifactKey: Guid(c9ef77a37fe6c8e4ca5240ebeb45fd28) Importer(815301076,1909f56bfc062723c751e8b465ee728b)
Start importing Assets/Scripts/Coin.cs using Guid(c9ef77a37fe6c8e4ca5240ebeb45fd28) Importer(815301076,1909f56bfc062723c751e8b465ee728b) (PreviewImporter) -> (artifact id: '00000000000000000000000000000000') in 0.0006924 seconds
Import Error Code:(4)
Message: Build asset version error: assets/scripts/coin.cs in SourceAssetDB has modification time of '2026-05-01T21:48:14.4274935Z' while content on disk has modification time of '2026-05-01T21:48:26.4173958Z'
  ERROR: Build asset version error: assets/scripts/coin.cs in SourceAssetDB has modification time of '2026-05-01T21:48:14.4274935Z' while content on disk has modification time of '2026-05-01T21:48:26.4173958Z'
Number of updated asset objects reloaded before import = 0Number of asset objects unloaded after import = 0

========================================================================
Received Import Request.
  Time since last request: 0.000017 seconds.
  path: Assets/Scripts/Coin.cs
  artifactKey: Guid(c9ef77a37fe6c8e4ca5240ebeb45fd28) Importer(815301076,1909f56bfc062723c751e8b465ee728b)
Start importing Assets/Scripts/Coin.cs using Guid(c9ef77a37fe6c8e4ca5240ebeb45fd28) Importer(815301076,1909f56bfc062723c751e8b465ee728b) (PreviewImporter) -> (artifact id: '00000000000000000000000000000000') in 0.0007832 seconds
Import Error Code:(4)
Message: Build asset version error: assets/scripts/coin.cs in SourceAssetDB has modification time of '2026-05-01T21:48:14.4274935Z' while content on disk has modification time of '2026-05-01T21:48:26.4173958Z'
  ERROR: Build asset version error: assets/scripts/coin.cs in SourceAssetDB has modification time of '2026-05-01T21:48:14.4274935Z' while content on disk has modification time of '2026-05-01T21:48:26.4173958Z'
Number of updated asset objects reloaded before import = 0Number of asset objects unloaded after import = 0

========================================================================
Received Import Request.
  Time since last request: 0.000018 seconds.
  path: Assets/Scripts/Coin.cs
  artifactKey: Guid(c9ef77a37fe6c8e4ca5240ebeb45fd28) Importer(815301076,1909f56bfc062723c751e8b465ee728b)
Start importing Assets/Scripts/Coin.cs using Guid(c9ef77a37fe6c8e4ca5240ebeb45fd28) Importer(815301076,1909f56bfc062723c751e8b465ee728b) (PreviewImporter) -> (artifact id: '00000000000000000000000000000000') in 0.0008333 seconds
Import Error Code:(4)
Message: Build asset version error: assets/scripts/coin.cs in SourceAssetDB has modification time of '2026-05-01T21:48:14.4274935Z' while content on disk has modification time of '2026-05-01T21:48:26.4173958Z'
  ERROR: Build asset version error: assets/scripts/coin.cs in SourceAssetDB has modification time of '2026-05-01T21:48:14.4274935Z' while content on disk has modification time of '2026-05-01T21:48:26.4173958Z'
Number of updated asset objects reloaded before import = 0Number of asset objects unloaded after import = 0

========================================================================
Received Import Request.
  Time since last request: 0.000032 seconds.
  path: Assets/Scripts/Coin.cs
  artifactKey: Guid(c9ef77a37fe6c8e4ca5240ebeb45fd28) Importer(815301076,1909f56bfc062723c751e8b465ee728b)
Start importing Assets/Scripts/Coin.cs using Guid(c9ef77a37fe6c8e4ca5240ebeb45fd28) Importer(815301076,1909f56bfc062723c751e8b465ee728b) (PreviewImporter) -> (artifact id: '00000000000000000000000000000000') in 0.0006492 seconds
Import Error Code:(4)
Message: Build asset version error: assets/scripts/coin.cs in SourceAssetDB has modification time of '2026-05-01T21:48:14.4274935Z' while content on disk has modification time of '2026-05-01T21:48:26.4173958Z'
  ERROR: Build asset version error: assets/scripts/coin.cs in SourceAssetDB has modification time of '2026-05-01T21:48:14.4274935Z' while content on disk has modification time of '2026-05-01T21:48:26.4173958Z'
Number of updated asset objects reloaded before import = 0Number of asset objects unloaded after import = 0

========================================================================
Received Import Request.
  Time since last request: 0.000018 seconds.
  path: Assets/Scripts/Coin.cs
  artifactKey: Guid(c9ef77a37fe6c8e4ca5240ebeb45fd28) Importer(815301076,1909f56bfc062723c751e8b465ee728b)
Start importing Assets/Scripts/Coin.cs using Guid(c9ef77a37fe6c8e4ca5240ebeb45fd28) Importer(815301076,1909f56bfc062723c751e8b465ee728b) (PreviewImporter) -> (artifact id: '00000000000000000000000000000000') in 0.000687 seconds
Import Error Code:(4)
Message: Build asset version error: assets/scripts/coin.cs in SourceAssetDB has modification time of '2026-05-01T21:48:14.4274935Z' while content on disk has modification time of '2026-05-01T21:48:26.4173958Z'
  ERROR: Build asset version error: assets/scripts/coin.cs in SourceAssetDB has modification time of '2026-05-01T21:48:14.4274935Z' while content on disk has modification time of '2026-05-01T21:48:26.4173958Z'
Number of updated asset objects reloaded before import = 0Number of asset objects unloaded after import = 0

========================================================================
Received Import Request.
  Time since last request: 0.000029 seconds.
  path: Assets/Scripts/Coin.cs
  artifactKey: Guid(c9ef77a37fe6c8e4ca5240ebeb45fd28) Importer(815301076,1909f56bfc062723c751e8b465ee728b)
Start importing Assets/Scripts/Coin.cs using Guid(c9ef77a37fe6c8e4ca5240ebeb45fd28) Importer(815301076,1909f56bfc062723c751e8b465ee728b) (PreviewImporter) -> (artifact id: '00000000000000000000000000000000') in 0.0008723 seconds
Import Error Code:(4)
Message: Build asset version error: assets/scripts/coin.cs in SourceAssetDB has modification time of '2026-05-01T21:48:14.4274935Z' while content on disk has modification time of '2026-05-01T21:48:26.4173958Z'
  ERROR: Build asset version error: assets/scripts/coin.cs in SourceAssetDB has modification time of '2026-05-01T21:48:14.4274935Z' while content on disk has modification time of '2026-05-01T21:48:26.4173958Z'
Number of updated asset objects reloaded before import = 0Number of asset objects unloaded after import = 0

========================================================================
Received Import Request.
  Time since last request: 0.000018 seconds.
  path: Assets/Scripts/Coin.cs
  artifactKey: Guid(c9ef77a37fe6c8e4ca5240ebeb45fd28) Importer(815301076,1909f56bfc062723c751e8b465ee728b)
Start importing Assets/Scripts/Coin.cs using Guid(c9ef77a37fe6c8e4ca5240ebeb45fd28) Importer(815301076,1909f56bfc062723c751e8b465ee728b) (PreviewImporter) -> (artifact id: '00000000000000000000000000000000') in 0.000648 seconds
Import Error Code:(4)
Message: Build asset version error: assets/scripts/coin.cs in SourceAssetDB has modification time of '2026-05-01T21:48:14.4274935Z' while content on disk has modification time of '2026-05-01T21:48:26.4173958Z'
  ERROR: Build asset version error: assets/scripts/coin.cs in SourceAssetDB has modification time of '2026-05-01T21:48:14.4274935Z' while content on disk has modification time of '2026-05-01T21:48:26.4173958Z'
Number of updated asset objects reloaded before import = 0Number of asset objects unloaded after import = 0

========================================================================
Received Import Request.
  Time since last request: 0.000014 seconds.
  path: Assets/Scripts/Coin.cs
  artifactKey: Guid(c9ef77a37fe6c8e4ca5240ebeb45fd28) Importer(815301076,1909f56bfc062723c751e8b465ee728b)
Start importing Assets/Scripts/Coin.cs using Guid(c9ef77a37fe6c8e4ca5240ebeb45fd28) Importer(815301076,1909f56bfc062723c751e8b465ee728b) (PreviewImporter) -> (artifact id: '00000000000000000000000000000000') in 0.0006455 seconds
Import Error Code:(4)
Message: Build asset version error: assets/scripts/coin.cs in SourceAssetDB has modification time of '2026-05-01T21:48:14.4274935Z' while content on disk has modification time of '2026-05-01T21:48:26.4173958Z'
  ERROR: Build asset version error: assets/scripts/coin.cs in SourceAssetDB has modification time of '2026-05-01T21:48:14.4274935Z' while content on disk has modification time of '2026-05-01T21:48:26.4173958Z'
Number of updated asset objects reloaded before import = 0Number of asset objects unloaded after import = 0

========================================================================
Received Import Request.
  Time since last request: 0.000015 seconds.
  path: Assets/Scripts/Coin.cs
  artifactKey: Guid(c9ef77a37fe6c8e4ca5240ebeb45fd28) Importer(815301076,1909f56bfc062723c751e8b465ee728b)
Start importing Assets/Scripts/Coin.cs using Guid(c9ef77a37fe6c8e4ca5240ebeb45fd28) Importer(815301076,1909f56bfc062723c751e8b465ee728b) (PreviewImporter) -> (artifact id: '00000000000000000000000000000000') in 0.0007586 seconds
Import Error Code:(4)
Message: Build asset version error: assets/scripts/coin.cs in SourceAssetDB has modification time of '2026-05-01T21:48:14.4274935Z' while content on disk has modification time of '2026-05-01T21:48:26.4173958Z'
  ERROR: Build asset version error: assets/scripts/coin.cs in SourceAssetDB has modification time of '2026-05-01T21:48:14.4274935Z' while content on disk has modification time of '2026-05-01T21:48:26.4173958Z'
Number of updated asset objects reloaded before import = 0Number of asset objects unloaded after import = 0

========================================================================
Received Import Request.
  Time since last request: 0.000014 seconds.
  path: Assets/Scripts/Coin.cs
  artifactKey: Guid(c9ef77a37fe6c8e4ca5240ebeb45fd28) Importer(815301076,1909f56bfc062723c751e8b465ee728b)
Start importing Assets/Scripts/Coin.cs using Guid(c9ef77a37fe6c8e4ca5240ebeb45fd28) Importer(815301076,1909f56bfc062723c751e8b465ee728b) (PreviewImporter) -> (artifact id: '00000000000000000000000000000000') in 0.0008504 seconds
Import Error Code:(4)
Message: Build asset version error: assets/scripts/coin.cs in SourceAssetDB has modification time of '2026-05-01T21:48:14.4274935Z' while content on disk has modification time of '2026-05-01T21:48:26.4173958Z'
  ERROR: Build asset version error: assets/scripts/coin.cs in SourceAssetDB has modification time of '2026-05-01T21:48:14.4274935Z' while content on disk has modification time of '2026-05-01T21:48:26.4173958Z'
Number of updated asset objects reloaded before import = 0Number of asset objects unloaded after import = 0

========================================================================
Received Import Request.
  Time since last request: 0.000017 seconds.
  path: Assets/Scripts/Coin.cs
  artifactKey: Guid(c9ef77a37fe6c8e4ca5240ebeb45fd28) Importer(815301076,1909f56bfc062723c751e8b465ee728b)
Start importing Assets/Scripts/Coin.cs using Guid(c9ef77a37fe6c8e4ca5240ebeb45fd28) Importer(815301076,1909f56bfc062723c751e8b465ee728b) (PreviewImporter) -> (artifact id: '00000000000000000000000000000000') in 0.0007624 seconds
Import Error Code:(4)
Message: Build asset version error: assets/scripts/coin.cs in SourceAssetDB has modification time of '2026-05-01T21:48:14.4274935Z' while content on disk has modification time of '2026-05-01T21:48:26.4173958Z'
  ERROR: Build asset version error: assets/scripts/coin.cs in SourceAssetDB has modification time of '2026-05-01T21:48:14.4274935Z' while content on disk has modification time of '2026-05-01T21:48:26.4173958Z'
Number of updated asset objects reloaded before import = 0Number of asset objects unloaded after import = 0

========================================================================
Received Import Request.
  Time since last request: 0.000033 seconds.
  path: Assets/Scripts/Coin.cs
  artifactKey: Guid(c9ef77a37fe6c8e4ca5240ebeb45fd28) Importer(815301076,1909f56bfc062723c751e8b465ee728b)
Start importing Assets/Scripts/Coin.cs using Guid(c9ef77a37fe6c8e4ca5240ebeb45fd28) Importer(815301076,1909f56bfc062723c751e8b465ee728b) (PreviewImporter) -> (artifact id: '00000000000000000000000000000000') in 0.0008006 seconds
Import Error Code:(4)
Message: Build asset version error: assets/scripts/coin.cs in SourceAssetDB has modification time of '2026-05-01T21:48:14.4274935Z' while content on disk has modification time of '2026-05-01T21:48:26.4173958Z'
  ERROR: Build asset version error: assets/scripts/coin.cs in SourceAssetDB has modification time of '2026-05-01T21:48:14.4274935Z' while content on disk has modification time of '2026-05-01T21:48:26.4173958Z'
Number of updated asset objects reloaded before import = 0Number of asset objects unloaded after import = 0

========================================================================
Received Import Request.
  Time since last request: 0.000033 seconds.
  path: Assets/Scripts/Coin.cs
  artifactKey: Guid(c9ef77a37fe6c8e4ca5240ebeb45fd28) Importer(815301076,1909f56bfc062723c751e8b465ee728b)
Start importing Assets/Scripts/Coin.cs using Guid(c9ef77a37fe6c8e4ca5240ebeb45fd28) Importer(815301076,1909f56bfc062723c751e8b465ee728b) (PreviewImporter) -> (artifact id: '00000000000000000000000000000000') in 0.0009349 seconds
Import Error Code:(4)
Message: Build asset version error: assets/scripts/coin.cs in SourceAssetDB has modification time of '2026-05-01T21:48:14.4274935Z' while content on disk has modification time of '2026-05-01T21:48:26.4173958Z'
  ERROR: Build asset version error: assets/scripts/coin.cs in SourceAssetDB has modification time of '2026-05-01T21:48:14.4274935Z' while content on disk has modification time of '2026-05-01T21:48:26.4173958Z'
Number of updated asset objects reloaded before import = 0Number of asset objects unloaded after import = 0

========================================================================
Received Import Request.
  Time since last request: 0.000019 seconds.
  path: Assets/Scripts/Coin.cs
  artifactKey: Guid(c9ef77a37fe6c8e4ca5240ebeb45fd28) Importer(815301076,1909f56bfc062723c751e8b465ee728b)
Start importing Assets/Scripts/Coin.cs using Guid(c9ef77a37fe6c8e4ca5240ebeb45fd28) Importer(815301076,1909f56bfc062723c751e8b465ee728b) (PreviewImporter) -> (artifact id: '00000000000000000000000000000000') in 0.0006572 seconds
Import Error Code:(4)
Message: Build asset version error: assets/scripts/coin.cs in SourceAssetDB has modification time of '2026-05-01T21:48:14.4274935Z' while content on disk has modification time of '2026-05-01T21:48:26.4173958Z'
  ERROR: Build asset version error: assets/scripts/coin.cs in SourceAssetDB has modification time of '2026-05-01T21:48:14.4274935Z' while content on disk has modification time of '2026-05-01T21:48:26.4173958Z'
Number of updated asset objects reloaded before import = 0Number of asset objects unloaded after import = 0

========================================================================
Received Import Request.
  Time since last request: 0.000018 seconds.
  path: Assets/Scripts/Coin.cs
  artifactKey: Guid(c9ef77a37fe6c8e4ca5240ebeb45fd28) Importer(815301076,1909f56bfc062723c751e8b465ee728b)
Start importing Assets/Scripts/Coin.cs using Guid(c9ef77a37fe6c8e4ca5240ebeb45fd28) Importer(815301076,1909f56bfc062723c751e8b465ee728b) (PreviewImporter) -> (artifact id: '00000000000000000000000000000000') in 0.0006481 seconds
Import Error Code:(4)
Message: Build asset version error: assets/scripts/coin.cs in SourceAssetDB has modification time of '2026-05-01T21:48:14.4274935Z' while content on disk has modification time of '2026-05-01T21:48:26.4173958Z'
  ERROR: Build asset version error: assets/scripts/coin.cs in SourceAssetDB has modification time of '2026-05-01T21:48:14.4274935Z' while content on disk has modification time of '2026-05-01T21:48:26.4173958Z'
Number of updated asset objects reloaded before import = 0Number of asset objects unloaded after import = 0

========================================================================
Received Import Request.
  Time since last request: 0.000017 seconds.
  path: Assets/Scripts/Coin.cs
  artifactKey: Guid(c9ef77a37fe6c8e4ca5240ebeb45fd28) Importer(815301076,1909f56bfc062723c751e8b465ee728b)
Start importing Assets/Scripts/Coin.cs using Guid(c9ef77a37fe6c8e4ca5240ebeb45fd28) Importer(815301076,1909f56bfc062723c751e8b465ee728b) (PreviewImporter) -> (artifact id: '00000000000000000000000000000000') in 0.0005693 seconds
Import Error Code:(4)
Message: Build asset version error: assets/scripts/coin.cs in SourceAssetDB has modification time of '2026-05-01T21:48:14.4274935Z' while content on disk has modification time of '2026-05-01T21:48:26.4173958Z'
  ERROR: Build asset version error: assets/scripts/coin.cs in SourceAssetDB has modification time of '2026-05-01T21:48:14.4274935Z' while content on disk has modification time of '2026-05-01T21:48:26.4173958Z'
Number of updated asset objects reloaded before import = 0Number of asset objects unloaded after import = 0

========================================================================
Received Import Request.
  Time since last request: 0.000031 seconds.
  path: Assets/Scripts/Coin.cs
  artifactKey: Guid(c9ef77a37fe6c8e4ca5240ebeb45fd28) Importer(815301076,1909f56bfc062723c751e8b465ee728b)
Start importing Assets/Scripts/Coin.cs using Guid(c9ef77a37fe6c8e4ca5240ebeb45fd28) Importer(815301076,1909f56bfc062723c751e8b465ee728b) (PreviewImporter) -> (artifact id: '00000000000000000000000000000000') in 0.0007171 seconds
Import Error Code:(4)
Message: Build asset version error: assets/scripts/coin.cs in SourceAssetDB has modification time of '2026-05-01T21:48:14.4274935Z' while content on disk has modification time of '2026-05-01T21:48:26.4173958Z'
  ERROR: Build asset version error: assets/scripts/coin.cs in SourceAssetDB has modification time of '2026-05-01T21:48:14.4274935Z' while content on disk has modification time of '2026-05-01T21:48:26.4173958Z'
Number of updated asset objects reloaded before import = 0Number of asset objects unloaded after import = 0

========================================================================
Received Import Request.
  Time since last request: 0.000016 seconds.
  path: Assets/Scripts/Coin.cs
  artifactKey: Guid(c9ef77a37fe6c8e4ca5240ebeb45fd28) Importer(815301076,1909f56bfc062723c751e8b465ee728b)
Start importing Assets/Scripts/Coin.cs using Guid(c9ef77a37fe6c8e4ca5240ebeb45fd28) Importer(815301076,1909f56bfc062723c751e8b465ee728b) (PreviewImporter) -> (artifact id: '00000000000000000000000000000000') in 0.0006392 seconds
Import Error Code:(4)
Message: Build asset version error: assets/scripts/coin.cs in SourceAssetDB has modification time of '2026-05-01T21:48:14.4274935Z' while content on disk has modification time of '2026-05-01T21:48:26.4173958Z'
  ERROR: Build asset version error: assets/scripts/coin.cs in SourceAssetDB has modification time of '2026-05-01T21:48:14.4274935Z' while content on disk has modification time of '2026-05-01T21:48:26.4173958Z'
Number of updated asset objects reloaded before import = 0Number of asset objects unloaded after import = 0

========================================================================
Received Import Request.
  Time since last request: 0.000015 seconds.
  path: Assets/Scripts/Coin.cs
  artifactKey: Guid(c9ef77a37fe6c8e4ca5240ebeb45fd28) Importer(815301076,1909f56bfc062723c751e8b465ee728b)
Start importing Assets/Scripts/Coin.cs using Guid(c9ef77a37fe6c8e4ca5240ebeb45fd28) Importer(815301076,1909f56bfc062723c751e8b465ee728b) (PreviewImporter) -> (artifact id: '00000000000000000000000000000000') in 0.0006794 seconds
Import Error Code:(4)
Message: Build asset version error: assets/scripts/coin.cs in SourceAssetDB has modification time of '2026-05-01T21:48:14.4274935Z' while content on disk has modification time of '2026-05-01T21:48:26.4173958Z'
  ERROR: Build asset version error: assets/scripts/coin.cs in SourceAssetDB has modification time of '2026-05-01T21:48:14.4274935Z' while content on disk has modification time of '2026-05-01T21:48:26.4173958Z'
Number of updated asset objects reloaded before import = 0Number of asset objects unloaded after import = 0

========================================================================
Received Import Request.
  Time since last request: 0.000018 seconds.
  path: Assets/Scripts/Coin.cs
  artifactKey: Guid(c9ef77a37fe6c8e4ca5240ebeb45fd28) Importer(815301076,1909f56bfc062723c751e8b465ee728b)
Start importing Assets/Scripts/Coin.cs using Guid(c9ef77a37fe6c8e4ca5240ebeb45fd28) Importer(815301076,1909f56bfc062723c751e8b465ee728b) (PreviewImporter) -> (artifact id: '00000000000000000000000000000000') in 0.0006493 seconds
Import Error Code:(4)
Message: Build asset version error: assets/scripts/coin.cs in SourceAssetDB has modification time of '2026-05-01T21:48:14.4274935Z' while content on disk has modification time of '2026-05-01T21:48:26.4173958Z'
  ERROR: Build asset version error: assets/scripts/coin.cs in SourceAssetDB has modification time of '2026-05-01T21:48:14.4274935Z' while content on disk has modification time of '2026-05-01T21:48:26.4173958Z'
Number of updated asset objects reloaded before import = 0Number of asset objects unloaded after import = 0

========================================================================
Received Import Request.
  Time since last request: 0.000016 seconds.
  path: Assets/Scripts/Coin.cs
  artifactKey: Guid(c9ef77a37fe6c8e4ca5240ebeb45fd28) Importer(815301076,1909f56bfc062723c751e8b465ee728b)
Start importing Assets/Scripts/Coin.cs using Guid(c9ef77a37fe6c8e4ca5240ebeb45fd28) Importer(815301076,1909f56bfc062723c751e8b465ee728b) (PreviewImporter) -> (artifact id: '00000000000000000000000000000000') in 0.0007418 seconds
Import Error Code:(4)
Message: Build asset version error: assets/scripts/coin.cs in SourceAssetDB has modification time of '2026-05-01T21:48:14.4274935Z' while content on disk has modification time of '2026-05-01T21:48:26.4173958Z'
  ERROR: Build asset version error: assets/scripts/coin.cs in SourceAssetDB has modification time of '2026-05-01T21:48:14.4274935Z' while content on disk has modification time of '2026-05-01T21:48:26.4173958Z'
Number of updated asset objects reloaded before import = 0Number of asset objects unloaded after import = 0

========================================================================
Received Import Request.
  Time since last request: 0.000018 seconds.
  path: Assets/Scripts/Coin.cs
  artifactKey: Guid(c9ef77a37fe6c8e4ca5240ebeb45fd28) Importer(815301076,1909f56bfc062723c751e8b465ee728b)
Start importing Assets/Scripts/Coin.cs using Guid(c9ef77a37fe6c8e4ca5240ebeb45fd28) Importer(815301076,1909f56bfc062723c751e8b465ee728b) (PreviewImporter) -> (artifact id: '00000000000000000000000000000000') in 0.0007307 seconds
Import Error Code:(4)
Message: Build asset version error: assets/scripts/coin.cs in SourceAssetDB has modification time of '2026-05-01T21:48:14.4274935Z' while content on disk has modification time of '2026-05-01T21:48:26.4173958Z'
  ERROR: Build asset version error: assets/scripts/coin.cs in SourceAssetDB has modification time of '2026-05-01T21:48:14.4274935Z' while content on disk has modification time of '2026-05-01T21:48:26.4173958Z'
Number of updated asset objects reloaded before import = 0Number of asset objects unloaded after import = 0

========================================================================
Received Import Request.
  Time since last request: 0.000031 seconds.
  path: Assets/Scripts/Coin.cs
  artifactKey: Guid(c9ef77a37fe6c8e4ca5240ebeb45fd28) Importer(815301076,1909f56bfc062723c751e8b465ee728b)
Start importing Assets/Scripts/Coin.cs using Guid(c9ef77a37fe6c8e4ca5240ebeb45fd28) Importer(815301076,1909f56bfc062723c751e8b465ee728b) (PreviewImporter) -> (artifact id: '00000000000000000000000000000000') in 0.0005725 seconds
Import Error Code:(4)
Message: Build asset version error: assets/scripts/coin.cs in SourceAssetDB has modification time of '2026-05-01T21:48:14.4274935Z' while content on disk has modification time of '2026-05-01T21:48:26.4173958Z'
  ERROR: Build asset version error: assets/scripts/coin.cs in SourceAssetDB has modification time of '2026-05-01T21:48:14.4274935Z' while content on disk has modification time of '2026-05-01T21:48:26.4173958Z'
Number of updated asset objects reloaded before import = 0Number of asset objects unloaded after import = 0

========================================================================
Received Import Request.
  Time since last request: 0.000018 seconds.
  path: Assets/Scripts/Coin.cs
  artifactKey: Guid(c9ef77a37fe6c8e4ca5240ebeb45fd28) Importer(815301076,1909f56bfc062723c751e8b465ee728b)
Start importing Assets/Scripts/Coin.cs using Guid(c9ef77a37fe6c8e4ca5240ebeb45fd28) Importer(815301076,1909f56bfc062723c751e8b465ee728b) (PreviewImporter) -> (artifact id: '00000000000000000000000000000000') in 0.000579 seconds
Import Error Code:(4)
Message: Build asset version error: assets/scripts/coin.cs in SourceAssetDB has modification time of '2026-05-01T21:48:14.4274935Z' while content on disk has modification time of '2026-05-01T21:48:26.4173958Z'
  ERROR: Build asset version error: assets/scripts/coin.cs in SourceAssetDB has modification time of '2026-05-01T21:48:14.4274935Z' while content on disk has modification time of '2026-05-01T21:48:26.4173958Z'
Number of updated asset objects reloaded before import = 0Number of asset objects unloaded after import = 0

========================================================================
Received Import Request.
  Time since last request: 0.000023 seconds.
  path: Assets/Scripts/Coin.cs
  artifactKey: Guid(c9ef77a37fe6c8e4ca5240ebeb45fd28) Importer(815301076,1909f56bfc062723c751e8b465ee728b)
Start importing Assets/Scripts/Coin.cs using Guid(c9ef77a37fe6c8e4ca5240ebeb45fd28) Importer(815301076,1909f56bfc062723c751e8b465ee728b) (PreviewImporter) -> (artifact id: '00000000000000000000000000000000') in 0.0005401 seconds
Import Error Code:(4)
Message: Build asset version error: assets/scripts/coin.cs in SourceAssetDB has modification time of '2026-05-01T21:48:14.4274935Z' while content on disk has modification time of '2026-05-01T21:48:26.4173958Z'
  ERROR: Build asset version error: assets/scripts/coin.cs in SourceAssetDB has modification time of '2026-05-01T21:48:14.4274935Z' while content on disk has modification time of '2026-05-01T21:48:26.4173958Z'
Number of updated asset objects reloaded before import = 0Number of asset objects unloaded after import = 0

========================================================================
Received Import Request.
  Time since last request: 0.000017 seconds.
  path: Assets/Scripts/Coin.cs
  artifactKey: Guid(c9ef77a37fe6c8e4ca5240ebeb45fd28) Importer(815301076,1909f56bfc062723c751e8b465ee728b)
Start importing Assets/Scripts/Coin.cs using Guid(c9ef77a37fe6c8e4ca5240ebeb45fd28) Importer(815301076,1909f56bfc062723c751e8b465ee728b) (PreviewImporter) -> (artifact id: '00000000000000000000000000000000') in 0.0007783 seconds
Import Error Code:(4)
Message: Build asset version error: assets/scripts/coin.cs in SourceAssetDB has modification time of '2026-05-01T21:48:14.4274935Z' while content on disk has modification time of '2026-05-01T21:48:26.4173958Z'
  ERROR: Build asset version error: assets/scripts/coin.cs in SourceAssetDB has modification time of '2026-05-01T21:48:14.4274935Z' while content on disk has modification time of '2026-05-01T21:48:26.4173958Z'
Number of updated asset objects reloaded before import = 0Number of asset objects unloaded after import = 0

========================================================================
Received Import Request.
  Time since last request: 0.000020 seconds.
  path: Assets/Scripts/Coin.cs
  artifactKey: Guid(c9ef77a37fe6c8e4ca5240ebeb45fd28) Importer(815301076,1909f56bfc062723c751e8b465ee728b)
Start importing Assets/Scripts/Coin.cs using Guid(c9ef77a37fe6c8e4ca5240ebeb45fd28) Importer(815301076,1909f56bfc062723c751e8b465ee728b) (PreviewImporter) -> (artifact id: '00000000000000000000000000000000') in 0.0007378 seconds
Import Error Code:(4)
Message: Build asset version error: assets/scripts/coin.cs in SourceAssetDB has modification time of '2026-05-01T21:48:14.4274935Z' while content on disk has modification time of '2026-05-01T21:48:26.4173958Z'
  ERROR: Build asset version error: assets/scripts/coin.cs in SourceAssetDB has modification time of '2026-05-01T21:48:14.4274935Z' while content on disk has modification time of '2026-05-01T21:48:26.4173958Z'
Number of updated asset objects reloaded before import = 0Number of asset objects unloaded after import = 0

========================================================================
Received Import Request.
  Time since last request: 0.000017 seconds.
  path: Assets/Scripts/Coin.cs
  artifactKey: Guid(c9ef77a37fe6c8e4ca5240ebeb45fd28) Importer(815301076,1909f56bfc062723c751e8b465ee728b)
Start importing Assets/Scripts/Coin.cs using Guid(c9ef77a37fe6c8e4ca5240ebeb45fd28) Importer(815301076,1909f56bfc062723c751e8b465ee728b) (PreviewImporter) -> (artifact id: '00000000000000000000000000000000') in 0.0007058 seconds
Import Error Code:(4)
Message: Build asset version error: assets/scripts/coin.cs in SourceAssetDB has modification time of '2026-05-01T21:48:14.4274935Z' while content on disk has modification time of '2026-05-01T21:48:26.4173958Z'
  ERROR: Build asset version error: assets/scripts/coin.cs in SourceAssetDB has modification time of '2026-05-01T21:48:14.4274935Z' while content on disk has modification time of '2026-05-01T21:48:26.4173958Z'
Number of updated asset objects reloaded before import = 0Number of asset objects unloaded after import = 0

========================================================================
Received Import Request.
  Time since last request: 0.000025 seconds.
  path: Assets/Scripts/Coin.cs
  artifactKey: Guid(c9ef77a37fe6c8e4ca5240ebeb45fd28) Importer(815301076,1909f56bfc062723c751e8b465ee728b)
Start importing Assets/Scripts/Coin.cs using Guid(c9ef77a37fe6c8e4ca5240ebeb45fd28) Importer(815301076,1909f56bfc062723c751e8b465ee728b) (PreviewImporter) -> (artifact id: '00000000000000000000000000000000') in 0.0006222 seconds
Import Error Code:(4)
Message: Build asset version error: assets/scripts/coin.cs in SourceAssetDB has modification time of '2026-05-01T21:48:14.4274935Z' while content on disk has modification time of '2026-05-01T21:48:26.4173958Z'
  ERROR: Build asset version error: assets/scripts/coin.cs in SourceAssetDB has modification time of '2026-05-01T21:48:14.4274935Z' while content on disk has modification time of '2026-05-01T21:48:26.4173958Z'
Number of updated asset objects reloaded before import = 0Number of asset objects unloaded after import = 0

========================================================================
Received Import Request.
  Time since last request: 0.000018 seconds.
  path: Assets/Scripts/Coin.cs
  artifactKey: Guid(c9ef77a37fe6c8e4ca5240ebeb45fd28) Importer(815301076,1909f56bfc062723c751e8b465ee728b)
Start importing Assets/Scripts/Coin.cs using Guid(c9ef77a37fe6c8e4ca5240ebeb45fd28) Importer(815301076,1909f56bfc062723c751e8b465ee728b) (PreviewImporter) -> (artifact id: '00000000000000000000000000000000') in 0.0005855 seconds
Import Error Code:(4)
Message: Build asset version error: assets/scripts/coin.cs in SourceAssetDB has modification time of '2026-05-01T21:48:14.4274935Z' while content on disk has modification time of '2026-05-01T21:48:26.4173958Z'
  ERROR: Build asset version error: assets/scripts/coin.cs in SourceAssetDB has modification time of '2026-05-01T21:48:14.4274935Z' while content on disk has modification time of '2026-05-01T21:48:26.4173958Z'
Number of updated asset objects reloaded before import = 0Number of asset objects unloaded after import = 0

========================================================================
Received Import Request.
  Time since last request: 0.000014 seconds.
  path: Assets/Scripts/Coin.cs
  artifactKey: Guid(c9ef77a37fe6c8e4ca5240ebeb45fd28) Importer(815301076,1909f56bfc062723c751e8b465ee728b)
Start importing Assets/Scripts/Coin.cs using Guid(c9ef77a37fe6c8e4ca5240ebeb45fd28) Importer(815301076,1909f56bfc062723c751e8b465ee728b) (PreviewImporter) -> (artifact id: '00000000000000000000000000000000') in 0.0006767 seconds
Import Error Code:(4)
Message: Build asset version error: assets/scripts/coin.cs in SourceAssetDB has modification time of '2026-05-01T21:48:14.4274935Z' while content on disk has modification time of '2026-05-01T21:48:26.4173958Z'
  ERROR: Build asset version error: assets/scripts/coin.cs in SourceAssetDB has modification time of '2026-05-01T21:48:14.4274935Z' while content on disk has modification time of '2026-05-01T21:48:26.4173958Z'
Number of updated asset objects reloaded before import = 0Number of asset objects unloaded after import = 0

========================================================================
Received Import Request.
  Time since last request: 0.000019 seconds.
  path: Assets/Scripts/Coin.cs
  artifactKey: Guid(c9ef77a37fe6c8e4ca5240ebeb45fd28) Importer(815301076,1909f56bfc062723c751e8b465ee728b)
Start importing Assets/Scripts/Coin.cs using Guid(c9ef77a37fe6c8e4ca5240ebeb45fd28) Importer(815301076,1909f56bfc062723c751e8b465ee728b) (PreviewImporter) -> (artifact id: '00000000000000000000000000000000') in 0.0006983 seconds
Import Error Code:(4)
Message: Build asset version error: assets/scripts/coin.cs in SourceAssetDB has modification time of '2026-05-01T21:48:14.4274935Z' while content on disk has modification time of '2026-05-01T21:48:26.4173958Z'
  ERROR: Build asset version error: assets/scripts/coin.cs in SourceAssetDB has modification time of '2026-05-01T21:48:14.4274935Z' while content on disk has modification time of '2026-05-01T21:48:26.4173958Z'
Number of updated asset objects reloaded before import = 0Number of asset objects unloaded after import = 0

========================================================================
Received Import Request.
  Time since last request: 0.000016 seconds.
  path: Assets/Scripts/Coin.cs
  artifactKey: Guid(c9ef77a37fe6c8e4ca5240ebeb45fd28) Importer(815301076,1909f56bfc062723c751e8b465ee728b)
Start importing Assets/Scripts/Coin.cs using Guid(c9ef77a37fe6c8e4ca5240ebeb45fd28) Importer(815301076,1909f56bfc062723c751e8b465ee728b) (PreviewImporter) -> (artifact id: '00000000000000000000000000000000') in 0.0006551 seconds
Import Error Code:(4)
Message: Build asset version error: assets/scripts/coin.cs in SourceAssetDB has modification time of '2026-05-01T21:48:14.4274935Z' while content on disk has modification time of '2026-05-01T21:48:26.4173958Z'
  ERROR: Build asset version error: assets/scripts/coin.cs in SourceAssetDB has modification time of '2026-05-01T21:48:14.4274935Z' while content on disk has modification time of '2026-05-01T21:48:26.4173958Z'
Number of updated asset objects reloaded before import = 0Number of asset objects unloaded after import = 0

========================================================================
Received Import Request.
  Time since last request: 0.000019 seconds.
  path: Assets/Scripts/Coin.cs
  artifactKey: Guid(c9ef77a37fe6c8e4ca5240ebeb45fd28) Importer(815301076,1909f56bfc062723c751e8b465ee728b)
Start importing Assets/Scripts/Coin.cs using Guid(c9ef77a37fe6c8e4ca5240ebeb45fd28) Importer(815301076,1909f56bfc062723c751e8b465ee728b) (PreviewImporter) -> (artifact id: '00000000000000000000000000000000') in 0.0006797 seconds
Import Error Code:(4)
Message: Build asset version error: assets/scripts/coin.cs in SourceAssetDB has modification time of '2026-05-01T21:48:14.4274935Z' while content on disk has modification time of '2026-05-01T21:48:26.4173958Z'
  ERROR: Build asset version error: assets/scripts/coin.cs in SourceAssetDB has modification time of '2026-05-01T21:48:14.4274935Z' while content on disk has modification time of '2026-05-01T21:48:26.4173958Z'
Number of updated asset objects reloaded before import = 0Number of asset objects unloaded after import = 0

========================================================================
Received Import Request.
  Time since last request: 0.000034 seconds.
  path: Assets/Scripts/Coin.cs
  artifactKey: Guid(c9ef77a37fe6c8e4ca5240ebeb45fd28) Importer(815301076,1909f56bfc062723c751e8b465ee728b)
Start importing Assets/Scripts/Coin.cs using Guid(c9ef77a37fe6c8e4ca5240ebeb45fd28) Importer(815301076,1909f56bfc062723c751e8b465ee728b) (PreviewImporter) -> (artifact id: '00000000000000000000000000000000') in 0.0006614 seconds
Import Error Code:(4)
Message: Build asset version error: assets/scripts/coin.cs in SourceAssetDB has modification time of '2026-05-01T21:48:14.4274935Z' while content on disk has modification time of '2026-05-01T21:48:26.4173958Z'
  ERROR: Build asset version error: assets/scripts/coin.cs in SourceAssetDB has modification time of '2026-05-01T21:48:14.4274935Z' while content on disk has modification time of '2026-05-01T21:48:26.4173958Z'
Number of updated asset objects reloaded before import = 0Number of asset objects unloaded after import = 0

========================================================================
Received Import Request.
  Time since last request: 0.000017 seconds.
  path: Assets/Scripts/Coin.cs
  artifactKey: Guid(c9ef77a37fe6c8e4ca5240ebeb45fd28) Importer(815301076,1909f56bfc062723c751e8b465ee728b)
Start importing Assets/Scripts/Coin.cs using Guid(c9ef77a37fe6c8e4ca5240ebeb45fd28) Importer(815301076,1909f56bfc062723c751e8b465ee728b) (PreviewImporter) -> (artifact id: '00000000000000000000000000000000') in 0.000744 seconds
Import Error Code:(4)
Message: Build asset version error: assets/scripts/coin.cs in SourceAssetDB has modification time of '2026-05-01T21:48:14.4274935Z' while content on disk has modification time of '2026-05-01T21:48:26.4173958Z'
  ERROR: Build asset version error: assets/scripts/coin.cs in SourceAssetDB has modification time of '2026-05-01T21:48:14.4274935Z' while content on disk has modification time of '2026-05-01T21:48:26.4173958Z'
Number of updated asset objects reloaded before import = 0Number of asset objects unloaded after import = 0

========================================================================
Received Import Request.
  Time since last request: 0.000028 seconds.
  path: Assets/Scripts/Coin.cs
  artifactKey: Guid(c9ef77a37fe6c8e4ca5240ebeb45fd28) Importer(815301076,1909f56bfc062723c751e8b465ee728b)
Start importing Assets/Scripts/Coin.cs using Guid(c9ef77a37fe6c8e4ca5240ebeb45fd28) Importer(815301076,1909f56bfc062723c751e8b465ee728b) (PreviewImporter) -> (artifact id: '00000000000000000000000000000000') in 0.000876 seconds
Import Error Code:(4)
Message: Build asset version error: assets/scripts/coin.cs in SourceAssetDB has modification time of '2026-05-01T21:48:14.4274935Z' while content on disk has modification time of '2026-05-01T21:48:26.4173958Z'
  ERROR: Build asset version error: assets/scripts/coin.cs in SourceAssetDB has modification time of '2026-05-01T21:48:14.4274935Z' while content on disk has modification time of '2026-05-01T21:48:26.4173958Z'
Number of updated asset objects reloaded before import = 0Number of asset objects unloaded after import = 0

========================================================================
Received Import Request.
  Time since last request: 0.000017 seconds.
  path: Assets/Scripts/Coin.cs
  artifactKey: Guid(c9ef77a37fe6c8e4ca5240ebeb45fd28) Importer(815301076,1909f56bfc062723c751e8b465ee728b)
Start importing Assets/Scripts/Coin.cs using Guid(c9ef77a37fe6c8e4ca5240ebeb45fd28) Importer(815301076,1909f56bfc062723c751e8b465ee728b) (PreviewImporter) -> (artifact id: '00000000000000000000000000000000') in 0.0007667 seconds
Import Error Code:(4)
Message: Build asset version error: assets/scripts/coin.cs in SourceAssetDB has modification time of '2026-05-01T21:48:14.4274935Z' while content on disk has modification time of '2026-05-01T21:48:26.4173958Z'
  ERROR: Build asset version error: assets/scripts/coin.cs in SourceAssetDB has modification time of '2026-05-01T21:48:14.4274935Z' while content on disk has modification time of '2026-05-01T21:48:26.4173958Z'
Number of updated asset objects reloaded before import = 0Number of asset objects unloaded after import = 0

========================================================================
Received Import Request.
  Time since last request: 0.000020 seconds.
  path: Assets/Scripts/Coin.cs
  artifactKey: Guid(c9ef77a37fe6c8e4ca5240ebeb45fd28) Importer(815301076,1909f56bfc062723c751e8b465ee728b)
Start importing Assets/Scripts/Coin.cs using Guid(c9ef77a37fe6c8e4ca5240ebeb45fd28) Importer(815301076,1909f56bfc062723c751e8b465ee728b) (PreviewImporter) -> (artifact id: '00000000000000000000000000000000') in 0.000597 seconds
Import Error Code:(4)
Message: Build asset version error: assets/scripts/coin.cs in SourceAssetDB has modification time of '2026-05-01T21:48:14.4274935Z' while content on disk has modification time of '2026-05-01T21:48:26.4173958Z'
  ERROR: Build asset version error: assets/scripts/coin.cs in SourceAssetDB has modification time of '2026-05-01T21:48:14.4274935Z' while content on disk has modification time of '2026-05-01T21:48:26.4173958Z'
Number of updated asset objects reloaded before import = 0Number of asset objects unloaded after import = 0

========================================================================
Received Import Request.
  Time since last request: 0.000029 seconds.
  path: Assets/Scripts/Coin.cs
  artifactKey: Guid(c9ef77a37fe6c8e4ca5240ebeb45fd28) Importer(815301076,1909f56bfc062723c751e8b465ee728b)
Start importing Assets/Scripts/Coin.cs using Guid(c9ef77a37fe6c8e4ca5240ebeb45fd28) Importer(815301076,1909f56bfc062723c751e8b465ee728b) (PreviewImporter) -> (artifact id: '00000000000000000000000000000000') in 0.0007381 seconds
Import Error Code:(4)
Message: Build asset version error: assets/scripts/coin.cs in SourceAssetDB has modification time of '2026-05-01T21:48:14.4274935Z' while content on disk has modification time of '2026-05-01T21:48:26.4173958Z'
  ERROR: Build asset version error: assets/scripts/coin.cs in SourceAssetDB has modification time of '2026-05-01T21:48:14.4274935Z' while content on disk has modification time of '2026-05-01T21:48:26.4173958Z'
Number of updated asset objects reloaded before import = 0Number of asset objects unloaded after import = 0

========================================================================
Received Import Request.
  Time since last request: 0.000024 seconds.
  path: Assets/Scripts/Coin.cs
  artifactKey: Guid(c9ef77a37fe6c8e4ca5240ebeb45fd28) Importer(815301076,1909f56bfc062723c751e8b465ee728b)
Start importing Assets/Scripts/Coin.cs using Guid(c9ef77a37fe6c8e4ca5240ebeb45fd28) Importer(815301076,1909f56bfc062723c751e8b465ee728b) (PreviewImporter) -> (artifact id: '00000000000000000000000000000000') in 0.0007239 seconds
Import Error Code:(4)
Message: Build asset version error: assets/scripts/coin.cs in SourceAssetDB has modification time of '2026-05-01T21:48:14.4274935Z' while content on disk has modification time of '2026-05-01T21:48:26.4173958Z'
  ERROR: Build asset version error: assets/scripts/coin.cs in SourceAssetDB has modification time of '2026-05-01T21:48:14.4274935Z' while content on disk has modification time of '2026-05-01T21:48:26.4173958Z'
Number of updated asset objects reloaded before import = 0Number of asset objects unloaded after import = 0

========================================================================
Received Import Request.
  Time since last request: 0.000060 seconds.
  path: Assets/Scripts/Coin.cs
  artifactKey: Guid(c9ef77a37fe6c8e4ca5240ebeb45fd28) Importer(815301076,1909f56bfc062723c751e8b465ee728b)
Start importing Assets/Scripts/Coin.cs using Guid(c9ef77a37fe6c8e4ca5240ebeb45fd28) Importer(815301076,1909f56bfc062723c751e8b465ee728b) (PreviewImporter) -> (artifact id: '00000000000000000000000000000000') in 0.0007201 seconds
Import Error Code:(4)
Message: Build asset version error: assets/scripts/coin.cs in SourceAssetDB has modification time of '2026-05-01T21:48:14.4274935Z' while content on disk has modification time of '2026-05-01T21:48:26.4173958Z'
  ERROR: Build asset version error: assets/scripts/coin.cs in SourceAssetDB has modification time of '2026-05-01T21:48:14.4274935Z' while content on disk has modification time of '2026-05-01T21:48:26.4173958Z'
Number of updated asset objects reloaded before import = 0Number of asset objects unloaded after import = 0

========================================================================
Received Import Request.
  Time since last request: 0.000023 seconds.
  path: Assets/Scripts/Coin.cs
  artifactKey: Guid(c9ef77a37fe6c8e4ca5240ebeb45fd28) Importer(815301076,1909f56bfc062723c751e8b465ee728b)
Start importing Assets/Scripts/Coin.cs using Guid(c9ef77a37fe6c8e4ca5240ebeb45fd28) Importer(815301076,1909f56bfc062723c751e8b465ee728b) (PreviewImporter) -> (artifact id: '00000000000000000000000000000000') in 0.0007056 seconds
Import Error Code:(4)
Message: Build asset version error: assets/scripts/coin.cs in SourceAssetDB has modification time of '2026-05-01T21:48:14.4274935Z' while content on disk has modification time of '2026-05-01T21:48:26.4173958Z'
  ERROR: Build asset version error: assets/scripts/coin.cs in SourceAssetDB has modification time of '2026-05-01T21:48:14.4274935Z' while content on disk has modification time of '2026-05-01T21:48:26.4173958Z'
Number of updated asset objects reloaded before import = 0Number of asset objects unloaded after import = 0

========================================================================
Received Import Request.
  Time since last request: 0.000018 seconds.
  path: Assets/Scripts/Coin.cs
  artifactKey: Guid(c9ef77a37fe6c8e4ca5240ebeb45fd28) Importer(815301076,1909f56bfc062723c751e8b465ee728b)
Start importing Assets/Scripts/Coin.cs using Guid(c9ef77a37fe6c8e4ca5240ebeb45fd28) Importer(815301076,1909f56bfc062723c751e8b465ee728b) (PreviewImporter) -> (artifact id: '00000000000000000000000000000000') in 0.0010043 seconds
Import Error Code:(4)
Message: Build asset version error: assets/scripts/coin.cs in SourceAssetDB has modification time of '2026-05-01T21:48:14.4274935Z' while content on disk has modification time of '2026-05-01T21:48:26.4173958Z'
  ERROR: Build asset version error: assets/scripts/coin.cs in SourceAssetDB has modification time of '2026-05-01T21:48:14.4274935Z' while content on disk has modification time of '2026-05-01T21:48:26.4173958Z'
Number of updated asset objects reloaded before import = 0Number of asset objects unloaded after import = 0

========================================================================
Received Import Request.
  Time since last request: 0.000040 seconds.
  path: Assets/Scripts/Coin.cs
  artifactKey: Guid(c9ef77a37fe6c8e4ca5240ebeb45fd28) Importer(815301076,1909f56bfc062723c751e8b465ee728b)
Start importing Assets/Scripts/Coin.cs using Guid(c9ef77a37fe6c8e4ca5240ebeb45fd28) Importer(815301076,1909f56bfc062723c751e8b465ee728b) (PreviewImporter) -> (artifact id: '00000000000000000000000000000000') in 0.0007921 seconds
Import Error Code:(4)
Message: Build asset version error: assets/scripts/coin.cs in SourceAssetDB has modification time of '2026-05-01T21:48:14.4274935Z' while content on disk has modification time of '2026-05-01T21:48:26.4173958Z'
  ERROR: Build asset version error: assets/scripts/coin.cs in SourceAssetDB has modification time of '2026-05-01T21:48:14.4274935Z' while content on disk has modification time of '2026-05-01T21:48:26.4173958Z'
Number of updated asset objects reloaded before import = 0Number of asset objects unloaded after import = 0

========================================================================
Received Import Request.
  Time since last request: 0.000020 seconds.
  path: Assets/Scripts/Coin.cs
  artifactKey: Guid(c9ef77a37fe6c8e4ca5240ebeb45fd28) Importer(815301076,1909f56bfc062723c751e8b465ee728b)
Start importing Assets/Scripts/Coin.cs using Guid(c9ef77a37fe6c8e4ca5240ebeb45fd28) Importer(815301076,1909f56bfc062723c751e8b465ee728b) (PreviewImporter) -> (artifact id: '00000000000000000000000000000000') in 0.000833 seconds
Import Error Code:(4)
Message: Build asset version error: assets/scripts/coin.cs in SourceAssetDB has modification time of '2026-05-01T21:48:14.4274935Z' while content on disk has modification time of '2026-05-01T21:48:26.4173958Z'
  ERROR: Build asset version error: assets/scripts/coin.cs in SourceAssetDB has modification time of '2026-05-01T21:48:14.4274935Z' while content on disk has modification time of '2026-05-01T21:48:26.4173958Z'
Number of updated asset objects reloaded before import = 0Number of asset objects unloaded after import = 0

========================================================================
Received Import Request.
  Time since last request: 0.000015 seconds.
  path: Assets/Scripts/Coin.cs
  artifactKey: Guid(c9ef77a37fe6c8e4ca5240ebeb45fd28) Importer(815301076,1909f56bfc062723c751e8b465ee728b)
Start importing Assets/Scripts/Coin.cs using Guid(c9ef77a37fe6c8e4ca5240ebeb45fd28) Importer(815301076,1909f56bfc062723c751e8b465ee728b) (PreviewImporter) -> (artifact id: '00000000000000000000000000000000') in 0.0007096 seconds
Import Error Code:(4)
Message: Build asset version error: assets/scripts/coin.cs in SourceAssetDB has modification time of '2026-05-01T21:48:14.4274935Z' while content on disk has modification time of '2026-05-01T21:48:26.4173958Z'
  ERROR: Build asset version error: assets/scripts/coin.cs in SourceAssetDB has modification time of '2026-05-01T21:48:14.4274935Z' while content on disk has modification time of '2026-05-01T21:48:26.4173958Z'
Number of updated asset objects reloaded before import = 0Number of asset objects unloaded after import = 0

========================================================================
Received Import Request.
  Time since last request: 0.000019 seconds.
  path: Assets/Scripts/Coin.cs
  artifactKey: Guid(c9ef77a37fe6c8e4ca5240ebeb45fd28) Importer(815301076,1909f56bfc062723c751e8b465ee728b)
Start importing Assets/Scripts/Coin.cs using Guid(c9ef77a37fe6c8e4ca5240ebeb45fd28) Importer(815301076,1909f56bfc062723c751e8b465ee728b) (PreviewImporter) -> (artifact id: '00000000000000000000000000000000') in 0.0008607 seconds
Import Error Code:(4)
Message: Build asset version error: assets/scripts/coin.cs in SourceAssetDB has modification time of '2026-05-01T21:48:14.4274935Z' while content on disk has modification time of '2026-05-01T21:48:26.4173958Z'
  ERROR: Build asset version error: assets/scripts/coin.cs in SourceAssetDB has modification time of '2026-05-01T21:48:14.4274935Z' while content on disk has modification time of '2026-05-01T21:48:26.4173958Z'
Number of updated asset objects reloaded before import = 0Number of asset objects unloaded after import = 0

========================================================================
Received Import Request.
  Time since last request: 0.000018 seconds.
  path: Assets/Scripts/Coin.cs
  artifactKey: Guid(c9ef77a37fe6c8e4ca5240ebeb45fd28) Importer(815301076,1909f56bfc062723c751e8b465ee728b)
Start importing Assets/Scripts/Coin.cs using Guid(c9ef77a37fe6c8e4ca5240ebeb45fd28) Importer(815301076,1909f56bfc062723c751e8b465ee728b) (PreviewImporter) -> (artifact id: '00000000000000000000000000000000') in 0.0007956 seconds
Import Error Code:(4)
Message: Build asset version error: assets/scripts/coin.cs in SourceAssetDB has modification time of '2026-05-01T21:48:14.4274935Z' while content on disk has modification time of '2026-05-01T21:48:26.4173958Z'
  ERROR: Build asset version error: assets/scripts/coin.cs in SourceAssetDB has modification time of '2026-05-01T21:48:14.4274935Z' while content on disk has modification time of '2026-05-01T21:48:26.4173958Z'
Number of updated asset objects reloaded before import = 0Number of asset objects unloaded after import = 0

========================================================================
Received Import Request.
  Time since last request: 0.000111 seconds.
  path: Assets/Scripts/Coin.cs
  artifactKey: Guid(c9ef77a37fe6c8e4ca5240ebeb45fd28) Importer(815301076,1909f56bfc062723c751e8b465ee728b)
Start importing Assets/Scripts/Coin.cs using Guid(c9ef77a37fe6c8e4ca5240ebeb45fd28) Importer(815301076,1909f56bfc062723c751e8b465ee728b) (PreviewImporter) -> (artifact id: '00000000000000000000000000000000') in 0.0006624 seconds
Import Error Code:(4)
Message: Build asset version error: assets/scripts/coin.cs in SourceAssetDB has modification time of '2026-05-01T21:48:14.4274935Z' while content on disk has modification time of '2026-05-01T21:48:26.4173958Z'
  ERROR: Build asset version error: assets/scripts/coin.cs in SourceAssetDB has modification time of '2026-05-01T21:48:14.4274935Z' while content on disk has modification time of '2026-05-01T21:48:26.4173958Z'
Number of updated asset objects reloaded before import = 0Number of asset objects unloaded after import = 0

========================================================================
Received Import Request.
  Time since last request: 0.000015 seconds.
  path: Assets/Scripts/Coin.cs
  artifactKey: Guid(c9ef77a37fe6c8e4ca5240ebeb45fd28) Importer(815301076,1909f56bfc062723c751e8b465ee728b)
Start importing Assets/Scripts/Coin.cs using Guid(c9ef77a37fe6c8e4ca5240ebeb45fd28) Importer(815301076,1909f56bfc062723c751e8b465ee728b) (PreviewImporter) -> (artifact id: '00000000000000000000000000000000') in 0.000653 seconds
Import Error Code:(4)
Message: Build asset version error: assets/scripts/coin.cs in SourceAssetDB has modification time of '2026-05-01T21:48:14.4274935Z' while content on disk has modification time of '2026-05-01T21:48:26.4173958Z'
  ERROR: Build asset version error: assets/scripts/coin.cs in SourceAssetDB has modification time of '2026-05-01T21:48:14.4274935Z' while content on disk has modification time of '2026-05-01T21:48:26.4173958Z'
Number of updated asset objects reloaded before import = 0Number of asset objects unloaded after import = 0

========================================================================
Received Import Request.
  Time since last request: 0.000017 seconds.
  path: Assets/Scripts/Coin.cs
  artifactKey: Guid(c9ef77a37fe6c8e4ca5240ebeb45fd28) Importer(815301076,1909f56bfc062723c751e8b465ee728b)
Start importing Assets/Scripts/Coin.cs using Guid(c9ef77a37fe6c8e4ca5240ebeb45fd28) Importer(815301076,1909f56bfc062723c751e8b465ee728b) (PreviewImporter) -> (artifact id: '00000000000000000000000000000000') in 0.0005904 seconds
Import Error Code:(4)
Message: Build asset version error: assets/scripts/coin.cs in SourceAssetDB has modification time of '2026-05-01T21:48:14.4274935Z' while content on disk has modification time of '2026-05-01T21:48:26.4173958Z'
  ERROR: Build asset version error: assets/scripts/coin.cs in SourceAssetDB has modification time of '2026-05-01T21:48:14.4274935Z' while content on disk has modification time of '2026-05-01T21:48:26.4173958Z'
Number of updated asset objects reloaded before import = 0Number of asset objects unloaded after import = 0

========================================================================
Received Import Request.
  Time since last request: 0.000017 seconds.
  path: Assets/Scripts/Coin.cs
  artifactKey: Guid(c9ef77a37fe6c8e4ca5240ebeb45fd28) Importer(815301076,1909f56bfc062723c751e8b465ee728b)
Start importing Assets/Scripts/Coin.cs using Guid(c9ef77a37fe6c8e4ca5240ebeb45fd28) Importer(815301076,1909f56bfc062723c751e8b465ee728b) (PreviewImporter) -> (artifact id: '00000000000000000000000000000000') in 0.0007653 seconds
Import Error Code:(4)
Message: Build asset version error: assets/scripts/coin.cs in SourceAssetDB has modification time of '2026-05-01T21:48:14.4274935Z' while content on disk has modification time of '2026-05-01T21:48:26.4173958Z'
  ERROR: Build asset version error: assets/scripts/coin.cs in SourceAssetDB has modification time of '2026-05-01T21:48:14.4274935Z' while content on disk has modification time of '2026-05-01T21:48:26.4173958Z'
Number of updated asset objects reloaded before import = 0Number of asset objects unloaded after import = 0

========================================================================
Received Import Request.
  Time since last request: 0.000015 seconds.
  path: Assets/Scripts/Coin.cs
  artifactKey: Guid(c9ef77a37fe6c8e4ca5240ebeb45fd28) Importer(815301076,1909f56bfc062723c751e8b465ee728b)
Start importing Assets/Scripts/Coin.cs using Guid(c9ef77a37fe6c8e4ca5240ebeb45fd28) Importer(815301076,1909f56bfc062723c751e8b465ee728b) (PreviewImporter) -> (artifact id: '00000000000000000000000000000000') in 0.0009002 seconds
Import Error Code:(4)
Message: Build asset version error: assets/scripts/coin.cs in SourceAssetDB has modification time of '2026-05-01T21:48:14.4274935Z' while content on disk has modification time of '2026-05-01T21:48:26.4173958Z'
  ERROR: Build asset version error: assets/scripts/coin.cs in SourceAssetDB has modification time of '2026-05-01T21:48:14.4274935Z' while content on disk has modification time of '2026-05-01T21:48:26.4173958Z'
Number of updated asset objects reloaded before import = 0Number of asset objects unloaded after import = 0

========================================================================
Received Import Request.
  Time since last request: 0.000019 seconds.
  path: Assets/Scripts/Coin.cs
  artifactKey: Guid(c9ef77a37fe6c8e4ca5240ebeb45fd28) Importer(815301076,1909f56bfc062723c751e8b465ee728b)
Start importing Assets/Scripts/Coin.cs using Guid(c9ef77a37fe6c8e4ca5240ebeb45fd28) Importer(815301076,1909f56bfc062723c751e8b465ee728b) (PreviewImporter) -> (artifact id: '00000000000000000000000000000000') in 0.0007489 seconds
Import Error Code:(4)
Message: Build asset version error: assets/scripts/coin.cs in SourceAssetDB has modification time of '2026-05-01T21:48:14.4274935Z' while content on disk has modification time of '2026-05-01T21:48:26.4173958Z'
  ERROR: Build asset version error: assets/scripts/coin.cs in SourceAssetDB has modification time of '2026-05-01T21:48:14.4274935Z' while content on disk has modification time of '2026-05-01T21:48:26.4173958Z'
Number of updated asset objects reloaded before import = 0Number of asset objects unloaded after import = 0

========================================================================
Received Import Request.
  Time since last request: 0.000030 seconds.
  path: Assets/Scripts/Coin.cs
  artifactKey: Guid(c9ef77a37fe6c8e4ca5240ebeb45fd28) Importer(815301076,1909f56bfc062723c751e8b465ee728b)
Start importing Assets/Scripts/Coin.cs using Guid(c9ef77a37fe6c8e4ca5240ebeb45fd28) Importer(815301076,1909f56bfc062723c751e8b465ee728b) (PreviewImporter) -> (artifact id: '00000000000000000000000000000000') in 0.000715 seconds
Import Error Code:(4)
Message: Build asset version error: assets/scripts/coin.cs in SourceAssetDB has modification time of '2026-05-01T21:48:14.4274935Z' while content on disk has modification time of '2026-05-01T21:48:26.4173958Z'
  ERROR: Build asset version error: assets/scripts/coin.cs in SourceAssetDB has modification time of '2026-05-01T21:48:14.4274935Z' while content on disk has modification time of '2026-05-01T21:48:26.4173958Z'
Number of updated asset objects reloaded before import = 0Number of asset objects unloaded after import = 0

========================================================================
Received Import Request.
  Time since last request: 0.000018 seconds.
  path: Assets/Scripts/Coin.cs
  artifactKey: Guid(c9ef77a37fe6c8e4ca5240ebeb45fd28) Importer(815301076,1909f56bfc062723c751e8b465ee728b)
Start importing Assets/Scripts/Coin.cs using Guid(c9ef77a37fe6c8e4ca5240ebeb45fd28) Importer(815301076,1909f56bfc062723c751e8b465ee728b) (PreviewImporter) -> (artifact id: '00000000000000000000000000000000') in 0.0006723 seconds
Import Error Code:(4)
Message: Build asset version error: assets/scripts/coin.cs in SourceAssetDB has modification time of '2026-05-01T21:48:14.4274935Z' while content on disk has modification time of '2026-05-01T21:48:26.4173958Z'
  ERROR: Build asset version error: assets/scripts/coin.cs in SourceAssetDB has modification time of '2026-05-01T21:48:14.4274935Z' while content on disk has modification time of '2026-05-01T21:48:26.4173958Z'
Number of updated asset objects reloaded before import = 0Number of asset objects unloaded after import = 0

========================================================================
Received Import Request.
  Time since last request: 0.000016 seconds.
  path: Assets/Scripts/Coin.cs
  artifactKey: Guid(c9ef77a37fe6c8e4ca5240ebeb45fd28) Importer(815301076,1909f56bfc062723c751e8b465ee728b)
Start importing Assets/Scripts/Coin.cs using Guid(c9ef77a37fe6c8e4ca5240ebeb45fd28) Importer(815301076,1909f56bfc062723c751e8b465ee728b) (PreviewImporter) -> (artifact id: 'fdf5e3a466ac7d3e13e1d54507ba5ec4') in 0.0006363 seconds
Number of updated asset objects reloaded before import = 0Number of asset objects unloaded after import = 0

========================================================================
Received Prepare
Begin MonoManager ReloadAssembly
- Loaded All Assemblies, in  1.075 seconds
Refreshing native plugins compatible for Editor in 4.22 ms, found 5 plugins.
Native extension for WindowsStandalone target not found
[Package Manager] Failed to launch server process. Reason: Unity was launched with the -noUpm command-line argument
[Package Manager] Unable to send message (not connected to server process).
[Package Manager] Cannot connect to Unity Package Manager local server
[Package Manager] Failed to launch server process. Reason: Unity was launched with the -noUpm command-line argument
[Package Manager] Unable to send message (not connected to server process).
[Package Manager] Cannot connect to Unity Package Manager local server
ScheduleIndexationOnStartup MainProcess:False IndexOnStartup:True
Mono: successfully reloaded assembly
- Finished resetting the current domain, in  0.992 seconds
Domain Reload Profiling: 2066ms
	BeginReloadAssembly (288ms)
		ExecutionOrderSort (0ms)
		DisableScriptedObjects (18ms)
		BackupInstance (0ms)
		ReleaseScriptingObjects (0ms)
		CreateAndSetChildDomain (73ms)
	RebuildCommonClasses (46ms)
	RebuildNativeTypeToScriptingClass (19ms)
	initialDomainReloadingComplete (42ms)
	LoadAllAssembliesAndSetupDomain (677ms)
		LoadAssemblies (488ms)
		RebuildTransferFunctionScriptingTraits (0ms)
		AnalyzeDomain (313ms)
			TypeCache.Refresh (11ms)
				TypeCache.ScanAssembly (0ms)
			BuildScriptInfoCaches (283ms)
			ResolveRequiredComponents (14ms)
	FinalizeReload (993ms)
		ReleaseScriptCaches (0ms)
		RebuildScriptCaches (0ms)
		SetupLoadedEditorAssemblies (758ms)
			LogAssemblyErrors (0ms)
			InitializePlatformSupportModulesInManaged (4ms)
			SetLoadedEditorAssemblies (5ms)
			BeforeProcessingInitializeOnLoad (197ms)
			ProcessInitializeOnLoadAttributes (437ms)
			ProcessInitializeOnLoadMethodAttributes (106ms)
			AfterProcessingInitializeOnLoad (9ms)
			EditorAssembliesLoaded (1ms)
		ExecutionOrderSort2 (0ms)
		AwakeInstancesAfterBackupRestoration (21ms)
Refreshing native plugins compatible for Editor in 3.41 ms, found 5 plugins.
Preloading 0 native plugins for Editor in 0.00 ms.
Unloading 16 Unused Serialized files (Serialized files now loaded: 0)
Unloading 7169 unused Assets / (4.5 MB). Loaded Objects now: 8081.
Memory consumption went from 159.2 MB to 154.7 MB.
Total: 12.767900 ms (FindLiveObjects: 1.440900 ms CreateObjectMapping: 0.980200 ms MarkObjects: 6.435100 ms  DeleteObjects: 3.909600 ms)

Prepare: number of updated asset objects reloaded= 0
========================================================================
Received Import Request.
  Time since last request: 25.063334 seconds.
  path: Assets/Prefags/Coin1.prefab
  artifactKey: Guid(b0ffa1a188b3c784da2d85adab1f6f8a) Importer(815301076,1909f56bfc062723c751e8b465ee728b)
Start importing Assets/Prefags/Coin1.prefab using Guid(b0ffa1a188b3c784da2d85adab1f6f8a) Importer(815301076,1909f56bfc062723c751e8b465ee728b) (PreviewImporter) -> (artifact id: '2f35c5bfecf91e667109a54b1ebc4b01') in 0.4415435 seconds
Number of updated asset objects reloaded before import = 0Number of asset objects unloaded after import = 26

========================================================================
Received Import Request.
  Time since last request: 56.718455 seconds.
  path: Assets/Prefags/Coin1.prefab
  artifactKey: Guid(b0ffa1a188b3c784da2d85adab1f6f8a) Importer(815301076,1909f56bfc062723c751e8b465ee728b)
Start importing Assets/Prefags/Coin1.prefab using Guid(b0ffa1a188b3c784da2d85adab1f6f8a) Importer(815301076,1909f56bfc062723c751e8b465ee728b) (PreviewImporter) -> (artifact id: 'c16d2a6796643f777241035209a4e2c8') in 0.0114616 seconds
Number of updated asset objects reloaded before import = 0Number of asset objects unloaded after import = 27

========================================================================
Received Import Request.
  Time since last request: 37.969043 seconds.
  path: Assets/Prefags/coin2.prefab
  artifactKey: Guid(0aadcbf12514a614c83b2cfa805593f2) Importer(815301076,1909f56bfc062723c751e8b465ee728b)
Start importing Assets/Prefags/coin2.prefab using Guid(0aadcbf12514a614c83b2cfa805593f2) Importer(815301076,1909f56bfc062723c751e8b465ee728b) (PreviewImporter) -> (artifact id: 'b14eb2c72d2a94aec2793b866259a4fe') in 0.0123702 seconds
Number of updated asset objects reloaded before import = 0Number of asset objects unloaded after import = 20

========================================================================
Received Import Request.
  Time since last request: 83.092931 seconds.
  path: Assets/Prefags/Coin1.prefab
  artifactKey: Guid(b0ffa1a188b3c784da2d85adab1f6f8a) Importer(815301076,1909f56bfc062723c751e8b465ee728b)
Start importing Assets/Prefags/Coin1.prefab using Guid(b0ffa1a188b3c784da2d85adab1f6f8a) Importer(815301076,1909f56bfc062723c751e8b465ee728b) (PreviewImporter) -> (artifact id: '0e14606769a64a41cb6ca5d123d47038') in 0.0157351 seconds
Number of updated asset objects reloaded before import = 0Number of asset objects unloaded after import = 28

========================================================================
Received Import Request.
  Time since last request: 2.036817 seconds.
  path: Assets/Prefags/Coin1.prefab
  artifactKey: Guid(b0ffa1a188b3c784da2d85adab1f6f8a) Importer(815301076,1909f56bfc062723c751e8b465ee728b)
Start importing Assets/Prefags/Coin1.prefab using Guid(b0ffa1a188b3c784da2d85adab1f6f8a) Importer(815301076,1909f56bfc062723c751e8b465ee728b) (PreviewImporter) -> (artifact id: '6f993de0bbeae8944bdc3209d8fc3c9c') in 0.0095343 seconds
Number of updated asset objects reloaded before import = 0Number of asset objects unloaded after import = 28

========================================================================
Received Import Request.
  Time since last request: 13.373221 seconds.
  path: Assets/Prefags/coin2.prefab
  artifactKey: Guid(0aadcbf12514a614c83b2cfa805593f2) Importer(815301076,1909f56bfc062723c751e8b465ee728b)
Start importing Assets/Prefags/coin2.prefab using Guid(0aadcbf12514a614c83b2cfa805593f2) Importer(815301076,1909f56bfc062723c751e8b465ee728b) (PreviewImporter) -> (artifact id: 'ce87263367e25dd7e2ff216e62cfb73b') in 0.0134779 seconds
Number of updated asset objects reloaded before import = 0Number of asset objects unloaded after import = 21

========================================================================
Received Import Request.
  Time since last request: 2.275751 seconds.
  path: Assets/Prefags/coin2.prefab
  artifactKey: Guid(0aadcbf12514a614c83b2cfa805593f2) Importer(815301076,1909f56bfc062723c751e8b465ee728b)
Start importing Assets/Prefags/coin2.prefab using Guid(0aadcbf12514a614c83b2cfa805593f2) Importer(815301076,1909f56bfc062723c751e8b465ee728b) (PreviewImporter) -> (artifact id: 'bec8d8b4d9c5f065209dc7df23abe52c') in 0.0138024 seconds
Number of updated asset objects reloaded before import = 0Number of asset objects unloaded after import = 21

========================================================================
Received Import Request.
  Time since last request: 65.316212 seconds.
  path: Assets/Prefags/coin2.prefab
  artifactKey: Guid(0aadcbf12514a614c83b2cfa805593f2) Importer(815301076,1909f56bfc062723c751e8b465ee728b)
Start importing Assets/Prefags/coin2.prefab using Guid(0aadcbf12514a614c83b2cfa805593f2) Importer(815301076,1909f56bfc062723c751e8b465ee728b) (PreviewImporter) -> (artifact id: '69d12245007cedf08301c1b44ef16579') in 0.0132718 seconds
Number of updated asset objects reloaded before import = 0Number of asset objects unloaded after import = 21

========================================================================
Received Prepare
Begin MonoManager ReloadAssembly
[Licensing::Client] Successfully resolved entitlement details
- Loaded All Assemblies, in  0.782 seconds
Refreshing native plugins compatible for Editor in 1.56 ms, found 5 plugins.
Native extension for WindowsStandalone target not found
[Package Manager] Failed to launch server process. Reason: Unity was launched with the -noUpm command-line argument
[Package Manager] Unable to send message (not connected to server process).
[Package Manager] Cannot connect to Unity Package Manager local server
[Package Manager] Failed to launch server process. Reason: Unity was launched with the -noUpm command-line argument
[Package Manager] Unable to send message (not connected to server process).
[Package Manager] Cannot connect to Unity Package Manager local server
ScheduleIndexationOnStartup MainProcess:False IndexOnStartup:True
Mono: successfully reloaded assembly
- Finished resetting the current domain, in  0.662 seconds
Domain Reload Profiling: 1441ms
	BeginReloadAssembly (242ms)
		ExecutionOrderSort (0ms)
		DisableScriptedObjects (27ms)
		BackupInstance (0ms)
		ReleaseScriptingObjects (0ms)
		CreateAndSetChildDomain (64ms)
	RebuildCommonClasses (46ms)
	RebuildNativeTypeToScriptingClass (16ms)
	initialDomainReloadingComplete (33ms)
	LoadAllAssembliesAndSetupDomain (441ms)
		LoadAssemblies (357ms)
		RebuildTransferFunctionScriptingTraits (0ms)
		AnalyzeDomain (178ms)
			TypeCache.Refresh (6ms)
				TypeCache.ScanAssembly (0ms)
			BuildScriptInfoCaches (159ms)
			ResolveRequiredComponents (8ms)
	FinalizeReload (662ms)
		ReleaseScriptCaches (0ms)
		RebuildScriptCaches (0ms)
		SetupLoadedEditorAssemblies (515ms)
			LogAssemblyErrors (0ms)
			InitializePlatformSupportModulesInManaged (2ms)
			SetLoadedEditorAssemblies (3ms)
			BeforeProcessingInitializeOnLoad (142ms)
			ProcessInitializeOnLoadAttributes (283ms)
			ProcessInitializeOnLoadMethodAttributes (80ms)
			AfterProcessingInitializeOnLoad (5ms)
			EditorAssembliesLoaded (0ms)
		ExecutionOrderSort2 (0ms)
		AwakeInstancesAfterBackupRestoration (12ms)
Refreshing native plugins compatible for Editor in 2.18 ms, found 5 plugins.
Preloading 0 native plugins for Editor in 0.00 ms.
Unloading 16 Unused Serialized files (Serialized files now loaded: 0)
Unloading 7169 unused Assets / (4.3 MB). Loaded Objects now: 8104.
Memory consumption went from 159.4 MB to 155.1 MB.
Total: 10.480200 ms (FindLiveObjects: 0.852700 ms CreateObjectMapping: 0.448500 ms MarkObjects: 5.945400 ms  DeleteObjects: 3.231400 ms)

Prepare: number of updated asset objects reloaded= 0
========================================================================
Received Prepare
Begin MonoManager ReloadAssembly
[Licensing::Client] Successfully resolved entitlement details
- Loaded All Assemblies, in  0.740 seconds
Refreshing native plugins compatible for Editor in 1.71 ms, found 5 plugins.
Native extension for WindowsStandalone target not found
[Package Manager] Failed to launch server process. Reason: Unity was launched with the -noUpm command-line argument
[Package Manager] Unable to send message (not connected to server process).
[Package Manager] Cannot connect to Unity Package Manager local server
[Package Manager] Failed to launch server process. Reason: Unity was launched with the -noUpm command-line argument
[Package Manager] Unable to send message (not connected to server process).
[Package Manager] Cannot connect to Unity Package Manager local server
ScheduleIndexationOnStartup MainProcess:False IndexOnStartup:True
Mono: successfully reloaded assembly
- Finished resetting the current domain, in  0.695 seconds
Domain Reload Profiling: 1433ms
	BeginReloadAssembly (218ms)
		ExecutionOrderSort (0ms)
		DisableScriptedObjects (17ms)
		BackupInstance (0ms)
		ReleaseScriptingObjects (0ms)
		CreateAndSetChildDomain (56ms)
	RebuildCommonClasses (33ms)
	RebuildNativeTypeToScriptingClass (11ms)
	initialDomainReloadingComplete (25ms)
	LoadAllAssembliesAndSetupDomain (450ms)
		LoadAssemblies (339ms)
		RebuildTransferFunctionScriptingTraits (0ms)
		AnalyzeDomain (198ms)
			TypeCache.Refresh (6ms)
				TypeCache.ScanAssembly (0ms)
			BuildScriptInfoCaches (180ms)
			ResolveRequiredComponents (8ms)
	FinalizeReload (695ms)
		ReleaseScriptCaches (0ms)
		RebuildScriptCaches (0ms)
		SetupLoadedEditorAssemblies (533ms)
			LogAssemblyErrors (0ms)
			InitializePlatformSupportModulesInManaged (2ms)
			SetLoadedEditorAssemblies (4ms)
			BeforeProcessingInitializeOnLoad (127ms)
			ProcessInitializeOnLoadAttributes (318ms)
			ProcessInitializeOnLoadMethodAttributes (77ms)
			AfterProcessingInitializeOnLoad (5ms)
			EditorAssembliesLoaded (1ms)
		ExecutionOrderSort2 (0ms)
		AwakeInstancesAfterBackupRestoration (17ms)
Refreshing native plugins compatible for Editor in 3.33 ms, found 5 plugins.
Preloading 0 native plugins for Editor in 0.00 ms.
Unloading 16 Unused Serialized files (Serialized files now loaded: 0)
Unloading 7169 unused Assets / (4.4 MB). Loaded Objects now: 8107.
Memory consumption went from 159.3 MB to 154.9 MB.
Total: 9.998500 ms (FindLiveObjects: 0.882600 ms CreateObjectMapping: 0.684700 ms MarkObjects: 5.644800 ms  DeleteObjects: 2.784800 ms)

Prepare: number of updated asset objects reloaded= 0
========================================================================
Received Prepare
Begin MonoManager ReloadAssembly
- Loaded All Assemblies, in  0.723 seconds
Refreshing native plugins compatible for Editor in 1.48 ms, found 5 plugins.
Native extension for WindowsStandalone target not found
[Package Manager] Failed to launch server process. Reason: Unity was launched with the -noUpm command-line argument
[Package Manager] Unable to send message (not connected to server process).
[Package Manager] Cannot connect to Unity Package Manager local server
[Package Manager] Failed to launch server process. Reason: Unity was launched with the -noUpm command-line argument
[Package Manager] Unable to send message (not connected to server process).
[Package Manager] Cannot connect to Unity Package Manager local server
ScheduleIndexationOnStartup MainProcess:False IndexOnStartup:True
Mono: successfully reloaded assembly
- Finished resetting the current domain, in  0.745 seconds
Domain Reload Profiling: 1468ms
	BeginReloadAssembly (218ms)
		ExecutionOrderSort (0ms)
		DisableScriptedObjects (14ms)
		BackupInstance (0ms)
		ReleaseScriptingObjects (0ms)
		CreateAndSetChildDomain (53ms)
	RebuildCommonClasses (33ms)
	RebuildNativeTypeToScriptingClass (11ms)
	initialDomainReloadingComplete (33ms)
	LoadAllAssembliesAndSetupDomain (427ms)
		LoadAssemblies (340ms)
		RebuildTransferFunctionScriptingTraits (0ms)
		AnalyzeDomain (174ms)
			TypeCache.Refresh (7ms)
				TypeCache.ScanAssembly (0ms)
			BuildScriptInfoCaches (154ms)
			ResolveRequiredComponents (8ms)
	FinalizeReload (746ms)
		ReleaseScriptCaches (0ms)
		RebuildScriptCaches (0ms)
		SetupLoadedEditorAssemblies (581ms)
			LogAssemblyErrors (0ms)
			InitializePlatformSupportModulesInManaged (3ms)
			SetLoadedEditorAssemblies (5ms)
			BeforeProcessingInitializeOnLoad (159ms)
			ProcessInitializeOnLoadAttributes (325ms)
			ProcessInitializeOnLoadMethodAttributes (82ms)
			AfterProcessingInitializeOnLoad (7ms)
			EditorAssembliesLoaded (1ms)
		ExecutionOrderSort2 (0ms)
		AwakeInstancesAfterBackupRestoration (18ms)
Refreshing native plugins compatible for Editor in 2.23 ms, found 5 plugins.
Preloading 0 native plugins for Editor in 0.00 ms.
Unloading 16 Unused Serialized files (Serialized files now loaded: 0)
Unloading 7169 unused Assets / (4.1 MB). Loaded Objects now: 8110.
Memory consumption went from 159.3 MB to 155.3 MB.
Total: 12.812500 ms (FindLiveObjects: 1.670900 ms CreateObjectMapping: 0.935900 ms MarkObjects: 7.136800 ms  DeleteObjects: 3.066800 ms)

Prepare: number of updated asset objects reloaded= 0
========================================================================
Received Prepare
Begin MonoManager ReloadAssembly
[Licensing::Client] Successfully resolved entitlement details
- Loaded All Assemblies, in  0.746 seconds
Refreshing native plugins compatible for Editor in 2.42 ms, found 5 plugins.
Native extension for WindowsStandalone target not found
[Package Manager] Failed to launch server process. Reason: Unity was launched with the -noUpm command-line argument
[Package Manager] Unable to send message (not connected to server process).
[Package Manager] Cannot connect to Unity Package Manager local server
[Package Manager] Failed to launch server process. Reason: Unity was launched with the -noUpm command-line argument
[Package Manager] Unable to send message (not connected to server process).
[Package Manager] Cannot connect to Unity Package Manager local server
ScheduleIndexationOnStartup MainProcess:False IndexOnStartup:True
Mono: successfully reloaded assembly
- Finished resetting the current domain, in  0.747 seconds
Domain Reload Profiling: 1491ms
	BeginReloadAssembly (203ms)
		ExecutionOrderSort (0ms)
		DisableScriptedObjects (11ms)
		BackupInstance (0ms)
		ReleaseScriptingObjects (0ms)
		CreateAndSetChildDomain (50ms)
	RebuildCommonClasses (40ms)
	RebuildNativeTypeToScriptingClass (16ms)
	initialDomainReloadingComplete (34ms)
	LoadAllAssembliesAndSetupDomain (450ms)
		LoadAssemblies (346ms)
		RebuildTransferFunctionScriptingTraits (0ms)
		AnalyzeDomain (187ms)
			TypeCache.Refresh (6ms)
				TypeCache.ScanAssembly (0ms)
			BuildScriptInfoCaches (168ms)
			ResolveRequiredComponents (8ms)
	FinalizeReload (748ms)
		ReleaseScriptCaches (0ms)
		RebuildScriptCaches (0ms)
		SetupLoadedEditorAssemblies (584ms)
			LogAssemblyErrors (0ms)
			InitializePlatformSupportModulesInManaged (2ms)
			SetLoadedEditorAssemblies (3ms)
			BeforeProcessingInitializeOnLoad (140ms)
			ProcessInitializeOnLoadAttributes (346ms)
			ProcessInitializeOnLoadMethodAttributes (84ms)
			AfterProcessingInitializeOnLoad (7ms)
			EditorAssembliesLoaded (0ms)
		ExecutionOrderSort2 (0ms)
		AwakeInstancesAfterBackupRestoration (18ms)
Refreshing native plugins compatible for Editor in 3.00 ms, found 5 plugins.
Preloading 0 native plugins for Editor in 0.00 ms.
Unloading 16 Unused Serialized files (Serialized files now loaded: 0)
Unloading 7169 unused Assets / (4.4 MB). Loaded Objects now: 8113.
Memory consumption went from 159.4 MB to 155.0 MB.
Total: 11.726400 ms (FindLiveObjects: 1.197700 ms CreateObjectMapping: 0.675400 ms MarkObjects: 6.495400 ms  DeleteObjects: 3.356200 ms)

Prepare: number of updated asset objects reloaded= 0
========================================================================
Received Prepare
Begin MonoManager ReloadAssembly
- Loaded All Assemblies, in  0.692 seconds
Refreshing native plugins compatible for Editor in 1.80 ms, found 5 plugins.
Native extension for WindowsStandalone target not found
[Package Manager] Failed to launch server process. Reason: Unity was launched with the -noUpm command-line argument
[Package Manager] Unable to send message (not connected to server process).
[Package Manager] Cannot connect to Unity Package Manager local server
[Package Manager] Failed to launch server process. Reason: Unity was launched with the -noUpm command-line argument
[Package Manager] Unable to send message (not connected to server process).
[Package Manager] Cannot connect to Unity Package Manager local server
ScheduleIndexationOnStartup MainProcess:False IndexOnStartup:True
Mono: successfully reloaded assembly
- Finished resetting the current domain, in  0.650 seconds
Domain Reload Profiling: 1341ms
	BeginReloadAssembly (206ms)
		ExecutionOrderSort (0ms)
		DisableScriptedObjects (15ms)
		BackupInstance (0ms)
		ReleaseScriptingObjects (0ms)
		CreateAndSetChildDomain (53ms)
	RebuildCommonClasses (31ms)
	RebuildNativeTypeToScriptingClass (11ms)
	initialDomainReloadingComplete (24ms)
	LoadAllAssembliesAndSetupDomain (418ms)
		LoadAssemblies (325ms)
		RebuildTransferFunctionScriptingTraits (0ms)
		AnalyzeDomain (177ms)
			TypeCache.Refresh (6ms)
				TypeCache.ScanAssembly (0ms)
			BuildScriptInfoCaches (159ms)
			ResolveRequiredComponents (8ms)
	FinalizeReload (651ms)
		ReleaseScriptCaches (0ms)
		RebuildScriptCaches (0ms)
		SetupLoadedEditorAssemblies (485ms)
			LogAssemblyErrors (0ms)
			InitializePlatformSupportModulesInManaged (2ms)
			SetLoadedEditorAssemblies (3ms)
			BeforeProcessingInitializeOnLoad (136ms)
			ProcessInitializeOnLoadAttributes (276ms)
			ProcessInitializeOnLoadMethodAttributes (63ms)
			AfterProcessingInitializeOnLoad (4ms)
			EditorAssembliesLoaded (0ms)
		ExecutionOrderSort2 (0ms)
		AwakeInstancesAfterBackupRestoration (12ms)
Refreshing native plugins compatible for Editor in 3.67 ms, found 5 plugins.
Preloading 0 native plugins for Editor in 0.00 ms.
Unloading 16 Unused Serialized files (Serialized files now loaded: 0)
Unloading 7169 unused Assets / (4.1 MB). Loaded Objects now: 8116.
Memory consumption went from 159.4 MB to 155.3 MB.
Total: 10.437100 ms (FindLiveObjects: 1.199600 ms CreateObjectMapping: 0.635800 ms MarkObjects: 6.002400 ms  DeleteObjects: 2.597700 ms)

Prepare: number of updated asset objects reloaded= 0
========================================================================
Received Import Request.
  Time since last request: 479.008235 seconds.
  path: Assets/SpriteSheets/player/weapon_bullet.png
  artifactKey: Guid(981401dc0bdc6ac428dacba1cdf133fb) Importer(815301076,1909f56bfc062723c751e8b465ee728b)
Start importing Assets/SpriteSheets/player/weapon_bullet.png using Guid(981401dc0bdc6ac428dacba1cdf133fb) Importer(815301076,1909f56bfc062723c751e8b465ee728b) (PreviewImporter) -> (artifact id: 'fef41f3a36f2e09a249f93b4a0be1c9b') in 0.1118792 seconds
Number of updated asset objects reloaded before import = 0Number of asset objects unloaded after import = 6

========================================================================
Received Import Request.
  Time since last request: 67.199253 seconds.
  path: Assets/Prefags/Bullet.prefab
  artifactKey: Guid(1d04c3391303d8c4bbd95ac52f2d2d5c) Importer(815301076,1909f56bfc062723c751e8b465ee728b)
Start importing Assets/Prefags/Bullet.prefab using Guid(1d04c3391303d8c4bbd95ac52f2d2d5c) Importer(815301076,1909f56bfc062723c751e8b465ee728b) (PreviewImporter) -> (artifact id: '27b5d98993d0d490854593695a2d220a') in 0.2875038 seconds
Number of updated asset objects reloaded before import = 0Number of asset objects unloaded after import = 8

========================================================================
Received Import Request.
  Time since last request: 44.109596 seconds.
  path: Assets/Scripts/Coin.cs
  artifactKey: Guid(c9ef77a37fe6c8e4ca5240ebeb45fd28) Importer(2089858483,b0f066a214c2f5e87bad3c948f4d605d)
Start importing Assets/Scripts/Coin.cs using Guid(c9ef77a37fe6c8e4ca5240ebeb45fd28) Importer(2089858483,b0f066a214c2f5e87bad3c948f4d605d) (ScriptedImporter) -> (artifact id: 'd6ff793f516f8ff32065b158d8fa3d90') in 0.0615046 seconds
Number of updated asset objects reloaded before import = 0Number of asset objects unloaded after import = 0

========================================================================
Received Import Request.
  Time since last request: 0.000059 seconds.
  path: Assets/SpriteSheets/player/weapon_bullet.png
  artifactKey: Guid(981401dc0bdc6ac428dacba1cdf133fb) Importer(2089858483,b0f066a214c2f5e87bad3c948f4d605d)
Start importing Assets/SpriteSheets/player/weapon_bullet.png using Guid(981401dc0bdc6ac428dacba1cdf133fb) Importer(2089858483,b0f066a214c2f5e87bad3c948f4d605d) (ScriptedImporter) -> (artifact id: '3c402b73f5c1604c9d9070d22705f41c') in 0.0432202 seconds
Number of updated asset objects reloaded before import = 0Number of asset objects unloaded after import = 6

========================================================================
Received Import Request.
  Time since last request: 0.000037 seconds.
  path: Assets/Scenes/SampleScene.unity
  artifactKey: Guid(8c9cfa26abfee488c85f1582747f6a02) Importer(2089858483,b0f066a214c2f5e87bad3c948f4d605d)
Start importing Assets/Scenes/SampleScene.unity using Guid(8c9cfa26abfee488c85f1582747f6a02) Importer(2089858483,b0f066a214c2f5e87bad3c948f4d605d) (ScriptedImporter) -> (artifact id: '7ba39b66d8169a3ee6544fc8e9ff574f') in 0.0087887 seconds
Number of updated asset objects reloaded before import = 0Number of asset objects unloaded after import = 1

========================================================================
Received Import Request.
  Time since last request: 0.000031 seconds.
  path: Assets/Prefags/Bullet.prefab
  artifactKey: Guid(1d04c3391303d8c4bbd95ac52f2d2d5c) Importer(2089858483,b0f066a214c2f5e87bad3c948f4d605d)
Start importing Assets/Prefags/Bullet.prefab using Guid(1d04c3391303d8c4bbd95ac52f2d2d5c) Importer(2089858483,b0f066a214c2f5e87bad3c948f4d605d) (ScriptedImporter) -> (artifact id: 'fc887dc347de7206b12ce7295a478fd7') in 0.0268833 seconds
Number of updated asset objects reloaded before import = 0Number of asset objects unloaded after import = 8

========================================================================
Received Prepare
Refreshing native plugins compatible for Editor in 2.65 ms, found 5 plugins.
Preloading 0 native plugins for Editor in 0.00 ms.
Unloading 16 Unused Serialized files (Serialized files now loaded: 0)
Unloading 7155 unused Assets / (4.3 MB). Loaded Objects now: 8217.
Memory consumption went from 160.3 MB to 156.0 MB.
Total: 14.220000 ms (FindLiveObjects: 0.949000 ms CreateObjectMapping: 0.907200 ms MarkObjects: 8.324400 ms  DeleteObjects: 4.037300 ms)

Prepare: number of updated asset objects reloaded= 0
========================================================================
Received Import Request.
  Time since last request: 10.186207 seconds.
  path: Assets/Scripts/AutoShoot.cs
  artifactKey: Guid(adafc00a93ffaa2458f9e9945c50402e) Importer(2089858483,b0f066a214c2f5e87bad3c948f4d605d)
Start importing Assets/Scripts/AutoShoot.cs using Guid(adafc00a93ffaa2458f9e9945c50402e) Importer(2089858483,b0f066a214c2f5e87bad3c948f4d605d) (ScriptedImporter) -> (artifact id: '0d405fcfddc426e9e3adf8a40e0fb216') in 0.0103096 seconds
Number of updated asset objects reloaded before import = 0Number of asset objects unloaded after import = 0

========================================================================
Received Prepare
Begin MonoManager ReloadAssembly
[Licensing::Client] Successfully resolved entitlement details
- Loaded All Assemblies, in  0.981 seconds
Refreshing native plugins compatible for Editor in 2.64 ms, found 5 plugins.
Native extension for WindowsStandalone target not found
[Package Manager] Failed to launch server process. Reason: Unity was launched with the -noUpm command-line argument
[Package Manager] Unable to send message (not connected to server process).
[Package Manager] Cannot connect to Unity Package Manager local server
[Package Manager] Failed to launch server process. Reason: Unity was launched with the -noUpm command-line argument
[Package Manager] Unable to send message (not connected to server process).
[Package Manager] Cannot connect to Unity Package Manager local server
ScheduleIndexationOnStartup MainProcess:False IndexOnStartup:True
Mono: successfully reloaded assembly
- Finished resetting the current domain, in  0.935 seconds
Domain Reload Profiling: 1915ms
	BeginReloadAssembly (263ms)
		ExecutionOrderSort (0ms)
		DisableScriptedObjects (27ms)
		BackupInstance (0ms)
		ReleaseScriptingObjects (0ms)
		CreateAndSetChildDomain (74ms)
	RebuildCommonClasses (44ms)
	RebuildNativeTypeToScriptingClass (19ms)
	initialDomainReloadingComplete (31ms)
	LoadAllAssembliesAndSetupDomain (621ms)
		LoadAssemblies (422ms)
		RebuildTransferFunctionScriptingTraits (0ms)
		AnalyzeDomain (287ms)
			TypeCache.Refresh (13ms)
				TypeCache.ScanAssembly (0ms)
			BuildScriptInfoCaches (253ms)
			ResolveRequiredComponents (15ms)
	FinalizeReload (936ms)
		ReleaseScriptCaches (0ms)
		RebuildScriptCaches (0ms)
		SetupLoadedEditorAssemblies (723ms)
			LogAssemblyErrors (0ms)
			InitializePlatformSupportModulesInManaged (3ms)
			SetLoadedEditorAssemblies (5ms)
			BeforeProcessingInitializeOnLoad (191ms)
			ProcessInitializeOnLoadAttributes (413ms)
			ProcessInitializeOnLoadMethodAttributes (104ms)
			AfterProcessingInitializeOnLoad (8ms)
			EditorAssembliesLoaded (0ms)
		ExecutionOrderSort2 (0ms)
		AwakeInstancesAfterBackupRestoration (19ms)
Refreshing native plugins compatible for Editor in 2.46 ms, found 5 plugins.
Preloading 0 native plugins for Editor in 0.00 ms.
Unloading 16 Unused Serialized files (Serialized files now loaded: 0)
Unloading 7170 unused Assets / (3.6 MB). Loaded Objects now: 8147.
Memory consumption went from 159.7 MB to 156.0 MB.
Total: 11.948700 ms (FindLiveObjects: 1.392400 ms CreateObjectMapping: 0.826600 ms MarkObjects: 6.896000 ms  DeleteObjects: 2.831600 ms)

Prepare: number of updated asset objects reloaded= 0
========================================================================
Received Import Request.
  Time since last request: 9.221629 seconds.
  path: Assets/Scripts/AutoShoot.cs
  artifactKey: Guid(adafc00a93ffaa2458f9e9945c50402e) Importer(815301076,1909f56bfc062723c751e8b465ee728b)
Start importing Assets/Scripts/AutoShoot.cs using Guid(adafc00a93ffaa2458f9e9945c50402e) Importer(815301076,1909f56bfc062723c751e8b465ee728b) (PreviewImporter) -> (artifact id: '00000000000000000000000000000000') in 0.0087257 seconds
Import Error Code:(4)
Message: Build asset version error: assets/scripts/autoshoot.cs in SourceAssetDB has modification time of '2026-05-01T22:03:16.8502543Z' while content on disk has modification time of '2026-05-01T22:03:22.7449712Z'
  ERROR: Build asset version error: assets/scripts/autoshoot.cs in SourceAssetDB has modification time of '2026-05-01T22:03:16.8502543Z' while content on disk has modification time of '2026-05-01T22:03:22.7449712Z'
Number of updated asset objects reloaded before import = 0Number of asset objects unloaded after import = 0

========================================================================
Received Import Request.
  Time since last request: 0.000023 seconds.
  path: Assets/Scripts/AutoShoot.cs
  artifactKey: Guid(adafc00a93ffaa2458f9e9945c50402e) Importer(815301076,1909f56bfc062723c751e8b465ee728b)
Start importing Assets/Scripts/AutoShoot.cs using Guid(adafc00a93ffaa2458f9e9945c50402e) Importer(815301076,1909f56bfc062723c751e8b465ee728b) (PreviewImporter) -> (artifact id: '00000000000000000000000000000000') in 0.0006489 seconds
Import Error Code:(4)
Message: Build asset version error: assets/scripts/autoshoot.cs in SourceAssetDB has modification time of '2026-05-01T22:03:16.8502543Z' while content on disk has modification time of '2026-05-01T22:03:22.7449712Z'
  ERROR: Build asset version error: assets/scripts/autoshoot.cs in SourceAssetDB has modification time of '2026-05-01T22:03:16.8502543Z' while content on disk has modification time of '2026-05-01T22:03:22.7449712Z'
Number of updated asset objects reloaded before import = 0Number of asset objects unloaded after import = 0

========================================================================
Received Import Request.
  Time since last request: 0.000020 seconds.
  path: Assets/Scripts/AutoShoot.cs
  artifactKey: Guid(adafc00a93ffaa2458f9e9945c50402e) Importer(815301076,1909f56bfc062723c751e8b465ee728b)
Start importing Assets/Scripts/AutoShoot.cs using Guid(adafc00a93ffaa2458f9e9945c50402e) Importer(815301076,1909f56bfc062723c751e8b465ee728b) (PreviewImporter) -> (artifact id: '00000000000000000000000000000000') in 0.0005976 seconds
Import Error Code:(4)
Message: Build asset version error: assets/scripts/autoshoot.cs in SourceAssetDB has modification time of '2026-05-01T22:03:16.8502543Z' while content on disk has modification time of '2026-05-01T22:03:22.7449712Z'
  ERROR: Build asset version error: assets/scripts/autoshoot.cs in SourceAssetDB has modification time of '2026-05-01T22:03:16.8502543Z' while content on disk has modification time of '2026-05-01T22:03:22.7449712Z'
Number of updated asset objects reloaded before import = 0Number of asset objects unloaded after import = 0

========================================================================
Received Import Request.
  Time since last request: 0.000026 seconds.
  path: Assets/Scripts/AutoShoot.cs
  artifactKey: Guid(adafc00a93ffaa2458f9e9945c50402e) Importer(815301076,1909f56bfc062723c751e8b465ee728b)
Start importing Assets/Scripts/AutoShoot.cs using Guid(adafc00a93ffaa2458f9e9945c50402e) Importer(815301076,1909f56bfc062723c751e8b465ee728b) (PreviewImporter) -> (artifact id: '00000000000000000000000000000000') in 0.0007545 seconds
Import Error Code:(4)
Message: Build asset version error: assets/scripts/autoshoot.cs in SourceAssetDB has modification time of '2026-05-01T22:03:16.8502543Z' while content on disk has modification time of '2026-05-01T22:03:22.7449712Z'
  ERROR: Build asset version error: assets/scripts/autoshoot.cs in SourceAssetDB has modification time of '2026-05-01T22:03:16.8502543Z' while content on disk has modification time of '2026-05-01T22:03:22.7449712Z'
Number of updated asset objects reloaded before import = 0Number of asset objects unloaded after import = 0

========================================================================
Received Import Request.
  Time since last request: 0.000023 seconds.
  path: Assets/Scripts/AutoShoot.cs
  artifactKey: Guid(adafc00a93ffaa2458f9e9945c50402e) Importer(815301076,1909f56bfc062723c751e8b465ee728b)
Start importing Assets/Scripts/AutoShoot.cs using Guid(adafc00a93ffaa2458f9e9945c50402e) Importer(815301076,1909f56bfc062723c751e8b465ee728b) (PreviewImporter) -> (artifact id: '00000000000000000000000000000000') in 0.0006703 seconds
Import Error Code:(4)
Message: Build asset version error: assets/scripts/autoshoot.cs in SourceAssetDB has modification time of '2026-05-01T22:03:16.8502543Z' while content on disk has modification time of '2026-05-01T22:03:22.7449712Z'
  ERROR: Build asset version error: assets/scripts/autoshoot.cs in SourceAssetDB has modification time of '2026-05-01T22:03:16.8502543Z' while content on disk has modification time of '2026-05-01T22:03:22.7449712Z'
Number of updated asset objects reloaded before import = 0Number of asset objects unloaded after import = 0

========================================================================
Received Import Request.
  Time since last request: 0.000018 seconds.
  path: Assets/Scripts/AutoShoot.cs
  artifactKey: Guid(adafc00a93ffaa2458f9e9945c50402e) Importer(815301076,1909f56bfc062723c751e8b465ee728b)
Start importing Assets/Scripts/AutoShoot.cs using Guid(adafc00a93ffaa2458f9e9945c50402e) Importer(815301076,1909f56bfc062723c751e8b465ee728b) (PreviewImporter) -> (artifact id: '00000000000000000000000000000000') in 0.0006606 seconds
Import Error Code:(4)
Message: Build asset version error: assets/scripts/autoshoot.cs in SourceAssetDB has modification time of '2026-05-01T22:03:16.8502543Z' while content on disk has modification time of '2026-05-01T22:03:22.7449712Z'
  ERROR: Build asset version error: assets/scripts/autoshoot.cs in SourceAssetDB has modification time of '2026-05-01T22:03:16.8502543Z' while content on disk has modification time of '2026-05-01T22:03:22.7449712Z'
Number of updated asset objects reloaded before import = 0Number of asset objects unloaded after import = 0

========================================================================
Received Import Request.
  Time since last request: 0.000023 seconds.
  path: Assets/Scripts/AutoShoot.cs
  artifactKey: Guid(adafc00a93ffaa2458f9e9945c50402e) Importer(815301076,1909f56bfc062723c751e8b465ee728b)
Start importing Assets/Scripts/AutoShoot.cs using Guid(adafc00a93ffaa2458f9e9945c50402e) Importer(815301076,1909f56bfc062723c751e8b465ee728b) (PreviewImporter) -> (artifact id: '00000000000000000000000000000000') in 0.0006502 seconds
Import Error Code:(4)
Message: Build asset version error: assets/scripts/autoshoot.cs in SourceAssetDB has modification time of '2026-05-01T22:03:16.8502543Z' while content on disk has modification time of '2026-05-01T22:03:22.7449712Z'
  ERROR: Build asset version error: assets/scripts/autoshoot.cs in SourceAssetDB has modification time of '2026-05-01T22:03:16.8502543Z' while content on disk has modification time of '2026-05-01T22:03:22.7449712Z'
Number of updated asset objects reloaded before import = 0Number of asset objects unloaded after import = 0

========================================================================
Received Import Request.
  Time since last request: 0.000018 seconds.
  path: Assets/Scripts/AutoShoot.cs
  artifactKey: Guid(adafc00a93ffaa2458f9e9945c50402e) Importer(815301076,1909f56bfc062723c751e8b465ee728b)
Start importing Assets/Scripts/AutoShoot.cs using Guid(adafc00a93ffaa2458f9e9945c50402e) Importer(815301076,1909f56bfc062723c751e8b465ee728b) (PreviewImporter) -> (artifact id: '00000000000000000000000000000000') in 0.0007109 seconds
Import Error Code:(4)
Message: Build asset version error: assets/scripts/autoshoot.cs in SourceAssetDB has modification time of '2026-05-01T22:03:16.8502543Z' while content on disk has modification time of '2026-05-01T22:03:22.7449712Z'
  ERROR: Build asset version error: assets/scripts/autoshoot.cs in SourceAssetDB has modification time of '2026-05-01T22:03:16.8502543Z' while content on disk has modification time of '2026-05-01T22:03:22.7449712Z'
Number of updated asset objects reloaded before import = 0Number of asset objects unloaded after import = 0

========================================================================
Received Import Request.
  Time since last request: 0.000017 seconds.
  path: Assets/Scripts/AutoShoot.cs
  artifactKey: Guid(adafc00a93ffaa2458f9e9945c50402e) Importer(815301076,1909f56bfc062723c751e8b465ee728b)
Start importing Assets/Scripts/AutoShoot.cs using Guid(adafc00a93ffaa2458f9e9945c50402e) Importer(815301076,1909f56bfc062723c751e8b465ee728b) (PreviewImporter) -> (artifact id: '00000000000000000000000000000000') in 0.0006545 seconds
Import Error Code:(4)
Message: Build asset version error: assets/scripts/autoshoot.cs in SourceAssetDB has modification time of '2026-05-01T22:03:16.8502543Z' while content on disk has modification time of '2026-05-01T22:03:22.7449712Z'
  ERROR: Build asset version error: assets/scripts/autoshoot.cs in SourceAssetDB has modification time of '2026-05-01T22:03:16.8502543Z' while content on disk has modification time of '2026-05-01T22:03:22.7449712Z'
Number of updated asset objects reloaded before import = 0Number of asset objects unloaded after import = 0

========================================================================
Received Import Request.
  Time since last request: 0.000023 seconds.
  path: Assets/Scripts/AutoShoot.cs
  artifactKey: Guid(adafc00a93ffaa2458f9e9945c50402e) Importer(815301076,1909f56bfc062723c751e8b465ee728b)
Start importing Assets/Scripts/AutoShoot.cs using Guid(adafc00a93ffaa2458f9e9945c50402e) Importer(815301076,1909f56bfc062723c751e8b465ee728b) (PreviewImporter) -> (artifact id: '00000000000000000000000000000000') in 0.0007007 seconds
Import Error Code:(4)
Message: Build asset version error: assets/scripts/autoshoot.cs in SourceAssetDB has modification time of '2026-05-01T22:03:16.8502543Z' while content on disk has modification time of '2026-05-01T22:03:22.7449712Z'
  ERROR: Build asset version error: assets/scripts/autoshoot.cs in SourceAssetDB has modification time of '2026-05-01T22:03:16.8502543Z' while content on disk has modification time of '2026-05-01T22:03:22.7449712Z'
Number of updated asset objects reloaded before import = 0Number of asset objects unloaded after import = 0

========================================================================
Received Import Request.
  Time since last request: 0.000027 seconds.
  path: Assets/Scripts/AutoShoot.cs
  artifactKey: Guid(adafc00a93ffaa2458f9e9945c50402e) Importer(815301076,1909f56bfc062723c751e8b465ee728b)
Start importing Assets/Scripts/AutoShoot.cs using Guid(adafc00a93ffaa2458f9e9945c50402e) Importer(815301076,1909f56bfc062723c751e8b465ee728b) (PreviewImporter) -> (artifact id: '00000000000000000000000000000000') in 0.0006564 seconds
Import Error Code:(4)
Message: Build asset version error: assets/scripts/autoshoot.cs in SourceAssetDB has modification time of '2026-05-01T22:03:16.8502543Z' while content on disk has modification time of '2026-05-01T22:03:22.7449712Z'
  ERROR: Build asset version error: assets/scripts/autoshoot.cs in SourceAssetDB has modification time of '2026-05-01T22:03:16.8502543Z' while content on disk has modification time of '2026-05-01T22:03:22.7449712Z'
Number of updated asset objects reloaded before import = 0Number of asset objects unloaded after import = 0

========================================================================
Received Import Request.
  Time since last request: 0.000016 seconds.
  path: Assets/Scripts/AutoShoot.cs
  artifactKey: Guid(adafc00a93ffaa2458f9e9945c50402e) Importer(815301076,1909f56bfc062723c751e8b465ee728b)
Start importing Assets/Scripts/AutoShoot.cs using Guid(adafc00a93ffaa2458f9e9945c50402e) Importer(815301076,1909f56bfc062723c751e8b465ee728b) (PreviewImporter) -> (artifact id: '00000000000000000000000000000000') in 0.0006633 seconds
Import Error Code:(4)
Message: Build asset version error: assets/scripts/autoshoot.cs in SourceAssetDB has modification time of '2026-05-01T22:03:16.8502543Z' while content on disk has modification time of '2026-05-01T22:03:22.7449712Z'
  ERROR: Build asset version error: assets/scripts/autoshoot.cs in SourceAssetDB has modification time of '2026-05-01T22:03:16.8502543Z' while content on disk has modification time of '2026-05-01T22:03:22.7449712Z'
Number of updated asset objects reloaded before import = 0Number of asset objects unloaded after import = 0

========================================================================
Received Import Request.
  Time since last request: 0.000019 seconds.
  path: Assets/Scripts/AutoShoot.cs
  artifactKey: Guid(adafc00a93ffaa2458f9e9945c50402e) Importer(815301076,1909f56bfc062723c751e8b465ee728b)
Start importing Assets/Scripts/AutoShoot.cs using Guid(adafc00a93ffaa2458f9e9945c50402e) Importer(815301076,1909f56bfc062723c751e8b465ee728b) (PreviewImporter) -> (artifact id: '00000000000000000000000000000000') in 0.000708 seconds
Import Error Code:(4)
Message: Build asset version error: assets/scripts/autoshoot.cs in SourceAssetDB has modification time of '2026-05-01T22:03:16.8502543Z' while content on disk has modification time of '2026-05-01T22:03:22.7449712Z'
  ERROR: Build asset version error: assets/scripts/autoshoot.cs in SourceAssetDB has modification time of '2026-05-01T22:03:16.8502543Z' while content on disk has modification time of '2026-05-01T22:03:22.7449712Z'
Number of updated asset objects reloaded before import = 0Number of asset objects unloaded after import = 0

========================================================================
Received Import Request.
  Time since last request: 0.000020 seconds.
  path: Assets/Scripts/AutoShoot.cs
  artifactKey: Guid(adafc00a93ffaa2458f9e9945c50402e) Importer(815301076,1909f56bfc062723c751e8b465ee728b)
Start importing Assets/Scripts/AutoShoot.cs using Guid(adafc00a93ffaa2458f9e9945c50402e) Importer(815301076,1909f56bfc062723c751e8b465ee728b) (PreviewImporter) -> (artifact id: '00000000000000000000000000000000') in 0.0006917 seconds
Import Error Code:(4)
Message: Build asset version error: assets/scripts/autoshoot.cs in SourceAssetDB has modification time of '2026-05-01T22:03:16.8502543Z' while content on disk has modification time of '2026-05-01T22:03:22.7449712Z'
  ERROR: Build asset version error: assets/scripts/autoshoot.cs in SourceAssetDB has modification time of '2026-05-01T22:03:16.8502543Z' while content on disk has modification time of '2026-05-01T22:03:22.7449712Z'
Number of updated asset objects reloaded before import = 0Number of asset objects unloaded after import = 0

========================================================================
Received Import Request.
  Time since last request: 0.000015 seconds.
  path: Assets/Scripts/AutoShoot.cs
  artifactKey: Guid(adafc00a93ffaa2458f9e9945c50402e) Importer(815301076,1909f56bfc062723c751e8b465ee728b)
Start importing Assets/Scripts/AutoShoot.cs using Guid(adafc00a93ffaa2458f9e9945c50402e) Importer(815301076,1909f56bfc062723c751e8b465ee728b) (PreviewImporter) -> (artifact id: '00000000000000000000000000000000') in 0.0008883 seconds
Import Error Code:(4)
Message: Build asset version error: assets/scripts/autoshoot.cs in SourceAssetDB has modification time of '2026-05-01T22:03:16.8502543Z' while content on disk has modification time of '2026-05-01T22:03:22.7449712Z'
  ERROR: Build asset version error: assets/scripts/autoshoot.cs in SourceAssetDB has modification time of '2026-05-01T22:03:16.8502543Z' while content on disk has modification time of '2026-05-01T22:03:22.7449712Z'
Number of updated asset objects reloaded before import = 0Number of asset objects unloaded after import = 0

========================================================================
Received Import Request.
  Time since last request: 0.000018 seconds.
  path: Assets/Scripts/AutoShoot.cs
  artifactKey: Guid(adafc00a93ffaa2458f9e9945c50402e) Importer(815301076,1909f56bfc062723c751e8b465ee728b)
Start importing Assets/Scripts/AutoShoot.cs using Guid(adafc00a93ffaa2458f9e9945c50402e) Importer(815301076,1909f56bfc062723c751e8b465ee728b) (PreviewImporter) -> (artifact id: '00000000000000000000000000000000') in 0.000721 seconds
Import Error Code:(4)
Message: Build asset version error: assets/scripts/autoshoot.cs in SourceAssetDB has modification time of '2026-05-01T22:03:16.8502543Z' while content on disk has modification time of '2026-05-01T22:03:22.7449712Z'
  ERROR: Build asset version error: assets/scripts/autoshoot.cs in SourceAssetDB has modification time of '2026-05-01T22:03:16.8502543Z' while content on disk has modification time of '2026-05-01T22:03:22.7449712Z'
Number of updated asset objects reloaded before import = 0Number of asset objects unloaded after import = 0

========================================================================
Received Import Request.
  Time since last request: 0.000028 seconds.
  path: Assets/Scripts/AutoShoot.cs
  artifactKey: Guid(adafc00a93ffaa2458f9e9945c50402e) Importer(815301076,1909f56bfc062723c751e8b465ee728b)
Start importing Assets/Scripts/AutoShoot.cs using Guid(adafc00a93ffaa2458f9e9945c50402e) Importer(815301076,1909f56bfc062723c751e8b465ee728b) (PreviewImporter) -> (artifact id: '00000000000000000000000000000000') in 0.0007003 seconds
Import Error Code:(4)
Message: Build asset version error: assets/scripts/autoshoot.cs in SourceAssetDB has modification time of '2026-05-01T22:03:16.8502543Z' while content on disk has modification time of '2026-05-01T22:03:22.7449712Z'
  ERROR: Build asset version error: assets/scripts/autoshoot.cs in SourceAssetDB has modification time of '2026-05-01T22:03:16.8502543Z' while content on disk has modification time of '2026-05-01T22:03:22.7449712Z'
Number of updated asset objects reloaded before import = 0Number of asset objects unloaded after import = 0

========================================================================
Received Import Request.
  Time since last request: 0.000018 seconds.
  path: Assets/Scripts/AutoShoot.cs
  artifactKey: Guid(adafc00a93ffaa2458f9e9945c50402e) Importer(815301076,1909f56bfc062723c751e8b465ee728b)
Start importing Assets/Scripts/AutoShoot.cs using Guid(adafc00a93ffaa2458f9e9945c50402e) Importer(815301076,1909f56bfc062723c751e8b465ee728b) (PreviewImporter) -> (artifact id: '00000000000000000000000000000000') in 0.0006068 seconds
Import Error Code:(4)
Message: Build asset version error: assets/scripts/autoshoot.cs in SourceAssetDB has modification time of '2026-05-01T22:03:16.8502543Z' while content on disk has modification time of '2026-05-01T22:03:22.7449712Z'
  ERROR: Build asset version error: assets/scripts/autoshoot.cs in SourceAssetDB has modification time of '2026-05-01T22:03:16.8502543Z' while content on disk has modification time of '2026-05-01T22:03:22.7449712Z'
Number of updated asset objects reloaded before import = 0Number of asset objects unloaded after import = 0

========================================================================
Received Import Request.
  Time since last request: 0.000016 seconds.
  path: Assets/Scripts/AutoShoot.cs
  artifactKey: Guid(adafc00a93ffaa2458f9e9945c50402e) Importer(815301076,1909f56bfc062723c751e8b465ee728b)
Start importing Assets/Scripts/AutoShoot.cs using Guid(adafc00a93ffaa2458f9e9945c50402e) Importer(815301076,1909f56bfc062723c751e8b465ee728b) (PreviewImporter) -> (artifact id: '00000000000000000000000000000000') in 0.0008025 seconds
Import Error Code:(4)
Message: Build asset version error: assets/scripts/autoshoot.cs in SourceAssetDB has modification time of '2026-05-01T22:03:16.8502543Z' while content on disk has modification time of '2026-05-01T22:03:22.7449712Z'
  ERROR: Build asset version error: assets/scripts/autoshoot.cs in SourceAssetDB has modification time of '2026-05-01T22:03:16.8502543Z' while content on disk has modification time of '2026-05-01T22:03:22.7449712Z'
Number of updated asset objects reloaded before import = 0Number of asset objects unloaded after import = 0

========================================================================
Received Import Request.
  Time since last request: 0.000018 seconds.
  path: Assets/Scripts/AutoShoot.cs
  artifactKey: Guid(adafc00a93ffaa2458f9e9945c50402e) Importer(815301076,1909f56bfc062723c751e8b465ee728b)
Start importing Assets/Scripts/AutoShoot.cs using Guid(adafc00a93ffaa2458f9e9945c50402e) Importer(815301076,1909f56bfc062723c751e8b465ee728b) (PreviewImporter) -> (artifact id: '00000000000000000000000000000000') in 0.0006603 seconds
Import Error Code:(4)
Message: Build asset version error: assets/scripts/autoshoot.cs in SourceAssetDB has modification time of '2026-05-01T22:03:16.8502543Z' while content on disk has modification time of '2026-05-01T22:03:22.7449712Z'
  ERROR: Build asset version error: assets/scripts/autoshoot.cs in SourceAssetDB has modification time of '2026-05-01T22:03:16.8502543Z' while content on disk has modification time of '2026-05-01T22:03:22.7449712Z'
Number of updated asset objects reloaded before import = 0Number of asset objects unloaded after import = 0

========================================================================
Received Import Request.
  Time since last request: 0.000016 seconds.
  path: Assets/Scripts/AutoShoot.cs
  artifactKey: Guid(adafc00a93ffaa2458f9e9945c50402e) Importer(815301076,1909f56bfc062723c751e8b465ee728b)
Start importing Assets/Scripts/AutoShoot.cs using Guid(adafc00a93ffaa2458f9e9945c50402e) Importer(815301076,1909f56bfc062723c751e8b465ee728b) (PreviewImporter) -> (artifact id: '00000000000000000000000000000000') in 0.0006229 seconds
Import Error Code:(4)
Message: Build asset version error: assets/scripts/autoshoot.cs in SourceAssetDB has modification time of '2026-05-01T22:03:16.8502543Z' while content on disk has modification time of '2026-05-01T22:03:22.7449712Z'
  ERROR: Build asset version error: assets/scripts/autoshoot.cs in SourceAssetDB has modification time of '2026-05-01T22:03:16.8502543Z' while content on disk has modification time of '2026-05-01T22:03:22.7449712Z'
Number of updated asset objects reloaded before import = 0Number of asset objects unloaded after import = 0

========================================================================
Received Import Request.
  Time since last request: 0.000022 seconds.
  path: Assets/Scripts/AutoShoot.cs
  artifactKey: Guid(adafc00a93ffaa2458f9e9945c50402e) Importer(815301076,1909f56bfc062723c751e8b465ee728b)
Start importing Assets/Scripts/AutoShoot.cs using Guid(adafc00a93ffaa2458f9e9945c50402e) Importer(815301076,1909f56bfc062723c751e8b465ee728b) (PreviewImporter) -> (artifact id: '00000000000000000000000000000000') in 0.0008796 seconds
Import Error Code:(4)
Message: Build asset version error: assets/scripts/autoshoot.cs in SourceAssetDB has modification time of '2026-05-01T22:03:16.8502543Z' while content on disk has modification time of '2026-05-01T22:03:22.7449712Z'
  ERROR: Build asset version error: assets/scripts/autoshoot.cs in SourceAssetDB has modification time of '2026-05-01T22:03:16.8502543Z' while content on disk has modification time of '2026-05-01T22:03:22.7449712Z'
Number of updated asset objects reloaded before import = 0Number of asset objects unloaded after import = 0

========================================================================
Received Import Request.
  Time since last request: 0.000031 seconds.
  path: Assets/Scripts/AutoShoot.cs
  artifactKey: Guid(adafc00a93ffaa2458f9e9945c50402e) Importer(815301076,1909f56bfc062723c751e8b465ee728b)
Start importing Assets/Scripts/AutoShoot.cs using Guid(adafc00a93ffaa2458f9e9945c50402e) Importer(815301076,1909f56bfc062723c751e8b465ee728b) (PreviewImporter) -> (artifact id: '00000000000000000000000000000000') in 0.0006765 seconds
Import Error Code:(4)
Message: Build asset version error: assets/scripts/autoshoot.cs in SourceAssetDB has modification time of '2026-05-01T22:03:16.8502543Z' while content on disk has modification time of '2026-05-01T22:03:22.7449712Z'
  ERROR: Build asset version error: assets/scripts/autoshoot.cs in SourceAssetDB has modification time of '2026-05-01T22:03:16.8502543Z' while content on disk has modification time of '2026-05-01T22:03:22.7449712Z'
Number of updated asset objects reloaded before import = 0Number of asset objects unloaded after import = 0

========================================================================
Received Import Request.
  Time since last request: 0.000017 seconds.
  path: Assets/Scripts/AutoShoot.cs
  artifactKey: Guid(adafc00a93ffaa2458f9e9945c50402e) Importer(815301076,1909f56bfc062723c751e8b465ee728b)
Start importing Assets/Scripts/AutoShoot.cs using Guid(adafc00a93ffaa2458f9e9945c50402e) Importer(815301076,1909f56bfc062723c751e8b465ee728b) (PreviewImporter) -> (artifact id: '00000000000000000000000000000000') in 0.0007115 seconds
Import Error Code:(4)
Message: Build asset version error: assets/scripts/autoshoot.cs in SourceAssetDB has modification time of '2026-05-01T22:03:16.8502543Z' while content on disk has modification time of '2026-05-01T22:03:22.7449712Z'
  ERROR: Build asset version error: assets/scripts/autoshoot.cs in SourceAssetDB has modification time of '2026-05-01T22:03:16.8502543Z' while content on disk has modification time of '2026-05-01T22:03:22.7449712Z'
Number of updated asset objects reloaded before import = 0Number of asset objects unloaded after import = 0

========================================================================
Received Import Request.
  Time since last request: 0.000019 seconds.
  path: Assets/Scripts/AutoShoot.cs
  artifactKey: Guid(adafc00a93ffaa2458f9e9945c50402e) Importer(815301076,1909f56bfc062723c751e8b465ee728b)
Start importing Assets/Scripts/AutoShoot.cs using Guid(adafc00a93ffaa2458f9e9945c50402e) Importer(815301076,1909f56bfc062723c751e8b465ee728b) (PreviewImporter) -> (artifact id: '00000000000000000000000000000000') in 0.0006033 seconds
Import Error Code:(4)
Message: Build asset version error: assets/scripts/autoshoot.cs in SourceAssetDB has modification time of '2026-05-01T22:03:16.8502543Z' while content on disk has modification time of '2026-05-01T22:03:22.7449712Z'
  ERROR: Build asset version error: assets/scripts/autoshoot.cs in SourceAssetDB has modification time of '2026-05-01T22:03:16.8502543Z' while content on disk has modification time of '2026-05-01T22:03:22.7449712Z'
Number of updated asset objects reloaded before import = 0Number of asset objects unloaded after import = 0

========================================================================
Received Import Request.
  Time since last request: 0.000023 seconds.
  path: Assets/Scripts/AutoShoot.cs
  artifactKey: Guid(adafc00a93ffaa2458f9e9945c50402e) Importer(815301076,1909f56bfc062723c751e8b465ee728b)
Start importing Assets/Scripts/AutoShoot.cs using Guid(adafc00a93ffaa2458f9e9945c50402e) Importer(815301076,1909f56bfc062723c751e8b465ee728b) (PreviewImporter) -> (artifact id: '00000000000000000000000000000000') in 0.0006304 seconds
Import Error Code:(4)
Message: Build asset version error: assets/scripts/autoshoot.cs in SourceAssetDB has modification time of '2026-05-01T22:03:16.8502543Z' while content on disk has modification time of '2026-05-01T22:03:22.7449712Z'
  ERROR: Build asset version error: assets/scripts/autoshoot.cs in SourceAssetDB has modification time of '2026-05-01T22:03:16.8502543Z' while content on disk has modification time of '2026-05-01T22:03:22.7449712Z'
Number of updated asset objects reloaded before import = 0Number of asset objects unloaded after import = 0

========================================================================
Received Import Request.
  Time since last request: 0.000015 seconds.
  path: Assets/Scripts/AutoShoot.cs
  artifactKey: Guid(adafc00a93ffaa2458f9e9945c50402e) Importer(815301076,1909f56bfc062723c751e8b465ee728b)
Start importing Assets/Scripts/AutoShoot.cs using Guid(adafc00a93ffaa2458f9e9945c50402e) Importer(815301076,1909f56bfc062723c751e8b465ee728b) (PreviewImporter) -> (artifact id: '00000000000000000000000000000000') in 0.0006782 seconds
Import Error Code:(4)
Message: Build asset version error: assets/scripts/autoshoot.cs in SourceAssetDB has modification time of '2026-05-01T22:03:16.8502543Z' while content on disk has modification time of '2026-05-01T22:03:22.7449712Z'
  ERROR: Build asset version error: assets/scripts/autoshoot.cs in SourceAssetDB has modification time of '2026-05-01T22:03:16.8502543Z' while content on disk has modification time of '2026-05-01T22:03:22.7449712Z'
Number of updated asset objects reloaded before import = 0Number of asset objects unloaded after import = 0

========================================================================
Received Import Request.
  Time since last request: 0.000017 seconds.
  path: Assets/Scripts/AutoShoot.cs
  artifactKey: Guid(adafc00a93ffaa2458f9e9945c50402e) Importer(815301076,1909f56bfc062723c751e8b465ee728b)
Start importing Assets/Scripts/AutoShoot.cs using Guid(adafc00a93ffaa2458f9e9945c50402e) Importer(815301076,1909f56bfc062723c751e8b465ee728b) (PreviewImporter) -> (artifact id: '00000000000000000000000000000000') in 0.000647 seconds
Import Error Code:(4)
Message: Build asset version error: assets/scripts/autoshoot.cs in SourceAssetDB has modification time of '2026-05-01T22:03:16.8502543Z' while content on disk has modification time of '2026-05-01T22:03:22.7449712Z'
  ERROR: Build asset version error: assets/scripts/autoshoot.cs in SourceAssetDB has modification time of '2026-05-01T22:03:16.8502543Z' while content on disk has modification time of '2026-05-01T22:03:22.7449712Z'
Number of updated asset objects reloaded before import = 0Number of asset objects unloaded after import = 0

========================================================================
Received Import Request.
  Time since last request: 0.000027 seconds.
  path: Assets/Scripts/AutoShoot.cs
  artifactKey: Guid(adafc00a93ffaa2458f9e9945c50402e) Importer(815301076,1909f56bfc062723c751e8b465ee728b)
Start importing Assets/Scripts/AutoShoot.cs using Guid(adafc00a93ffaa2458f9e9945c50402e) Importer(815301076,1909f56bfc062723c751e8b465ee728b) (PreviewImporter) -> (artifact id: '00000000000000000000000000000000') in 0.0007844 seconds
Import Error Code:(4)
Message: Build asset version error: assets/scripts/autoshoot.cs in SourceAssetDB has modification time of '2026-05-01T22:03:16.8502543Z' while content on disk has modification time of '2026-05-01T22:03:22.7449712Z'
  ERROR: Build asset version error: assets/scripts/autoshoot.cs in SourceAssetDB has modification time of '2026-05-01T22:03:16.8502543Z' while content on disk has modification time of '2026-05-01T22:03:22.7449712Z'
Number of updated asset objects reloaded before import = 0Number of asset objects unloaded after import = 0

========================================================================
Received Import Request.
  Time since last request: 0.000017 seconds.
  path: Assets/Scripts/AutoShoot.cs
  artifactKey: Guid(adafc00a93ffaa2458f9e9945c50402e) Importer(815301076,1909f56bfc062723c751e8b465ee728b)
Start importing Assets/Scripts/AutoShoot.cs using Guid(adafc00a93ffaa2458f9e9945c50402e) Importer(815301076,1909f56bfc062723c751e8b465ee728b) (PreviewImporter) -> (artifact id: '00000000000000000000000000000000') in 0.0008224 seconds
Import Error Code:(4)
Message: Build asset version error: assets/scripts/autoshoot.cs in SourceAssetDB has modification time of '2026-05-01T22:03:16.8502543Z' while content on disk has modification time of '2026-05-01T22:03:22.7449712Z'
  ERROR: Build asset version error: assets/scripts/autoshoot.cs in SourceAssetDB has modification time of '2026-05-01T22:03:16.8502543Z' while content on disk has modification time of '2026-05-01T22:03:22.7449712Z'
Number of updated asset objects reloaded before import = 0Number of asset objects unloaded after import = 0

========================================================================
Received Import Request.
  Time since last request: 0.000015 seconds.
  path: Assets/Scripts/AutoShoot.cs
  artifactKey: Guid(adafc00a93ffaa2458f9e9945c50402e) Importer(815301076,1909f56bfc062723c751e8b465ee728b)
Start importing Assets/Scripts/AutoShoot.cs using Guid(adafc00a93ffaa2458f9e9945c50402e) Importer(815301076,1909f56bfc062723c751e8b465ee728b) (PreviewImporter) -> (artifact id: '00000000000000000000000000000000') in 0.0006987 seconds
Import Error Code:(4)
Message: Build asset version error: assets/scripts/autoshoot.cs in SourceAssetDB has modification time of '2026-05-01T22:03:16.8502543Z' while content on disk has modification time of '2026-05-01T22:03:22.7449712Z'
  ERROR: Build asset version error: assets/scripts/autoshoot.cs in SourceAssetDB has modification time of '2026-05-01T22:03:16.8502543Z' while content on disk has modification time of '2026-05-01T22:03:22.7449712Z'
Number of updated asset objects reloaded before import = 0Number of asset objects unloaded after import = 0

========================================================================
Received Import Request.
  Time since last request: 0.000017 seconds.
  path: Assets/Scripts/AutoShoot.cs
  artifactKey: Guid(adafc00a93ffaa2458f9e9945c50402e) Importer(815301076,1909f56bfc062723c751e8b465ee728b)
Start importing Assets/Scripts/AutoShoot.cs using Guid(adafc00a93ffaa2458f9e9945c50402e) Importer(815301076,1909f56bfc062723c751e8b465ee728b) (PreviewImporter) -> (artifact id: '00000000000000000000000000000000') in 0.0007613 seconds
Import Error Code:(4)
Message: Build asset version error: assets/scripts/autoshoot.cs in SourceAssetDB has modification time of '2026-05-01T22:03:16.8502543Z' while content on disk has modification time of '2026-05-01T22:03:22.7449712Z'
  ERROR: Build asset version error: assets/scripts/autoshoot.cs in SourceAssetDB has modification time of '2026-05-01T22:03:16.8502543Z' while content on disk has modification time of '2026-05-01T22:03:22.7449712Z'
Number of updated asset objects reloaded before import = 0Number of asset objects unloaded after import = 0

========================================================================
Received Import Request.
  Time since last request: 0.000016 seconds.
  path: Assets/Scripts/AutoShoot.cs
  artifactKey: Guid(adafc00a93ffaa2458f9e9945c50402e) Importer(815301076,1909f56bfc062723c751e8b465ee728b)
Start importing Assets/Scripts/AutoShoot.cs using Guid(adafc00a93ffaa2458f9e9945c50402e) Importer(815301076,1909f56bfc062723c751e8b465ee728b) (PreviewImporter) -> (artifact id: '00000000000000000000000000000000') in 0.0008028 seconds
Import Error Code:(4)
Message: Build asset version error: assets/scripts/autoshoot.cs in SourceAssetDB has modification time of '2026-05-01T22:03:16.8502543Z' while content on disk has modification time of '2026-05-01T22:03:22.7449712Z'
  ERROR: Build asset version error: assets/scripts/autoshoot.cs in SourceAssetDB has modification time of '2026-05-01T22:03:16.8502543Z' while content on disk has modification time of '2026-05-01T22:03:22.7449712Z'
Number of updated asset objects reloaded before import = 0Number of asset objects unloaded after import = 0

========================================================================
Received Import Request.
  Time since last request: 0.000025 seconds.
  path: Assets/Scripts/AutoShoot.cs
  artifactKey: Guid(adafc00a93ffaa2458f9e9945c50402e) Importer(815301076,1909f56bfc062723c751e8b465ee728b)
Start importing Assets/Scripts/AutoShoot.cs using Guid(adafc00a93ffaa2458f9e9945c50402e) Importer(815301076,1909f56bfc062723c751e8b465ee728b) (PreviewImporter) -> (artifact id: '00000000000000000000000000000000') in 0.000663 seconds
Import Error Code:(4)
Message: Build asset version error: assets/scripts/autoshoot.cs in SourceAssetDB has modification time of '2026-05-01T22:03:16.8502543Z' while content on disk has modification time of '2026-05-01T22:03:22.7449712Z'
  ERROR: Build asset version error: assets/scripts/autoshoot.cs in SourceAssetDB has modification time of '2026-05-01T22:03:16.8502543Z' while content on disk has modification time of '2026-05-01T22:03:22.7449712Z'
Number of updated asset objects reloaded before import = 0Number of asset objects unloaded after import = 0

========================================================================
Received Import Request.
  Time since last request: 0.000033 seconds.
  path: Assets/Scripts/AutoShoot.cs
  artifactKey: Guid(adafc00a93ffaa2458f9e9945c50402e) Importer(815301076,1909f56bfc062723c751e8b465ee728b)
Start importing Assets/Scripts/AutoShoot.cs using Guid(adafc00a93ffaa2458f9e9945c50402e) Importer(815301076,1909f56bfc062723c751e8b465ee728b) (PreviewImporter) -> (artifact id: '00000000000000000000000000000000') in 0.0007485 seconds
Import Error Code:(4)
Message: Build asset version error: assets/scripts/autoshoot.cs in SourceAssetDB has modification time of '2026-05-01T22:03:16.8502543Z' while content on disk has modification time of '2026-05-01T22:03:22.7449712Z'
  ERROR: Build asset version error: assets/scripts/autoshoot.cs in SourceAssetDB has modification time of '2026-05-01T22:03:16.8502543Z' while content on disk has modification time of '2026-05-01T22:03:22.7449712Z'
Number of updated asset objects reloaded before import = 0Number of asset objects unloaded after import = 0

========================================================================
Received Import Request.
  Time since last request: 0.000014 seconds.
  path: Assets/Scripts/AutoShoot.cs
  artifactKey: Guid(adafc00a93ffaa2458f9e9945c50402e) Importer(815301076,1909f56bfc062723c751e8b465ee728b)
Start importing Assets/Scripts/AutoShoot.cs using Guid(adafc00a93ffaa2458f9e9945c50402e) Importer(815301076,1909f56bfc062723c751e8b465ee728b) (PreviewImporter) -> (artifact id: '00000000000000000000000000000000') in 0.000718 seconds
Import Error Code:(4)
Message: Build asset version error: assets/scripts/autoshoot.cs in SourceAssetDB has modification time of '2026-05-01T22:03:16.8502543Z' while content on disk has modification time of '2026-05-01T22:03:22.7449712Z'
  ERROR: Build asset version error: assets/scripts/autoshoot.cs in SourceAssetDB has modification time of '2026-05-01T22:03:16.8502543Z' while content on disk has modification time of '2026-05-01T22:03:22.7449712Z'
Number of updated asset objects reloaded before import = 0Number of asset objects unloaded after import = 0

========================================================================
Received Import Request.
  Time since last request: 0.000015 seconds.
  path: Assets/Scripts/AutoShoot.cs
  artifactKey: Guid(adafc00a93ffaa2458f9e9945c50402e) Importer(815301076,1909f56bfc062723c751e8b465ee728b)
Start importing Assets/Scripts/AutoShoot.cs using Guid(adafc00a93ffaa2458f9e9945c50402e) Importer(815301076,1909f56bfc062723c751e8b465ee728b) (PreviewImporter) -> (artifact id: '00000000000000000000000000000000') in 0.0006179 seconds
Import Error Code:(4)
Message: Build asset version error: assets/scripts/autoshoot.cs in SourceAssetDB has modification time of '2026-05-01T22:03:16.8502543Z' while content on disk has modification time of '2026-05-01T22:03:22.7449712Z'
  ERROR: Build asset version error: assets/scripts/autoshoot.cs in SourceAssetDB has modification time of '2026-05-01T22:03:16.8502543Z' while content on disk has modification time of '2026-05-01T22:03:22.7449712Z'
Number of updated asset objects reloaded before import = 0Number of asset objects unloaded after import = 0

========================================================================
Received Import Request.
  Time since last request: 0.000018 seconds.
  path: Assets/Scripts/AutoShoot.cs
  artifactKey: Guid(adafc00a93ffaa2458f9e9945c50402e) Importer(815301076,1909f56bfc062723c751e8b465ee728b)
Start importing Assets/Scripts/AutoShoot.cs using Guid(adafc00a93ffaa2458f9e9945c50402e) Importer(815301076,1909f56bfc062723c751e8b465ee728b) (PreviewImporter) -> (artifact id: '00000000000000000000000000000000') in 0.0008861 seconds
Import Error Code:(4)
Message: Build asset version error: assets/scripts/autoshoot.cs in SourceAssetDB has modification time of '2026-05-01T22:03:16.8502543Z' while content on disk has modification time of '2026-05-01T22:03:22.7449712Z'
  ERROR: Build asset version error: assets/scripts/autoshoot.cs in SourceAssetDB has modification time of '2026-05-01T22:03:16.8502543Z' while content on disk has modification time of '2026-05-01T22:03:22.7449712Z'
Number of updated asset objects reloaded before import = 0Number of asset objects unloaded after import = 0

========================================================================
Received Import Request.
  Time since last request: 0.000019 seconds.
  path: Assets/Scripts/AutoShoot.cs
  artifactKey: Guid(adafc00a93ffaa2458f9e9945c50402e) Importer(815301076,1909f56bfc062723c751e8b465ee728b)
Start importing Assets/Scripts/AutoShoot.cs using Guid(adafc00a93ffaa2458f9e9945c50402e) Importer(815301076,1909f56bfc062723c751e8b465ee728b) (PreviewImporter) -> (artifact id: '00000000000000000000000000000000') in 0.0008223 seconds
Import Error Code:(4)
Message: Build asset version error: assets/scripts/autoshoot.cs in SourceAssetDB has modification time of '2026-05-01T22:03:16.8502543Z' while content on disk has modification time of '2026-05-01T22:03:22.7449712Z'
  ERROR: Build asset version error: assets/scripts/autoshoot.cs in SourceAssetDB has modification time of '2026-05-01T22:03:16.8502543Z' while content on disk has modification time of '2026-05-01T22:03:22.7449712Z'
Number of updated asset objects reloaded before import = 0Number of asset objects unloaded after import = 0

========================================================================
Received Import Request.
  Time since last request: 0.000021 seconds.
  path: Assets/Scripts/AutoShoot.cs
  artifactKey: Guid(adafc00a93ffaa2458f9e9945c50402e) Importer(815301076,1909f56bfc062723c751e8b465ee728b)
Start importing Assets/Scripts/AutoShoot.cs using Guid(adafc00a93ffaa2458f9e9945c50402e) Importer(815301076,1909f56bfc062723c751e8b465ee728b) (PreviewImporter) -> (artifact id: '00000000000000000000000000000000') in 0.0006571 seconds
Import Error Code:(4)
Message: Build asset version error: assets/scripts/autoshoot.cs in SourceAssetDB has modification time of '2026-05-01T22:03:16.8502543Z' while content on disk has modification time of '2026-05-01T22:03:22.7449712Z'
  ERROR: Build asset version error: assets/scripts/autoshoot.cs in SourceAssetDB has modification time of '2026-05-01T22:03:16.8502543Z' while content on disk has modification time of '2026-05-01T22:03:22.7449712Z'
Number of updated asset objects reloaded before import = 0Number of asset objects unloaded after import = 0

========================================================================
Received Import Request.
  Time since last request: 0.000028 seconds.
  path: Assets/Scripts/AutoShoot.cs
  artifactKey: Guid(adafc00a93ffaa2458f9e9945c50402e) Importer(815301076,1909f56bfc062723c751e8b465ee728b)
Start importing Assets/Scripts/AutoShoot.cs using Guid(adafc00a93ffaa2458f9e9945c50402e) Importer(815301076,1909f56bfc062723c751e8b465ee728b) (PreviewImporter) -> (artifact id: '00000000000000000000000000000000') in 0.0006853 seconds
Import Error Code:(4)
Message: Build asset version error: assets/scripts/autoshoot.cs in SourceAssetDB has modification time of '2026-05-01T22:03:16.8502543Z' while content on disk has modification time of '2026-05-01T22:03:22.7449712Z'
  ERROR: Build asset version error: assets/scripts/autoshoot.cs in SourceAssetDB has modification time of '2026-05-01T22:03:16.8502543Z' while content on disk has modification time of '2026-05-01T22:03:22.7449712Z'
Number of updated asset objects reloaded before import = 0Number of asset objects unloaded after import = 0

========================================================================
Received Import Request.
  Time since last request: 0.000017 seconds.
  path: Assets/Scripts/AutoShoot.cs
  artifactKey: Guid(adafc00a93ffaa2458f9e9945c50402e) Importer(815301076,1909f56bfc062723c751e8b465ee728b)
Start importing Assets/Scripts/AutoShoot.cs using Guid(adafc00a93ffaa2458f9e9945c50402e) Importer(815301076,1909f56bfc062723c751e8b465ee728b) (PreviewImporter) -> (artifact id: '00000000000000000000000000000000') in 0.0006865 seconds
Import Error Code:(4)
Message: Build asset version error: assets/scripts/autoshoot.cs in SourceAssetDB has modification time of '2026-05-01T22:03:16.8502543Z' while content on disk has modification time of '2026-05-01T22:03:22.7449712Z'
  ERROR: Build asset version error: assets/scripts/autoshoot.cs in SourceAssetDB has modification time of '2026-05-01T22:03:16.8502543Z' while content on disk has modification time of '2026-05-01T22:03:22.7449712Z'
Number of updated asset objects reloaded before import = 0Number of asset objects unloaded after import = 0

========================================================================
Received Import Request.
  Time since last request: 0.000017 seconds.
  path: Assets/Scripts/AutoShoot.cs
  artifactKey: Guid(adafc00a93ffaa2458f9e9945c50402e) Importer(815301076,1909f56bfc062723c751e8b465ee728b)
Start importing Assets/Scripts/AutoShoot.cs using Guid(adafc00a93ffaa2458f9e9945c50402e) Importer(815301076,1909f56bfc062723c751e8b465ee728b) (PreviewImporter) -> (artifact id: '00000000000000000000000000000000') in 0.0006428 seconds
Import Error Code:(4)
Message: Build asset version error: assets/scripts/autoshoot.cs in SourceAssetDB has modification time of '2026-05-01T22:03:16.8502543Z' while content on disk has modification time of '2026-05-01T22:03:22.7449712Z'
  ERROR: Build asset version error: assets/scripts/autoshoot.cs in SourceAssetDB has modification time of '2026-05-01T22:03:16.8502543Z' while content on disk has modification time of '2026-05-01T22:03:22.7449712Z'
Number of updated asset objects reloaded before import = 0Number of asset objects unloaded after import = 0

========================================================================
Received Import Request.
  Time since last request: 0.000017 seconds.
  path: Assets/Scripts/AutoShoot.cs
  artifactKey: Guid(adafc00a93ffaa2458f9e9945c50402e) Importer(815301076,1909f56bfc062723c751e8b465ee728b)
Start importing Assets/Scripts/AutoShoot.cs using Guid(adafc00a93ffaa2458f9e9945c50402e) Importer(815301076,1909f56bfc062723c751e8b465ee728b) (PreviewImporter) -> (artifact id: '00000000000000000000000000000000') in 0.0008079 seconds
Import Error Code:(4)
Message: Build asset version error: assets/scripts/autoshoot.cs in SourceAssetDB has modification time of '2026-05-01T22:03:16.8502543Z' while content on disk has modification time of '2026-05-01T22:03:22.7449712Z'
  ERROR: Build asset version error: assets/scripts/autoshoot.cs in SourceAssetDB has modification time of '2026-05-01T22:03:16.8502543Z' while content on disk has modification time of '2026-05-01T22:03:22.7449712Z'
Number of updated asset objects reloaded before import = 0Number of asset objects unloaded after import = 0

========================================================================
Received Import Request.
  Time since last request: 0.000014 seconds.
  path: Assets/Scripts/AutoShoot.cs
  artifactKey: Guid(adafc00a93ffaa2458f9e9945c50402e) Importer(815301076,1909f56bfc062723c751e8b465ee728b)
Start importing Assets/Scripts/AutoShoot.cs using Guid(adafc00a93ffaa2458f9e9945c50402e) Importer(815301076,1909f56bfc062723c751e8b465ee728b) (PreviewImporter) -> (artifact id: '00000000000000000000000000000000') in 0.0007733 seconds
Import Error Code:(4)
Message: Build asset version error: assets/scripts/autoshoot.cs in SourceAssetDB has modification time of '2026-05-01T22:03:16.8502543Z' while content on disk has modification time of '2026-05-01T22:03:22.7449712Z'
  ERROR: Build asset version error: assets/scripts/autoshoot.cs in SourceAssetDB has modification time of '2026-05-01T22:03:16.8502543Z' while content on disk has modification time of '2026-05-01T22:03:22.7449712Z'
Number of updated asset objects reloaded before import = 0Number of asset objects unloaded after import = 0

========================================================================
Received Import Request.
  Time since last request: 0.000019 seconds.
  path: Assets/Scripts/AutoShoot.cs
  artifactKey: Guid(adafc00a93ffaa2458f9e9945c50402e) Importer(815301076,1909f56bfc062723c751e8b465ee728b)
Start importing Assets/Scripts/AutoShoot.cs using Guid(adafc00a93ffaa2458f9e9945c50402e) Importer(815301076,1909f56bfc062723c751e8b465ee728b) (PreviewImporter) -> (artifact id: '00000000000000000000000000000000') in 0.0006401 seconds
Import Error Code:(4)
Message: Build asset version error: assets/scripts/autoshoot.cs in SourceAssetDB has modification time of '2026-05-01T22:03:16.8502543Z' while content on disk has modification time of '2026-05-01T22:03:22.7449712Z'
  ERROR: Build asset version error: assets/scripts/autoshoot.cs in SourceAssetDB has modification time of '2026-05-01T22:03:16.8502543Z' while content on disk has modification time of '2026-05-01T22:03:22.7449712Z'
Number of updated asset objects reloaded before import = 0Number of asset objects unloaded after import = 0

========================================================================
Received Import Request.
  Time since last request: 0.000025 seconds.
  path: Assets/Scripts/AutoShoot.cs
  artifactKey: Guid(adafc00a93ffaa2458f9e9945c50402e) Importer(815301076,1909f56bfc062723c751e8b465ee728b)
Start importing Assets/Scripts/AutoShoot.cs using Guid(adafc00a93ffaa2458f9e9945c50402e) Importer(815301076,1909f56bfc062723c751e8b465ee728b) (PreviewImporter) -> (artifact id: '00000000000000000000000000000000') in 0.0006351 seconds
Import Error Code:(4)
Message: Build asset version error: assets/scripts/autoshoot.cs in SourceAssetDB has modification time of '2026-05-01T22:03:16.8502543Z' while content on disk has modification time of '2026-05-01T22:03:22.7449712Z'
  ERROR: Build asset version error: assets/scripts/autoshoot.cs in SourceAssetDB has modification time of '2026-05-01T22:03:16.8502543Z' while content on disk has modification time of '2026-05-01T22:03:22.7449712Z'
Number of updated asset objects reloaded before import = 0Number of asset objects unloaded after import = 0

========================================================================
Received Import Request.
  Time since last request: 0.000017 seconds.
  path: Assets/Scripts/AutoShoot.cs
  artifactKey: Guid(adafc00a93ffaa2458f9e9945c50402e) Importer(815301076,1909f56bfc062723c751e8b465ee728b)
Start importing Assets/Scripts/AutoShoot.cs using Guid(adafc00a93ffaa2458f9e9945c50402e) Importer(815301076,1909f56bfc062723c751e8b465ee728b) (PreviewImporter) -> (artifact id: '00000000000000000000000000000000') in 0.0007849 seconds
Import Error Code:(4)
Message: Build asset version error: assets/scripts/autoshoot.cs in SourceAssetDB has modification time of '2026-05-01T22:03:16.8502543Z' while content on disk has modification time of '2026-05-01T22:03:22.7449712Z'
  ERROR: Build asset version error: assets/scripts/autoshoot.cs in SourceAssetDB has modification time of '2026-05-01T22:03:16.8502543Z' while content on disk has modification time of '2026-05-01T22:03:22.7449712Z'
Number of updated asset objects reloaded before import = 0Number of asset objects unloaded after import = 0

========================================================================
Received Import Request.
  Time since last request: 0.000016 seconds.
  path: Assets/Scripts/AutoShoot.cs
  artifactKey: Guid(adafc00a93ffaa2458f9e9945c50402e) Importer(815301076,1909f56bfc062723c751e8b465ee728b)
Start importing Assets/Scripts/AutoShoot.cs using Guid(adafc00a93ffaa2458f9e9945c50402e) Importer(815301076,1909f56bfc062723c751e8b465ee728b) (PreviewImporter) -> (artifact id: '00000000000000000000000000000000') in 0.000739 seconds
Import Error Code:(4)
Message: Build asset version error: assets/scripts/autoshoot.cs in SourceAssetDB has modification time of '2026-05-01T22:03:16.8502543Z' while content on disk has modification time of '2026-05-01T22:03:22.7449712Z'
  ERROR: Build asset version error: assets/scripts/autoshoot.cs in SourceAssetDB has modification time of '2026-05-01T22:03:16.8502543Z' while content on disk has modification time of '2026-05-01T22:03:22.7449712Z'
Number of updated asset objects reloaded before import = 0Number of asset objects unloaded after import = 0

========================================================================
Received Import Request.
  Time since last request: 0.000014 seconds.
  path: Assets/Scripts/AutoShoot.cs
  artifactKey: Guid(adafc00a93ffaa2458f9e9945c50402e) Importer(815301076,1909f56bfc062723c751e8b465ee728b)
Start importing Assets/Scripts/AutoShoot.cs using Guid(adafc00a93ffaa2458f9e9945c50402e) Importer(815301076,1909f56bfc062723c751e8b465ee728b) (PreviewImporter) -> (artifact id: '00000000000000000000000000000000') in 0.0006317 seconds
Import Error Code:(4)
Message: Build asset version error: assets/scripts/autoshoot.cs in SourceAssetDB has modification time of '2026-05-01T22:03:16.8502543Z' while content on disk has modification time of '2026-05-01T22:03:22.7449712Z'
  ERROR: Build asset version error: assets/scripts/autoshoot.cs in SourceAssetDB has modification time of '2026-05-01T22:03:16.8502543Z' while content on disk has modification time of '2026-05-01T22:03:22.7449712Z'
Number of updated asset objects reloaded before import = 0Number of asset objects unloaded after import = 0

========================================================================
Received Import Request.
  Time since last request: 0.000015 seconds.
  path: Assets/Scripts/AutoShoot.cs
  artifactKey: Guid(adafc00a93ffaa2458f9e9945c50402e) Importer(815301076,1909f56bfc062723c751e8b465ee728b)
Start importing Assets/Scripts/AutoShoot.cs using Guid(adafc00a93ffaa2458f9e9945c50402e) Importer(815301076,1909f56bfc062723c751e8b465ee728b) (PreviewImporter) -> (artifact id: '00000000000000000000000000000000') in 0.0006736 seconds
Import Error Code:(4)
Message: Build asset version error: assets/scripts/autoshoot.cs in SourceAssetDB has modification time of '2026-05-01T22:03:16.8502543Z' while content on disk has modification time of '2026-05-01T22:03:22.7449712Z'
  ERROR: Build asset version error: assets/scripts/autoshoot.cs in SourceAssetDB has modification time of '2026-05-01T22:03:16.8502543Z' while content on disk has modification time of '2026-05-01T22:03:22.7449712Z'
Number of updated asset objects reloaded before import = 0Number of asset objects unloaded after import = 0

========================================================================
Received Import Request.
  Time since last request: 0.000019 seconds.
  path: Assets/Scripts/AutoShoot.cs
  artifactKey: Guid(adafc00a93ffaa2458f9e9945c50402e) Importer(815301076,1909f56bfc062723c751e8b465ee728b)
Start importing Assets/Scripts/AutoShoot.cs using Guid(adafc00a93ffaa2458f9e9945c50402e) Importer(815301076,1909f56bfc062723c751e8b465ee728b) (PreviewImporter) -> (artifact id: '00000000000000000000000000000000') in 0.0007022 seconds
Import Error Code:(4)
Message: Build asset version error: assets/scripts/autoshoot.cs in SourceAssetDB has modification time of '2026-05-01T22:03:16.8502543Z' while content on disk has modification time of '2026-05-01T22:03:22.7449712Z'
  ERROR: Build asset version error: assets/scripts/autoshoot.cs in SourceAssetDB has modification time of '2026-05-01T22:03:16.8502543Z' while content on disk has modification time of '2026-05-01T22:03:22.7449712Z'
Number of updated asset objects reloaded before import = 0Number of asset objects unloaded after import = 0

========================================================================
Received Import Request.
  Time since last request: 0.000028 seconds.
  path: Assets/Scripts/AutoShoot.cs
  artifactKey: Guid(adafc00a93ffaa2458f9e9945c50402e) Importer(815301076,1909f56bfc062723c751e8b465ee728b)
Start importing Assets/Scripts/AutoShoot.cs using Guid(adafc00a93ffaa2458f9e9945c50402e) Importer(815301076,1909f56bfc062723c751e8b465ee728b) (PreviewImporter) -> (artifact id: '00000000000000000000000000000000') in 0.0008586 seconds
Import Error Code:(4)
Message: Build asset version error: assets/scripts/autoshoot.cs in SourceAssetDB has modification time of '2026-05-01T22:03:16.8502543Z' while content on disk has modification time of '2026-05-01T22:03:22.7449712Z'
  ERROR: Build asset version error: assets/scripts/autoshoot.cs in SourceAssetDB has modification time of '2026-05-01T22:03:16.8502543Z' while content on disk has modification time of '2026-05-01T22:03:22.7449712Z'
Number of updated asset objects reloaded before import = 0Number of asset objects unloaded after import = 0

========================================================================
Received Import Request.
  Time since last request: 0.000018 seconds.
  path: Assets/Scripts/AutoShoot.cs
  artifactKey: Guid(adafc00a93ffaa2458f9e9945c50402e) Importer(815301076,1909f56bfc062723c751e8b465ee728b)
Start importing Assets/Scripts/AutoShoot.cs using Guid(adafc00a93ffaa2458f9e9945c50402e) Importer(815301076,1909f56bfc062723c751e8b465ee728b) (PreviewImporter) -> (artifact id: '00000000000000000000000000000000') in 0.0007736 seconds
Import Error Code:(4)
Message: Build asset version error: assets/scripts/autoshoot.cs in SourceAssetDB has modification time of '2026-05-01T22:03:16.8502543Z' while content on disk has modification time of '2026-05-01T22:03:22.7449712Z'
  ERROR: Build asset version error: assets/scripts/autoshoot.cs in SourceAssetDB has modification time of '2026-05-01T22:03:16.8502543Z' while content on disk has modification time of '2026-05-01T22:03:22.7449712Z'
Number of updated asset objects reloaded before import = 0Number of asset objects unloaded after import = 0

========================================================================
Received Import Request.
  Time since last request: 0.000019 seconds.
  path: Assets/Scripts/AutoShoot.cs
  artifactKey: Guid(adafc00a93ffaa2458f9e9945c50402e) Importer(815301076,1909f56bfc062723c751e8b465ee728b)
Start importing Assets/Scripts/AutoShoot.cs using Guid(adafc00a93ffaa2458f9e9945c50402e) Importer(815301076,1909f56bfc062723c751e8b465ee728b) (PreviewImporter) -> (artifact id: '00000000000000000000000000000000') in 0.0006573 seconds
Import Error Code:(4)
Message: Build asset version error: assets/scripts/autoshoot.cs in SourceAssetDB has modification time of '2026-05-01T22:03:16.8502543Z' while content on disk has modification time of '2026-05-01T22:03:22.7449712Z'
  ERROR: Build asset version error: assets/scripts/autoshoot.cs in SourceAssetDB has modification time of '2026-05-01T22:03:16.8502543Z' while content on disk has modification time of '2026-05-01T22:03:22.7449712Z'
Number of updated asset objects reloaded before import = 0Number of asset objects unloaded after import = 0

========================================================================
Received Import Request.
  Time since last request: 0.000019 seconds.
  path: Assets/Scripts/AutoShoot.cs
  artifactKey: Guid(adafc00a93ffaa2458f9e9945c50402e) Importer(815301076,1909f56bfc062723c751e8b465ee728b)
Start importing Assets/Scripts/AutoShoot.cs using Guid(adafc00a93ffaa2458f9e9945c50402e) Importer(815301076,1909f56bfc062723c751e8b465ee728b) (PreviewImporter) -> (artifact id: '00000000000000000000000000000000') in 0.0006528 seconds
Import Error Code:(4)
Message: Build asset version error: assets/scripts/autoshoot.cs in SourceAssetDB has modification time of '2026-05-01T22:03:16.8502543Z' while content on disk has modification time of '2026-05-01T22:03:22.7449712Z'
  ERROR: Build asset version error: assets/scripts/autoshoot.cs in SourceAssetDB has modification time of '2026-05-01T22:03:16.8502543Z' while content on disk has modification time of '2026-05-01T22:03:22.7449712Z'
Number of updated asset objects reloaded before import = 0Number of asset objects unloaded after import = 0

========================================================================
Received Import Request.
  Time since last request: 0.000017 seconds.
  path: Assets/Scripts/AutoShoot.cs
  artifactKey: Guid(adafc00a93ffaa2458f9e9945c50402e) Importer(815301076,1909f56bfc062723c751e8b465ee728b)
Start importing Assets/Scripts/AutoShoot.cs using Guid(adafc00a93ffaa2458f9e9945c50402e) Importer(815301076,1909f56bfc062723c751e8b465ee728b) (PreviewImporter) -> (artifact id: '00000000000000000000000000000000') in 0.0007399 seconds
Import Error Code:(4)
Message: Build asset version error: assets/scripts/autoshoot.cs in SourceAssetDB has modification time of '2026-05-01T22:03:16.8502543Z' while content on disk has modification time of '2026-05-01T22:03:22.7449712Z'
  ERROR: Build asset version error: assets/scripts/autoshoot.cs in SourceAssetDB has modification time of '2026-05-01T22:03:16.8502543Z' while content on disk has modification time of '2026-05-01T22:03:22.7449712Z'
Number of updated asset objects reloaded before import = 0Number of asset objects unloaded after import = 0

========================================================================
Received Import Request.
  Time since last request: 0.000018 seconds.
  path: Assets/Scripts/AutoShoot.cs
  artifactKey: Guid(adafc00a93ffaa2458f9e9945c50402e) Importer(815301076,1909f56bfc062723c751e8b465ee728b)
Start importing Assets/Scripts/AutoShoot.cs using Guid(adafc00a93ffaa2458f9e9945c50402e) Importer(815301076,1909f56bfc062723c751e8b465ee728b) (PreviewImporter) -> (artifact id: '00000000000000000000000000000000') in 0.0006595 seconds
Import Error Code:(4)
Message: Build asset version error: assets/scripts/autoshoot.cs in SourceAssetDB has modification time of '2026-05-01T22:03:16.8502543Z' while content on disk has modification time of '2026-05-01T22:03:22.7449712Z'
  ERROR: Build asset version error: assets/scripts/autoshoot.cs in SourceAssetDB has modification time of '2026-05-01T22:03:16.8502543Z' while content on disk has modification time of '2026-05-01T22:03:22.7449712Z'
Number of updated asset objects reloaded before import = 0Number of asset objects unloaded after import = 0

========================================================================
Received Import Request.
  Time since last request: 0.000025 seconds.
  path: Assets/Scripts/AutoShoot.cs
  artifactKey: Guid(adafc00a93ffaa2458f9e9945c50402e) Importer(815301076,1909f56bfc062723c751e8b465ee728b)
Start importing Assets/Scripts/AutoShoot.cs using Guid(adafc00a93ffaa2458f9e9945c50402e) Importer(815301076,1909f56bfc062723c751e8b465ee728b) (PreviewImporter) -> (artifact id: '00000000000000000000000000000000') in 0.0007477 seconds
Import Error Code:(4)
Message: Build asset version error: assets/scripts/autoshoot.cs in SourceAssetDB has modification time of '2026-05-01T22:03:16.8502543Z' while content on disk has modification time of '2026-05-01T22:03:22.7449712Z'
  ERROR: Build asset version error: assets/scripts/autoshoot.cs in SourceAssetDB has modification time of '2026-05-01T22:03:16.8502543Z' while content on disk has modification time of '2026-05-01T22:03:22.7449712Z'
Number of updated asset objects reloaded before import = 0Number of asset objects unloaded after import = 0

========================================================================
Received Import Request.
  Time since last request: 0.000016 seconds.
  path: Assets/Scripts/AutoShoot.cs
  artifactKey: Guid(adafc00a93ffaa2458f9e9945c50402e) Importer(815301076,1909f56bfc062723c751e8b465ee728b)
Start importing Assets/Scripts/AutoShoot.cs using Guid(adafc00a93ffaa2458f9e9945c50402e) Importer(815301076,1909f56bfc062723c751e8b465ee728b) (PreviewImporter) -> (artifact id: '00000000000000000000000000000000') in 0.0007525 seconds
Import Error Code:(4)
Message: Build asset version error: assets/scripts/autoshoot.cs in SourceAssetDB has modification time of '2026-05-01T22:03:16.8502543Z' while content on disk has modification time of '2026-05-01T22:03:22.7449712Z'
  ERROR: Build asset version error: assets/scripts/autoshoot.cs in SourceAssetDB has modification time of '2026-05-01T22:03:16.8502543Z' while content on disk has modification time of '2026-05-01T22:03:22.7449712Z'
Number of updated asset objects reloaded before import = 0Number of asset objects unloaded after import = 0

========================================================================
Received Import Request.
  Time since last request: 0.000014 seconds.
  path: Assets/Scripts/AutoShoot.cs
  artifactKey: Guid(adafc00a93ffaa2458f9e9945c50402e) Importer(815301076,1909f56bfc062723c751e8b465ee728b)
Start importing Assets/Scripts/AutoShoot.cs using Guid(adafc00a93ffaa2458f9e9945c50402e) Importer(815301076,1909f56bfc062723c751e8b465ee728b) (PreviewImporter) -> (artifact id: '00000000000000000000000000000000') in 0.0009251 seconds
Import Error Code:(4)
Message: Build asset version error: assets/scripts/autoshoot.cs in SourceAssetDB has modification time of '2026-05-01T22:03:16.8502543Z' while content on disk has modification time of '2026-05-01T22:03:22.7449712Z'
  ERROR: Build asset version error: assets/scripts/autoshoot.cs in SourceAssetDB has modification time of '2026-05-01T22:03:16.8502543Z' while content on disk has modification time of '2026-05-01T22:03:22.7449712Z'
Number of updated asset objects reloaded before import = 0Number of asset objects unloaded after import = 0

========================================================================
Received Import Request.
  Time since last request: 0.000017 seconds.
  path: Assets/Scripts/AutoShoot.cs
  artifactKey: Guid(adafc00a93ffaa2458f9e9945c50402e) Importer(815301076,1909f56bfc062723c751e8b465ee728b)
Start importing Assets/Scripts/AutoShoot.cs using Guid(adafc00a93ffaa2458f9e9945c50402e) Importer(815301076,1909f56bfc062723c751e8b465ee728b) (PreviewImporter) -> (artifact id: '00000000000000000000000000000000') in 0.0006451 seconds
Import Error Code:(4)
Message: Build asset version error: assets/scripts/autoshoot.cs in SourceAssetDB has modification time of '2026-05-01T22:03:16.8502543Z' while content on disk has modification time of '2026-05-01T22:03:22.7449712Z'
  ERROR: Build asset version error: assets/scripts/autoshoot.cs in SourceAssetDB has modification time of '2026-05-01T22:03:16.8502543Z' while content on disk has modification time of '2026-05-01T22:03:22.7449712Z'
Number of updated asset objects reloaded before import = 0Number of asset objects unloaded after import = 0

========================================================================
Received Import Request.
  Time since last request: 0.000019 seconds.
  path: Assets/Scripts/AutoShoot.cs
  artifactKey: Guid(adafc00a93ffaa2458f9e9945c50402e) Importer(815301076,1909f56bfc062723c751e8b465ee728b)
Start importing Assets/Scripts/AutoShoot.cs using Guid(adafc00a93ffaa2458f9e9945c50402e) Importer(815301076,1909f56bfc062723c751e8b465ee728b) (PreviewImporter) -> (artifact id: '00000000000000000000000000000000') in 0.0006891 seconds
Import Error Code:(4)
Message: Build asset version error: assets/scripts/autoshoot.cs in SourceAssetDB has modification time of '2026-05-01T22:03:16.8502543Z' while content on disk has modification time of '2026-05-01T22:03:22.7449712Z'
  ERROR: Build asset version error: assets/scripts/autoshoot.cs in SourceAssetDB has modification time of '2026-05-01T22:03:16.8502543Z' while content on disk has modification time of '2026-05-01T22:03:22.7449712Z'
Number of updated asset objects reloaded before import = 0Number of asset objects unloaded after import = 0

========================================================================
Received Import Request.
  Time since last request: 0.033103 seconds.
  path: Assets/Scripts/AutoShoot.cs
  artifactKey: Guid(adafc00a93ffaa2458f9e9945c50402e) Importer(815301076,1909f56bfc062723c751e8b465ee728b)
Start importing Assets/Scripts/AutoShoot.cs using Guid(adafc00a93ffaa2458f9e9945c50402e) Importer(815301076,1909f56bfc062723c751e8b465ee728b) (PreviewImporter) -> (artifact id: '00000000000000000000000000000000') in 0.0011984 seconds
Import Error Code:(4)
Message: Build asset version error: assets/scripts/autoshoot.cs in SourceAssetDB has modification time of '2026-05-01T22:03:16.8502543Z' while content on disk has modification time of '2026-05-01T22:03:22.7449712Z'
  ERROR: Build asset version error: assets/scripts/autoshoot.cs in SourceAssetDB has modification time of '2026-05-01T22:03:16.8502543Z' while content on disk has modification time of '2026-05-01T22:03:22.7449712Z'
Number of updated asset objects reloaded before import = 0Number of asset objects unloaded after import = 0

========================================================================
Received Import Request.
  Time since last request: 0.000016 seconds.
  path: Assets/Scripts/AutoShoot.cs
  artifactKey: Guid(adafc00a93ffaa2458f9e9945c50402e) Importer(815301076,1909f56bfc062723c751e8b465ee728b)
Start importing Assets/Scripts/AutoShoot.cs using Guid(adafc00a93ffaa2458f9e9945c50402e) Importer(815301076,1909f56bfc062723c751e8b465ee728b) (PreviewImporter) -> (artifact id: '00000000000000000000000000000000') in 0.0007157 seconds
Import Error Code:(4)
Message: Build asset version error: assets/scripts/autoshoot.cs in SourceAssetDB has modification time of '2026-05-01T22:03:16.8502543Z' while content on disk has modification time of '2026-05-01T22:03:22.7449712Z'
  ERROR: Build asset version error: assets/scripts/autoshoot.cs in SourceAssetDB has modification time of '2026-05-01T22:03:16.8502543Z' while content on disk has modification time of '2026-05-01T22:03:22.7449712Z'
Number of updated asset objects reloaded before import = 0Number of asset objects unloaded after import = 0

========================================================================
Received Import Request.
  Time since last request: 0.000017 seconds.
  path: Assets/Scripts/AutoShoot.cs
  artifactKey: Guid(adafc00a93ffaa2458f9e9945c50402e) Importer(815301076,1909f56bfc062723c751e8b465ee728b)
Start importing Assets/Scripts/AutoShoot.cs using Guid(adafc00a93ffaa2458f9e9945c50402e) Importer(815301076,1909f56bfc062723c751e8b465ee728b) (PreviewImporter) -> (artifact id: '00000000000000000000000000000000') in 0.0006192 seconds
Import Error Code:(4)
Message: Build asset version error: assets/scripts/autoshoot.cs in SourceAssetDB has modification time of '2026-05-01T22:03:16.8502543Z' while content on disk has modification time of '2026-05-01T22:03:22.7449712Z'
  ERROR: Build asset version error: assets/scripts/autoshoot.cs in SourceAssetDB has modification time of '2026-05-01T22:03:16.8502543Z' while content on disk has modification time of '2026-05-01T22:03:22.7449712Z'
Number of updated asset objects reloaded before import = 0Number of asset objects unloaded after import = 0

========================================================================
Received Import Request.
  Time since last request: 0.000019 seconds.
  path: Assets/Scripts/AutoShoot.cs
  artifactKey: Guid(adafc00a93ffaa2458f9e9945c50402e) Importer(815301076,1909f56bfc062723c751e8b465ee728b)
Start importing Assets/Scripts/AutoShoot.cs using Guid(adafc00a93ffaa2458f9e9945c50402e) Importer(815301076,1909f56bfc062723c751e8b465ee728b) (PreviewImporter) -> (artifact id: '00000000000000000000000000000000') in 0.0008642 seconds
Import Error Code:(4)
Message: Build asset version error: assets/scripts/autoshoot.cs in SourceAssetDB has modification time of '2026-05-01T22:03:16.8502543Z' while content on disk has modification time of '2026-05-01T22:03:22.7449712Z'
  ERROR: Build asset version error: assets/scripts/autoshoot.cs in SourceAssetDB has modification time of '2026-05-01T22:03:16.8502543Z' while content on disk has modification time of '2026-05-01T22:03:22.7449712Z'
Number of updated asset objects reloaded before import = 0Number of asset objects unloaded after import = 0

========================================================================
Received Import Request.
  Time since last request: 0.000020 seconds.
  path: Assets/Scripts/AutoShoot.cs
  artifactKey: Guid(adafc00a93ffaa2458f9e9945c50402e) Importer(815301076,1909f56bfc062723c751e8b465ee728b)
Start importing Assets/Scripts/AutoShoot.cs using Guid(adafc00a93ffaa2458f9e9945c50402e) Importer(815301076,1909f56bfc062723c751e8b465ee728b) (PreviewImporter) -> (artifact id: '00000000000000000000000000000000') in 0.0006518 seconds
Import Error Code:(4)
Message: Build asset version error: assets/scripts/autoshoot.cs in SourceAssetDB has modification time of '2026-05-01T22:03:16.8502543Z' while content on disk has modification time of '2026-05-01T22:03:22.7449712Z'
  ERROR: Build asset version error: assets/scripts/autoshoot.cs in SourceAssetDB has modification time of '2026-05-01T22:03:16.8502543Z' while content on disk has modification time of '2026-05-01T22:03:22.7449712Z'
Number of updated asset objects reloaded before import = 0Number of asset objects unloaded after import = 0

========================================================================
Received Import Request.
  Time since last request: 0.000032 seconds.
  path: Assets/Scripts/AutoShoot.cs
  artifactKey: Guid(adafc00a93ffaa2458f9e9945c50402e) Importer(815301076,1909f56bfc062723c751e8b465ee728b)
Start importing Assets/Scripts/AutoShoot.cs using Guid(adafc00a93ffaa2458f9e9945c50402e) Importer(815301076,1909f56bfc062723c751e8b465ee728b) (PreviewImporter) -> (artifact id: '00000000000000000000000000000000') in 0.0007539 seconds
Import Error Code:(4)
Message: Build asset version error: assets/scripts/autoshoot.cs in SourceAssetDB has modification time of '2026-05-01T22:03:16.8502543Z' while content on disk has modification time of '2026-05-01T22:03:22.7449712Z'
  ERROR: Build asset version error: assets/scripts/autoshoot.cs in SourceAssetDB has modification time of '2026-05-01T22:03:16.8502543Z' while content on disk has modification time of '2026-05-01T22:03:22.7449712Z'
Number of updated asset objects reloaded before import = 0Number of asset objects unloaded after import = 0

========================================================================
Received Import Request.
  Time since last request: 0.000015 seconds.
  path: Assets/Scripts/AutoShoot.cs
  artifactKey: Guid(adafc00a93ffaa2458f9e9945c50402e) Importer(815301076,1909f56bfc062723c751e8b465ee728b)
Start importing Assets/Scripts/AutoShoot.cs using Guid(adafc00a93ffaa2458f9e9945c50402e) Importer(815301076,1909f56bfc062723c751e8b465ee728b) (PreviewImporter) -> (artifact id: '00000000000000000000000000000000') in 0.0006455 seconds
Import Error Code:(4)
Message: Build asset version error: assets/scripts/autoshoot.cs in SourceAssetDB has modification time of '2026-05-01T22:03:16.8502543Z' while content on disk has modification time of '2026-05-01T22:03:22.7449712Z'
  ERROR: Build asset version error: assets/scripts/autoshoot.cs in SourceAssetDB has modification time of '2026-05-01T22:03:16.8502543Z' while content on disk has modification time of '2026-05-01T22:03:22.7449712Z'
Number of updated asset objects reloaded before import = 0Number of asset objects unloaded after import = 0

========================================================================
Received Import Request.
  Time since last request: 0.000022 seconds.
  path: Assets/Scripts/AutoShoot.cs
  artifactKey: Guid(adafc00a93ffaa2458f9e9945c50402e) Importer(815301076,1909f56bfc062723c751e8b465ee728b)
Start importing Assets/Scripts/AutoShoot.cs using Guid(adafc00a93ffaa2458f9e9945c50402e) Importer(815301076,1909f56bfc062723c751e8b465ee728b) (PreviewImporter) -> (artifact id: '00000000000000000000000000000000') in 0.0008368 seconds
Import Error Code:(4)
Message: Build asset version error: assets/scripts/autoshoot.cs in SourceAssetDB has modification time of '2026-05-01T22:03:16.8502543Z' while content on disk has modification time of '2026-05-01T22:03:22.7449712Z'
  ERROR: Build asset version error: assets/scripts/autoshoot.cs in SourceAssetDB has modification time of '2026-05-01T22:03:16.8502543Z' while content on disk has modification time of '2026-05-01T22:03:22.7449712Z'
Number of updated asset objects reloaded before import = 0Number of asset objects unloaded after import = 0

========================================================================
Received Import Request.
  Time since last request: 0.000017 seconds.
  path: Assets/Scripts/AutoShoot.cs
  artifactKey: Guid(adafc00a93ffaa2458f9e9945c50402e) Importer(815301076,1909f56bfc062723c751e8b465ee728b)
Start importing Assets/Scripts/AutoShoot.cs using Guid(adafc00a93ffaa2458f9e9945c50402e) Importer(815301076,1909f56bfc062723c751e8b465ee728b) (PreviewImporter) -> (artifact id: '00000000000000000000000000000000') in 0.0006277 seconds
Import Error Code:(4)
Message: Build asset version error: assets/scripts/autoshoot.cs in SourceAssetDB has modification time of '2026-05-01T22:03:16.8502543Z' while content on disk has modification time of '2026-05-01T22:03:22.7449712Z'
  ERROR: Build asset version error: assets/scripts/autoshoot.cs in SourceAssetDB has modification time of '2026-05-01T22:03:16.8502543Z' while content on disk has modification time of '2026-05-01T22:03:22.7449712Z'
Number of updated asset objects reloaded before import = 0Number of asset objects unloaded after import = 0

========================================================================
Received Import Request.
  Time since last request: 0.000020 seconds.
  path: Assets/Scripts/AutoShoot.cs
  artifactKey: Guid(adafc00a93ffaa2458f9e9945c50402e) Importer(815301076,1909f56bfc062723c751e8b465ee728b)
Start importing Assets/Scripts/AutoShoot.cs using Guid(adafc00a93ffaa2458f9e9945c50402e) Importer(815301076,1909f56bfc062723c751e8b465ee728b) (PreviewImporter) -> (artifact id: '00000000000000000000000000000000') in 0.0006957 seconds
Import Error Code:(4)
Message: Build asset version error: assets/scripts/autoshoot.cs in SourceAssetDB has modification time of '2026-05-01T22:03:16.8502543Z' while content on disk has modification time of '2026-05-01T22:03:22.7449712Z'
  ERROR: Build asset version error: assets/scripts/autoshoot.cs in SourceAssetDB has modification time of '2026-05-01T22:03:16.8502543Z' while content on disk has modification time of '2026-05-01T22:03:22.7449712Z'
Number of updated asset objects reloaded before import = 0Number of asset objects unloaded after import = 0

========================================================================
Received Import Request.
  Time since last request: 0.000029 seconds.
  path: Assets/Scripts/AutoShoot.cs
  artifactKey: Guid(adafc00a93ffaa2458f9e9945c50402e) Importer(815301076,1909f56bfc062723c751e8b465ee728b)
Start importing Assets/Scripts/AutoShoot.cs using Guid(adafc00a93ffaa2458f9e9945c50402e) Importer(815301076,1909f56bfc062723c751e8b465ee728b) (PreviewImporter) -> (artifact id: '00000000000000000000000000000000') in 0.0005731 seconds
Import Error Code:(4)
Message: Build asset version error: assets/scripts/autoshoot.cs in SourceAssetDB has modification time of '2026-05-01T22:03:16.8502543Z' while content on disk has modification time of '2026-05-01T22:03:22.7449712Z'
  ERROR: Build asset version error: assets/scripts/autoshoot.cs in SourceAssetDB has modification time of '2026-05-01T22:03:16.8502543Z' while content on disk has modification time of '2026-05-01T22:03:22.7449712Z'
Number of updated asset objects reloaded before import = 0Number of asset objects unloaded after import = 0

========================================================================
Received Import Request.
  Time since last request: 0.000016 seconds.
  path: Assets/Scripts/AutoShoot.cs
  artifactKey: Guid(adafc00a93ffaa2458f9e9945c50402e) Importer(815301076,1909f56bfc062723c751e8b465ee728b)
Start importing Assets/Scripts/AutoShoot.cs using Guid(adafc00a93ffaa2458f9e9945c50402e) Importer(815301076,1909f56bfc062723c751e8b465ee728b) (PreviewImporter) -> (artifact id: '00000000000000000000000000000000') in 0.0007498 seconds
Import Error Code:(4)
Message: Build asset version error: assets/scripts/autoshoot.cs in SourceAssetDB has modification time of '2026-05-01T22:03:16.8502543Z' while content on disk has modification time of '2026-05-01T22:03:22.7449712Z'
  ERROR: Build asset version error: assets/scripts/autoshoot.cs in SourceAssetDB has modification time of '2026-05-01T22:03:16.8502543Z' while content on disk has modification time of '2026-05-01T22:03:22.7449712Z'
Number of updated asset objects reloaded before import = 0Number of asset objects unloaded after import = 0

========================================================================
Received Import Request.
  Time since last request: 0.000023 seconds.
  path: Assets/Scripts/AutoShoot.cs
  artifactKey: Guid(adafc00a93ffaa2458f9e9945c50402e) Importer(815301076,1909f56bfc062723c751e8b465ee728b)
Start importing Assets/Scripts/AutoShoot.cs using Guid(adafc00a93ffaa2458f9e9945c50402e) Importer(815301076,1909f56bfc062723c751e8b465ee728b) (PreviewImporter) -> (artifact id: '00000000000000000000000000000000') in 0.0007028 seconds
Import Error Code:(4)
Message: Build asset version error: assets/scripts/autoshoot.cs in SourceAssetDB has modification time of '2026-05-01T22:03:16.8502543Z' while content on disk has modification time of '2026-05-01T22:03:22.7449712Z'
  ERROR: Build asset version error: assets/scripts/autoshoot.cs in SourceAssetDB has modification time of '2026-05-01T22:03:16.8502543Z' while content on disk has modification time of '2026-05-01T22:03:22.7449712Z'
Number of updated asset objects reloaded before import = 0Number of asset objects unloaded after import = 0

========================================================================
Received Import Request.
  Time since last request: 0.000019 seconds.
  path: Assets/Scripts/AutoShoot.cs
  artifactKey: Guid(adafc00a93ffaa2458f9e9945c50402e) Importer(815301076,1909f56bfc062723c751e8b465ee728b)
Start importing Assets/Scripts/AutoShoot.cs using Guid(adafc00a93ffaa2458f9e9945c50402e) Importer(815301076,1909f56bfc062723c751e8b465ee728b) (PreviewImporter) -> (artifact id: '00000000000000000000000000000000') in 0.0006566 seconds
Import Error Code:(4)
Message: Build asset version error: assets/scripts/autoshoot.cs in SourceAssetDB has modification time of '2026-05-01T22:03:16.8502543Z' while content on disk has modification time of '2026-05-01T22:03:22.7449712Z'
  ERROR: Build asset version error: assets/scripts/autoshoot.cs in SourceAssetDB has modification time of '2026-05-01T22:03:16.8502543Z' while content on disk has modification time of '2026-05-01T22:03:22.7449712Z'
Number of updated asset objects reloaded before import = 0Number of asset objects unloaded after import = 0

========================================================================
Received Import Request.
  Time since last request: 0.000024 seconds.
  path: Assets/Scripts/AutoShoot.cs
  artifactKey: Guid(adafc00a93ffaa2458f9e9945c50402e) Importer(815301076,1909f56bfc062723c751e8b465ee728b)
Start importing Assets/Scripts/AutoShoot.cs using Guid(adafc00a93ffaa2458f9e9945c50402e) Importer(815301076,1909f56bfc062723c751e8b465ee728b) (PreviewImporter) -> (artifact id: '00000000000000000000000000000000') in 0.0006821 seconds
Import Error Code:(4)
Message: Build asset version error: assets/scripts/autoshoot.cs in SourceAssetDB has modification time of '2026-05-01T22:03:16.8502543Z' while content on disk has modification time of '2026-05-01T22:03:22.7449712Z'
  ERROR: Build asset version error: assets/scripts/autoshoot.cs in SourceAssetDB has modification time of '2026-05-01T22:03:16.8502543Z' while content on disk has modification time of '2026-05-01T22:03:22.7449712Z'
Number of updated asset objects reloaded before import = 0Number of asset objects unloaded after import = 0

========================================================================
Received Import Request.
  Time since last request: 0.000017 seconds.
  path: Assets/Scripts/AutoShoot.cs
  artifactKey: Guid(adafc00a93ffaa2458f9e9945c50402e) Importer(815301076,1909f56bfc062723c751e8b465ee728b)
Start importing Assets/Scripts/AutoShoot.cs using Guid(adafc00a93ffaa2458f9e9945c50402e) Importer(815301076,1909f56bfc062723c751e8b465ee728b) (PreviewImporter) -> (artifact id: '00000000000000000000000000000000') in 0.0007997 seconds
Import Error Code:(4)
Message: Build asset version error: assets/scripts/autoshoot.cs in SourceAssetDB has modification time of '2026-05-01T22:03:16.8502543Z' while content on disk has modification time of '2026-05-01T22:03:22.7449712Z'
  ERROR: Build asset version error: assets/scripts/autoshoot.cs in SourceAssetDB has modification time of '2026-05-01T22:03:16.8502543Z' while content on disk has modification time of '2026-05-01T22:03:22.7449712Z'
Number of updated asset objects reloaded before import = 0Number of asset objects unloaded after import = 0

========================================================================
Received Import Request.
  Time since last request: 0.000027 seconds.
  path: Assets/Scripts/AutoShoot.cs
  artifactKey: Guid(adafc00a93ffaa2458f9e9945c50402e) Importer(815301076,1909f56bfc062723c751e8b465ee728b)
Start importing Assets/Scripts/AutoShoot.cs using Guid(adafc00a93ffaa2458f9e9945c50402e) Importer(815301076,1909f56bfc062723c751e8b465ee728b) (PreviewImporter) -> (artifact id: '00000000000000000000000000000000') in 0.0008547 seconds
Import Error Code:(4)
Message: Build asset version error: assets/scripts/autoshoot.cs in SourceAssetDB has modification time of '2026-05-01T22:03:16.8502543Z' while content on disk has modification time of '2026-05-01T22:03:22.7449712Z'
  ERROR: Build asset version error: assets/scripts/autoshoot.cs in SourceAssetDB has modification time of '2026-05-01T22:03:16.8502543Z' while content on disk has modification time of '2026-05-01T22:03:22.7449712Z'
Number of updated asset objects reloaded before import = 0Number of asset objects unloaded after import = 0

========================================================================
Received Import Request.
  Time since last request: 0.000017 seconds.
  path: Assets/Scripts/AutoShoot.cs
  artifactKey: Guid(adafc00a93ffaa2458f9e9945c50402e) Importer(815301076,1909f56bfc062723c751e8b465ee728b)
Start importing Assets/Scripts/AutoShoot.cs using Guid(adafc00a93ffaa2458f9e9945c50402e) Importer(815301076,1909f56bfc062723c751e8b465ee728b) (PreviewImporter) -> (artifact id: '00000000000000000000000000000000') in 0.0006829 seconds
Import Error Code:(4)
Message: Build asset version error: assets/scripts/autoshoot.cs in SourceAssetDB has modification time of '2026-05-01T22:03:16.8502543Z' while content on disk has modification time of '2026-05-01T22:03:22.7449712Z'
  ERROR: Build asset version error: assets/scripts/autoshoot.cs in SourceAssetDB has modification time of '2026-05-01T22:03:16.8502543Z' while content on disk has modification time of '2026-05-01T22:03:22.7449712Z'
Number of updated asset objects reloaded before import = 0Number of asset objects unloaded after import = 0

========================================================================
Received Import Request.
  Time since last request: 0.000018 seconds.
  path: Assets/Scripts/AutoShoot.cs
  artifactKey: Guid(adafc00a93ffaa2458f9e9945c50402e) Importer(815301076,1909f56bfc062723c751e8b465ee728b)
Start importing Assets/Scripts/AutoShoot.cs using Guid(adafc00a93ffaa2458f9e9945c50402e) Importer(815301076,1909f56bfc062723c751e8b465ee728b) (PreviewImporter) -> (artifact id: '00000000000000000000000000000000') in 0.000743 seconds
Import Error Code:(4)
Message: Build asset version error: assets/scripts/autoshoot.cs in SourceAssetDB has modification time of '2026-05-01T22:03:16.8502543Z' while content on disk has modification time of '2026-05-01T22:03:22.7449712Z'
  ERROR: Build asset version error: assets/scripts/autoshoot.cs in SourceAssetDB has modification time of '2026-05-01T22:03:16.8502543Z' while content on disk has modification time of '2026-05-01T22:03:22.7449712Z'
Number of updated asset objects reloaded before import = 0Number of asset objects unloaded after import = 0

========================================================================
Received Import Request.
  Time since last request: 0.000107 seconds.
  path: Assets/Scripts/AutoShoot.cs
  artifactKey: Guid(adafc00a93ffaa2458f9e9945c50402e) Importer(815301076,1909f56bfc062723c751e8b465ee728b)
Start importing Assets/Scripts/AutoShoot.cs using Guid(adafc00a93ffaa2458f9e9945c50402e) Importer(815301076,1909f56bfc062723c751e8b465ee728b) (PreviewImporter) -> (artifact id: '00000000000000000000000000000000') in 0.000892 seconds
Import Error Code:(4)
Message: Build asset version error: assets/scripts/autoshoot.cs in SourceAssetDB has modification time of '2026-05-01T22:03:16.8502543Z' while content on disk has modification time of '2026-05-01T22:03:22.7449712Z'
  ERROR: Build asset version error: assets/scripts/autoshoot.cs in SourceAssetDB has modification time of '2026-05-01T22:03:16.8502543Z' while content on disk has modification time of '2026-05-01T22:03:22.7449712Z'
Number of updated asset objects reloaded before import = 0Number of asset objects unloaded after import = 0

========================================================================
Received Import Request.
  Time since last request: 0.000016 seconds.
  path: Assets/Scripts/AutoShoot.cs
  artifactKey: Guid(adafc00a93ffaa2458f9e9945c50402e) Importer(815301076,1909f56bfc062723c751e8b465ee728b)
Start importing Assets/Scripts/AutoShoot.cs using Guid(adafc00a93ffaa2458f9e9945c50402e) Importer(815301076,1909f56bfc062723c751e8b465ee728b) (PreviewImporter) -> (artifact id: '00000000000000000000000000000000') in 0.0007012 seconds
Import Error Code:(4)
Message: Build asset version error: assets/scripts/autoshoot.cs in SourceAssetDB has modification time of '2026-05-01T22:03:16.8502543Z' while content on disk has modification time of '2026-05-01T22:03:22.7449712Z'
  ERROR: Build asset version error: assets/scripts/autoshoot.cs in SourceAssetDB has modification time of '2026-05-01T22:03:16.8502543Z' while content on disk has modification time of '2026-05-01T22:03:22.7449712Z'
Number of updated asset objects reloaded before import = 0Number of asset objects unloaded after import = 0

========================================================================
Received Import Request.
  Time since last request: 0.000020 seconds.
  path: Assets/Scripts/AutoShoot.cs
  artifactKey: Guid(adafc00a93ffaa2458f9e9945c50402e) Importer(815301076,1909f56bfc062723c751e8b465ee728b)
Start importing Assets/Scripts/AutoShoot.cs using Guid(adafc00a93ffaa2458f9e9945c50402e) Importer(815301076,1909f56bfc062723c751e8b465ee728b) (PreviewImporter) -> (artifact id: '00000000000000000000000000000000') in 0.0006794 seconds
Import Error Code:(4)
Message: Build asset version error: assets/scripts/autoshoot.cs in SourceAssetDB has modification time of '2026-05-01T22:03:16.8502543Z' while content on disk has modification time of '2026-05-01T22:03:22.7449712Z'
  ERROR: Build asset version error: assets/scripts/autoshoot.cs in SourceAssetDB has modification time of '2026-05-01T22:03:16.8502543Z' while content on disk has modification time of '2026-05-01T22:03:22.7449712Z'
Number of updated asset objects reloaded before import = 0Number of asset objects unloaded after import = 0

========================================================================
Received Import Request.
  Time since last request: 0.000032 seconds.
  path: Assets/Scripts/AutoShoot.cs
  artifactKey: Guid(adafc00a93ffaa2458f9e9945c50402e) Importer(815301076,1909f56bfc062723c751e8b465ee728b)
Start importing Assets/Scripts/AutoShoot.cs using Guid(adafc00a93ffaa2458f9e9945c50402e) Importer(815301076,1909f56bfc062723c751e8b465ee728b) (PreviewImporter) -> (artifact id: '00000000000000000000000000000000') in 0.0009081 seconds
Import Error Code:(4)
Message: Build asset version error: assets/scripts/autoshoot.cs in SourceAssetDB has modification time of '2026-05-01T22:03:16.8502543Z' while content on disk has modification time of '2026-05-01T22:03:22.7449712Z'
  ERROR: Build asset version error: assets/scripts/autoshoot.cs in SourceAssetDB has modification time of '2026-05-01T22:03:16.8502543Z' while content on disk has modification time of '2026-05-01T22:03:22.7449712Z'
Number of updated asset objects reloaded before import = 0Number of asset objects unloaded after import = 0

========================================================================
Received Import Request.
  Time since last request: 0.000017 seconds.
  path: Assets/Scripts/AutoShoot.cs
  artifactKey: Guid(adafc00a93ffaa2458f9e9945c50402e) Importer(815301076,1909f56bfc062723c751e8b465ee728b)
Start importing Assets/Scripts/AutoShoot.cs using Guid(adafc00a93ffaa2458f9e9945c50402e) Importer(815301076,1909f56bfc062723c751e8b465ee728b) (PreviewImporter) -> (artifact id: '00000000000000000000000000000000') in 0.000658 seconds
Import Error Code:(4)
Message: Build asset version error: assets/scripts/autoshoot.cs in SourceAssetDB has modification time of '2026-05-01T22:03:16.8502543Z' while content on disk has modification time of '2026-05-01T22:03:22.7449712Z'
  ERROR: Build asset version error: assets/scripts/autoshoot.cs in SourceAssetDB has modification time of '2026-05-01T22:03:16.8502543Z' while content on disk has modification time of '2026-05-01T22:03:22.7449712Z'
Number of updated asset objects reloaded before import = 0Number of asset objects unloaded after import = 0

========================================================================
Received Import Request.
  Time since last request: 0.000019 seconds.
  path: Assets/Scripts/AutoShoot.cs
  artifactKey: Guid(adafc00a93ffaa2458f9e9945c50402e) Importer(815301076,1909f56bfc062723c751e8b465ee728b)
Start importing Assets/Scripts/AutoShoot.cs using Guid(adafc00a93ffaa2458f9e9945c50402e) Importer(815301076,1909f56bfc062723c751e8b465ee728b) (PreviewImporter) -> (artifact id: '00000000000000000000000000000000') in 0.0006921 seconds
Import Error Code:(4)
Message: Build asset version error: assets/scripts/autoshoot.cs in SourceAssetDB has modification time of '2026-05-01T22:03:16.8502543Z' while content on disk has modification time of '2026-05-01T22:03:22.7449712Z'
  ERROR: Build asset version error: assets/scripts/autoshoot.cs in SourceAssetDB has modification time of '2026-05-01T22:03:16.8502543Z' while content on disk has modification time of '2026-05-01T22:03:22.7449712Z'
Number of updated asset objects reloaded before import = 0Number of asset objects unloaded after import = 0

========================================================================
Received Import Request.
  Time since last request: 0.000017 seconds.
  path: Assets/Scripts/AutoShoot.cs
  artifactKey: Guid(adafc00a93ffaa2458f9e9945c50402e) Importer(815301076,1909f56bfc062723c751e8b465ee728b)
Start importing Assets/Scripts/AutoShoot.cs using Guid(adafc00a93ffaa2458f9e9945c50402e) Importer(815301076,1909f56bfc062723c751e8b465ee728b) (PreviewImporter) -> (artifact id: '00000000000000000000000000000000') in 0.000664 seconds
Import Error Code:(4)
Message: Build asset version error: assets/scripts/autoshoot.cs in SourceAssetDB has modification time of '2026-05-01T22:03:16.8502543Z' while content on disk has modification time of '2026-05-01T22:03:22.7449712Z'
  ERROR: Build asset version error: assets/scripts/autoshoot.cs in SourceAssetDB has modification time of '2026-05-01T22:03:16.8502543Z' while content on disk has modification time of '2026-05-01T22:03:22.7449712Z'
Number of updated asset objects reloaded before import = 0Number of asset objects unloaded after import = 0

========================================================================
Received Import Request.
  Time since last request: 0.000039 seconds.
  path: Assets/Scripts/AutoShoot.cs
  artifactKey: Guid(adafc00a93ffaa2458f9e9945c50402e) Importer(815301076,1909f56bfc062723c751e8b465ee728b)
Start importing Assets/Scripts/AutoShoot.cs using Guid(adafc00a93ffaa2458f9e9945c50402e) Importer(815301076,1909f56bfc062723c751e8b465ee728b) (PreviewImporter) -> (artifact id: '00000000000000000000000000000000') in 0.0008845 seconds
Import Error Code:(4)
Message: Build asset version error: assets/scripts/autoshoot.cs in SourceAssetDB has modification time of '2026-05-01T22:03:16.8502543Z' while content on disk has modification time of '2026-05-01T22:03:22.7449712Z'
  ERROR: Build asset version error: assets/scripts/autoshoot.cs in SourceAssetDB has modification time of '2026-05-01T22:03:16.8502543Z' while content on disk has modification time of '2026-05-01T22:03:22.7449712Z'
Number of updated asset objects reloaded before import = 0Number of asset objects unloaded after import = 0

========================================================================
Received Import Request.
  Time since last request: 0.000027 seconds.
  path: Assets/Scripts/AutoShoot.cs
  artifactKey: Guid(adafc00a93ffaa2458f9e9945c50402e) Importer(815301076,1909f56bfc062723c751e8b465ee728b)
Start importing Assets/Scripts/AutoShoot.cs using Guid(adafc00a93ffaa2458f9e9945c50402e) Importer(815301076,1909f56bfc062723c751e8b465ee728b) (PreviewImporter) -> (artifact id: '00000000000000000000000000000000') in 0.0006915 seconds
Import Error Code:(4)
Message: Build asset version error: assets/scripts/autoshoot.cs in SourceAssetDB has modification time of '2026-05-01T22:03:16.8502543Z' while content on disk has modification time of '2026-05-01T22:03:22.7449712Z'
  ERROR: Build asset version error: assets/scripts/autoshoot.cs in SourceAssetDB has modification time of '2026-05-01T22:03:16.8502543Z' while content on disk has modification time of '2026-05-01T22:03:22.7449712Z'
Number of updated asset objects reloaded before import = 0Number of asset objects unloaded after import = 0

========================================================================
Received Import Request.
  Time since last request: 0.000022 seconds.
  path: Assets/Scripts/AutoShoot.cs
  artifactKey: Guid(adafc00a93ffaa2458f9e9945c50402e) Importer(815301076,1909f56bfc062723c751e8b465ee728b)
Start importing Assets/Scripts/AutoShoot.cs using Guid(adafc00a93ffaa2458f9e9945c50402e) Importer(815301076,1909f56bfc062723c751e8b465ee728b) (PreviewImporter) -> (artifact id: '00000000000000000000000000000000') in 0.0006999 seconds
Import Error Code:(4)
Message: Build asset version error: assets/scripts/autoshoot.cs in SourceAssetDB has modification time of '2026-05-01T22:03:16.8502543Z' while content on disk has modification time of '2026-05-01T22:03:22.7449712Z'
  ERROR: Build asset version error: assets/scripts/autoshoot.cs in SourceAssetDB has modification time of '2026-05-01T22:03:16.8502543Z' while content on disk has modification time of '2026-05-01T22:03:22.7449712Z'
Number of updated asset objects reloaded before import = 0Number of asset objects unloaded after import = 0

========================================================================
Received Import Request.
  Time since last request: 0.000023 seconds.
  path: Assets/Scripts/AutoShoot.cs
  artifactKey: Guid(adafc00a93ffaa2458f9e9945c50402e) Importer(815301076,1909f56bfc062723c751e8b465ee728b)
Start importing Assets/Scripts/AutoShoot.cs using Guid(adafc00a93ffaa2458f9e9945c50402e) Importer(815301076,1909f56bfc062723c751e8b465ee728b) (PreviewImporter) -> (artifact id: '00000000000000000000000000000000') in 0.0009489 seconds
Import Error Code:(4)
Message: Build asset version error: assets/scripts/autoshoot.cs in SourceAssetDB has modification time of '2026-05-01T22:03:16.8502543Z' while content on disk has modification time of '2026-05-01T22:03:22.7449712Z'
  ERROR: Build asset version error: assets/scripts/autoshoot.cs in SourceAssetDB has modification time of '2026-05-01T22:03:16.8502543Z' while content on disk has modification time of '2026-05-01T22:03:22.7449712Z'
Number of updated asset objects reloaded before import = 0Number of asset objects unloaded after import = 0

========================================================================
Received Import Request.
  Time since last request: 0.000017 seconds.
  path: Assets/Scripts/AutoShoot.cs
  artifactKey: Guid(adafc00a93ffaa2458f9e9945c50402e) Importer(815301076,1909f56bfc062723c751e8b465ee728b)
Start importing Assets/Scripts/AutoShoot.cs using Guid(adafc00a93ffaa2458f9e9945c50402e) Importer(815301076,1909f56bfc062723c751e8b465ee728b) (PreviewImporter) -> (artifact id: '00000000000000000000000000000000') in 0.0007181 seconds
Import Error Code:(4)
Message: Build asset version error: assets/scripts/autoshoot.cs in SourceAssetDB has modification time of '2026-05-01T22:03:16.8502543Z' while content on disk has modification time of '2026-05-01T22:03:22.7449712Z'
  ERROR: Build asset version error: assets/scripts/autoshoot.cs in SourceAssetDB has modification time of '2026-05-01T22:03:16.8502543Z' while content on disk has modification time of '2026-05-01T22:03:22.7449712Z'
Number of updated asset objects reloaded before import = 0Number of asset objects unloaded after import = 0

========================================================================
Received Import Request.
  Time since last request: 0.000017 seconds.
  path: Assets/Scripts/AutoShoot.cs
  artifactKey: Guid(adafc00a93ffaa2458f9e9945c50402e) Importer(815301076,1909f56bfc062723c751e8b465ee728b)
Start importing Assets/Scripts/AutoShoot.cs using Guid(adafc00a93ffaa2458f9e9945c50402e) Importer(815301076,1909f56bfc062723c751e8b465ee728b) (PreviewImporter) -> (artifact id: '00000000000000000000000000000000') in 0.0006612 seconds
Import Error Code:(4)
Message: Build asset version error: assets/scripts/autoshoot.cs in SourceAssetDB has modification time of '2026-05-01T22:03:16.8502543Z' while content on disk has modification time of '2026-05-01T22:03:22.7449712Z'
  ERROR: Build asset version error: assets/scripts/autoshoot.cs in SourceAssetDB has modification time of '2026-05-01T22:03:16.8502543Z' while content on disk has modification time of '2026-05-01T22:03:22.7449712Z'
Number of updated asset objects reloaded before import = 0Number of asset objects unloaded after import = 0

========================================================================
Received Import Request.
  Time since last request: 0.000023 seconds.
  path: Assets/Scripts/AutoShoot.cs
  artifactKey: Guid(adafc00a93ffaa2458f9e9945c50402e) Importer(815301076,1909f56bfc062723c751e8b465ee728b)
Start importing Assets/Scripts/AutoShoot.cs using Guid(adafc00a93ffaa2458f9e9945c50402e) Importer(815301076,1909f56bfc062723c751e8b465ee728b) (PreviewImporter) -> (artifact id: '00000000000000000000000000000000') in 0.0006673 seconds
Import Error Code:(4)
Message: Build asset version error: assets/scripts/autoshoot.cs in SourceAssetDB has modification time of '2026-05-01T22:03:16.8502543Z' while content on disk has modification time of '2026-05-01T22:03:22.7449712Z'
  ERROR: Build asset version error: assets/scripts/autoshoot.cs in SourceAssetDB has modification time of '2026-05-01T22:03:16.8502543Z' while content on disk has modification time of '2026-05-01T22:03:22.7449712Z'
Number of updated asset objects reloaded before import = 0Number of asset objects unloaded after import = 0

========================================================================
Received Import Request.
  Time since last request: 0.000025 seconds.
  path: Assets/Scripts/AutoShoot.cs
  artifactKey: Guid(adafc00a93ffaa2458f9e9945c50402e) Importer(815301076,1909f56bfc062723c751e8b465ee728b)
Start importing Assets/Scripts/AutoShoot.cs using Guid(adafc00a93ffaa2458f9e9945c50402e) Importer(815301076,1909f56bfc062723c751e8b465ee728b) (PreviewImporter) -> (artifact id: '00000000000000000000000000000000') in 0.0006966 seconds
Import Error Code:(4)
Message: Build asset version error: assets/scripts/autoshoot.cs in SourceAssetDB has modification time of '2026-05-01T22:03:16.8502543Z' while content on disk has modification time of '2026-05-01T22:03:22.7449712Z'
  ERROR: Build asset version error: assets/scripts/autoshoot.cs in SourceAssetDB has modification time of '2026-05-01T22:03:16.8502543Z' while content on disk has modification time of '2026-05-01T22:03:22.7449712Z'
Number of updated asset objects reloaded before import = 0Number of asset objects unloaded after import = 0

========================================================================
Received Import Request.
  Time since last request: 0.000020 seconds.
  path: Assets/Scripts/AutoShoot.cs
  artifactKey: Guid(adafc00a93ffaa2458f9e9945c50402e) Importer(815301076,1909f56bfc062723c751e8b465ee728b)
Start importing Assets/Scripts/AutoShoot.cs using Guid(adafc00a93ffaa2458f9e9945c50402e) Importer(815301076,1909f56bfc062723c751e8b465ee728b) (PreviewImporter) -> (artifact id: '00000000000000000000000000000000') in 0.0006678 seconds
Import Error Code:(4)
Message: Build asset version error: assets/scripts/autoshoot.cs in SourceAssetDB has modification time of '2026-05-01T22:03:16.8502543Z' while content on disk has modification time of '2026-05-01T22:03:31.9912102Z'
  ERROR: Build asset version error: assets/scripts/autoshoot.cs in SourceAssetDB has modification time of '2026-05-01T22:03:16.8502543Z' while content on disk has modification time of '2026-05-01T22:03:31.9912102Z'
Number of updated asset objects reloaded before import = 0Number of asset objects unloaded after import = 0

========================================================================
Received Import Request.
  Time since last request: 0.000022 seconds.
  path: Assets/Scripts/AutoShoot.cs
  artifactKey: Guid(adafc00a93ffaa2458f9e9945c50402e) Importer(815301076,1909f56bfc062723c751e8b465ee728b)
Start importing Assets/Scripts/AutoShoot.cs using Guid(adafc00a93ffaa2458f9e9945c50402e) Importer(815301076,1909f56bfc062723c751e8b465ee728b) (PreviewImporter) -> (artifact id: '00000000000000000000000000000000') in 0.0010775 seconds
Import Error Code:(4)
Message: Build asset version error: assets/scripts/autoshoot.cs in SourceAssetDB has modification time of '2026-05-01T22:03:16.8502543Z' while content on disk has modification time of '2026-05-01T22:03:31.9912102Z'
  ERROR: Build asset version error: assets/scripts/autoshoot.cs in SourceAssetDB has modification time of '2026-05-01T22:03:16.8502543Z' while content on disk has modification time of '2026-05-01T22:03:31.9912102Z'
Number of updated asset objects reloaded before import = 0Number of asset objects unloaded after import = 0

========================================================================
Received Import Request.
  Time since last request: 0.000017 seconds.
  path: Assets/Scripts/AutoShoot.cs
  artifactKey: Guid(adafc00a93ffaa2458f9e9945c50402e) Importer(815301076,1909f56bfc062723c751e8b465ee728b)
Start importing Assets/Scripts/AutoShoot.cs using Guid(adafc00a93ffaa2458f9e9945c50402e) Importer(815301076,1909f56bfc062723c751e8b465ee728b) (PreviewImporter) -> (artifact id: '00000000000000000000000000000000') in 0.0006993 seconds
Import Error Code:(4)
Message: Build asset version error: assets/scripts/autoshoot.cs in SourceAssetDB has modification time of '2026-05-01T22:03:16.8502543Z' while content on disk has modification time of '2026-05-01T22:03:31.9912102Z'
  ERROR: Build asset version error: assets/scripts/autoshoot.cs in SourceAssetDB has modification time of '2026-05-01T22:03:16.8502543Z' while content on disk has modification time of '2026-05-01T22:03:31.9912102Z'
Number of updated asset objects reloaded before import = 0Number of asset objects unloaded after import = 0

========================================================================
Received Import Request.
  Time since last request: 0.000020 seconds.
  path: Assets/Scripts/AutoShoot.cs
  artifactKey: Guid(adafc00a93ffaa2458f9e9945c50402e) Importer(815301076,1909f56bfc062723c751e8b465ee728b)
Start importing Assets/Scripts/AutoShoot.cs using Guid(adafc00a93ffaa2458f9e9945c50402e) Importer(815301076,1909f56bfc062723c751e8b465ee728b) (PreviewImporter) -> (artifact id: '00000000000000000000000000000000') in 0.0007754 seconds
Import Error Code:(4)
Message: Build asset version error: assets/scripts/autoshoot.cs in SourceAssetDB has modification time of '2026-05-01T22:03:16.8502543Z' while content on disk has modification time of '2026-05-01T22:03:31.9912102Z'
  ERROR: Build asset version error: assets/scripts/autoshoot.cs in SourceAssetDB has modification time of '2026-05-01T22:03:16.8502543Z' while content on disk has modification time of '2026-05-01T22:03:31.9912102Z'
Number of updated asset objects reloaded before import = 0Number of asset objects unloaded after import = 0

========================================================================
Received Import Request.
  Time since last request: 0.000018 seconds.
  path: Assets/Scripts/AutoShoot.cs
  artifactKey: Guid(adafc00a93ffaa2458f9e9945c50402e) Importer(815301076,1909f56bfc062723c751e8b465ee728b)
Start importing Assets/Scripts/AutoShoot.cs using Guid(adafc00a93ffaa2458f9e9945c50402e) Importer(815301076,1909f56bfc062723c751e8b465ee728b) (PreviewImporter) -> (artifact id: '00000000000000000000000000000000') in 0.0006466 seconds
Import Error Code:(4)
Message: Build asset version error: assets/scripts/autoshoot.cs in SourceAssetDB has modification time of '2026-05-01T22:03:16.8502543Z' while content on disk has modification time of '2026-05-01T22:03:31.9912102Z'
  ERROR: Build asset version error: assets/scripts/autoshoot.cs in SourceAssetDB has modification time of '2026-05-01T22:03:16.8502543Z' while content on disk has modification time of '2026-05-01T22:03:31.9912102Z'
Number of updated asset objects reloaded before import = 0Number of asset objects unloaded after import = 0

========================================================================
Received Import Request.
  Time since last request: 0.000035 seconds.
  path: Assets/Scripts/AutoShoot.cs
  artifactKey: Guid(adafc00a93ffaa2458f9e9945c50402e) Importer(815301076,1909f56bfc062723c751e8b465ee728b)
Start importing Assets/Scripts/AutoShoot.cs using Guid(adafc00a93ffaa2458f9e9945c50402e) Importer(815301076,1909f56bfc062723c751e8b465ee728b) (PreviewImporter) -> (artifact id: '00000000000000000000000000000000') in 0.0008749 seconds
Import Error Code:(4)
Message: Build asset version error: assets/scripts/autoshoot.cs in SourceAssetDB has modification time of '2026-05-01T22:03:16.8502543Z' while content on disk has modification time of '2026-05-01T22:03:31.9912102Z'
  ERROR: Build asset version error: assets/scripts/autoshoot.cs in SourceAssetDB has modification time of '2026-05-01T22:03:16.8502543Z' while content on disk has modification time of '2026-05-01T22:03:31.9912102Z'
Number of updated asset objects reloaded before import = 0Number of asset objects unloaded after import = 0

========================================================================
Received Import Request.
  Time since last request: 0.000015 seconds.
  path: Assets/Scripts/AutoShoot.cs
  artifactKey: Guid(adafc00a93ffaa2458f9e9945c50402e) Importer(815301076,1909f56bfc062723c751e8b465ee728b)
Start importing Assets/Scripts/AutoShoot.cs using Guid(adafc00a93ffaa2458f9e9945c50402e) Importer(815301076,1909f56bfc062723c751e8b465ee728b) (PreviewImporter) -> (artifact id: '00000000000000000000000000000000') in 0.0009244 seconds
Import Error Code:(4)
Message: Build asset version error: assets/scripts/autoshoot.cs in SourceAssetDB has modification time of '2026-05-01T22:03:16.8502543Z' while content on disk has modification time of '2026-05-01T22:03:31.9912102Z'
  ERROR: Build asset version error: assets/scripts/autoshoot.cs in SourceAssetDB has modification time of '2026-05-01T22:03:16.8502543Z' while content on disk has modification time of '2026-05-01T22:03:31.9912102Z'
Number of updated asset objects reloaded before import = 0Number of asset objects unloaded after import = 0

========================================================================
Received Import Request.
  Time since last request: 0.000023 seconds.
  path: Assets/Scripts/AutoShoot.cs
  artifactKey: Guid(adafc00a93ffaa2458f9e9945c50402e) Importer(815301076,1909f56bfc062723c751e8b465ee728b)
Start importing Assets/Scripts/AutoShoot.cs using Guid(adafc00a93ffaa2458f9e9945c50402e) Importer(815301076,1909f56bfc062723c751e8b465ee728b) (PreviewImporter) -> (artifact id: '00000000000000000000000000000000') in 0.0007184 seconds
Import Error Code:(4)
Message: Build asset version error: assets/scripts/autoshoot.cs in SourceAssetDB has modification time of '2026-05-01T22:03:16.8502543Z' while content on disk has modification time of '2026-05-01T22:03:31.9912102Z'
  ERROR: Build asset version error: assets/scripts/autoshoot.cs in SourceAssetDB has modification time of '2026-05-01T22:03:16.8502543Z' while content on disk has modification time of '2026-05-01T22:03:31.9912102Z'
Number of updated asset objects reloaded before import = 0Number of asset objects unloaded after import = 0

========================================================================
Received Import Request.
  Time since last request: 0.000018 seconds.
  path: Assets/Scripts/AutoShoot.cs
  artifactKey: Guid(adafc00a93ffaa2458f9e9945c50402e) Importer(815301076,1909f56bfc062723c751e8b465ee728b)
Start importing Assets/Scripts/AutoShoot.cs using Guid(adafc00a93ffaa2458f9e9945c50402e) Importer(815301076,1909f56bfc062723c751e8b465ee728b) (PreviewImporter) -> (artifact id: '00000000000000000000000000000000') in 0.0006814 seconds
Import Error Code:(4)
Message: Build asset version error: assets/scripts/autoshoot.cs in SourceAssetDB has modification time of '2026-05-01T22:03:16.8502543Z' while content on disk has modification time of '2026-05-01T22:03:31.9912102Z'
  ERROR: Build asset version error: assets/scripts/autoshoot.cs in SourceAssetDB has modification time of '2026-05-01T22:03:16.8502543Z' while content on disk has modification time of '2026-05-01T22:03:31.9912102Z'
Number of updated asset objects reloaded before import = 0Number of asset objects unloaded after import = 0

========================================================================
Received Import Request.
  Time since last request: 0.000016 seconds.
  path: Assets/Scripts/AutoShoot.cs
  artifactKey: Guid(adafc00a93ffaa2458f9e9945c50402e) Importer(815301076,1909f56bfc062723c751e8b465ee728b)
Start importing Assets/Scripts/AutoShoot.cs using Guid(adafc00a93ffaa2458f9e9945c50402e) Importer(815301076,1909f56bfc062723c751e8b465ee728b) (PreviewImporter) -> (artifact id: '00000000000000000000000000000000') in 0.0006707 seconds
Import Error Code:(4)
Message: Build asset version error: assets/scripts/autoshoot.cs in SourceAssetDB has modification time of '2026-05-01T22:03:16.8502543Z' while content on disk has modification time of '2026-05-01T22:03:31.9912102Z'
  ERROR: Build asset version error: assets/scripts/autoshoot.cs in SourceAssetDB has modification time of '2026-05-01T22:03:16.8502543Z' while content on disk has modification time of '2026-05-01T22:03:31.9912102Z'
Number of updated asset objects reloaded before import = 0Number of asset objects unloaded after import = 0

========================================================================
Received Import Request.
  Time since last request: 0.000029 seconds.
  path: Assets/Scripts/AutoShoot.cs
  artifactKey: Guid(adafc00a93ffaa2458f9e9945c50402e) Importer(815301076,1909f56bfc062723c751e8b465ee728b)
Start importing Assets/Scripts/AutoShoot.cs using Guid(adafc00a93ffaa2458f9e9945c50402e) Importer(815301076,1909f56bfc062723c751e8b465ee728b) (PreviewImporter) -> (artifact id: '00000000000000000000000000000000') in 0.0006355 seconds
Import Error Code:(4)
Message: Build asset version error: assets/scripts/autoshoot.cs in SourceAssetDB has modification time of '2026-05-01T22:03:16.8502543Z' while content on disk has modification time of '2026-05-01T22:03:31.9912102Z'
  ERROR: Build asset version error: assets/scripts/autoshoot.cs in SourceAssetDB has modification time of '2026-05-01T22:03:16.8502543Z' while content on disk has modification time of '2026-05-01T22:03:31.9912102Z'
Number of updated asset objects reloaded before import = 0Number of asset objects unloaded after import = 0

========================================================================
Received Import Request.
  Time since last request: 0.000016 seconds.
  path: Assets/Scripts/AutoShoot.cs
  artifactKey: Guid(adafc00a93ffaa2458f9e9945c50402e) Importer(815301076,1909f56bfc062723c751e8b465ee728b)
Start importing Assets/Scripts/AutoShoot.cs using Guid(adafc00a93ffaa2458f9e9945c50402e) Importer(815301076,1909f56bfc062723c751e8b465ee728b) (PreviewImporter) -> (artifact id: '00000000000000000000000000000000') in 0.0007779 seconds
Import Error Code:(4)
Message: Build asset version error: assets/scripts/autoshoot.cs in SourceAssetDB has modification time of '2026-05-01T22:03:16.8502543Z' while content on disk has modification time of '2026-05-01T22:03:31.9912102Z'
  ERROR: Build asset version error: assets/scripts/autoshoot.cs in SourceAssetDB has modification time of '2026-05-01T22:03:16.8502543Z' while content on disk has modification time of '2026-05-01T22:03:31.9912102Z'
Number of updated asset objects reloaded before import = 0Number of asset objects unloaded after import = 0

========================================================================
Received Import Request.
  Time since last request: 0.000015 seconds.
  path: Assets/Scripts/AutoShoot.cs
  artifactKey: Guid(adafc00a93ffaa2458f9e9945c50402e) Importer(815301076,1909f56bfc062723c751e8b465ee728b)
Start importing Assets/Scripts/AutoShoot.cs using Guid(adafc00a93ffaa2458f9e9945c50402e) Importer(815301076,1909f56bfc062723c751e8b465ee728b) (PreviewImporter) -> (artifact id: '00000000000000000000000000000000') in 0.0007161 seconds
Import Error Code:(4)
Message: Build asset version error: assets/scripts/autoshoot.cs in SourceAssetDB has modification time of '2026-05-01T22:03:16.8502543Z' while content on disk has modification time of '2026-05-01T22:03:31.9912102Z'
  ERROR: Build asset version error: assets/scripts/autoshoot.cs in SourceAssetDB has modification time of '2026-05-01T22:03:16.8502543Z' while content on disk has modification time of '2026-05-01T22:03:31.9912102Z'
Number of updated asset objects reloaded before import = 0Number of asset objects unloaded after import = 0

========================================================================
Received Import Request.
  Time since last request: 0.000017 seconds.
  path: Assets/Scripts/AutoShoot.cs
  artifactKey: Guid(adafc00a93ffaa2458f9e9945c50402e) Importer(815301076,1909f56bfc062723c751e8b465ee728b)
Start importing Assets/Scripts/AutoShoot.cs using Guid(adafc00a93ffaa2458f9e9945c50402e) Importer(815301076,1909f56bfc062723c751e8b465ee728b) (PreviewImporter) -> (artifact id: '00000000000000000000000000000000') in 0.0009655 seconds
Import Error Code:(4)
Message: Build asset version error: assets/scripts/autoshoot.cs in SourceAssetDB has modification time of '2026-05-01T22:03:16.8502543Z' while content on disk has modification time of '2026-05-01T22:03:31.9912102Z'
  ERROR: Build asset version error: assets/scripts/autoshoot.cs in SourceAssetDB has modification time of '2026-05-01T22:03:16.8502543Z' while content on disk has modification time of '2026-05-01T22:03:31.9912102Z'
Number of updated asset objects reloaded before import = 0Number of asset objects unloaded after import = 0

========================================================================
Received Import Request.
  Time since last request: 0.000018 seconds.
  path: Assets/Scripts/AutoShoot.cs
  artifactKey: Guid(adafc00a93ffaa2458f9e9945c50402e) Importer(815301076,1909f56bfc062723c751e8b465ee728b)
Start importing Assets/Scripts/AutoShoot.cs using Guid(adafc00a93ffaa2458f9e9945c50402e) Importer(815301076,1909f56bfc062723c751e8b465ee728b) (PreviewImporter) -> (artifact id: '00000000000000000000000000000000') in 0.0008617 seconds
Import Error Code:(4)
Message: Build asset version error: assets/scripts/autoshoot.cs in SourceAssetDB has modification time of '2026-05-01T22:03:16.8502543Z' while content on disk has modification time of '2026-05-01T22:03:31.9912102Z'
  ERROR: Build asset version error: assets/scripts/autoshoot.cs in SourceAssetDB has modification time of '2026-05-01T22:03:16.8502543Z' while content on disk has modification time of '2026-05-01T22:03:31.9912102Z'
Number of updated asset objects reloaded before import = 0Number of asset objects unloaded after import = 0

========================================================================
Received Import Request.
  Time since last request: 0.000018 seconds.
  path: Assets/Scripts/AutoShoot.cs
  artifactKey: Guid(adafc00a93ffaa2458f9e9945c50402e) Importer(815301076,1909f56bfc062723c751e8b465ee728b)
Start importing Assets/Scripts/AutoShoot.cs using Guid(adafc00a93ffaa2458f9e9945c50402e) Importer(815301076,1909f56bfc062723c751e8b465ee728b) (PreviewImporter) -> (artifact id: '00000000000000000000000000000000') in 0.0007372 seconds
Import Error Code:(4)
Message: Build asset version error: assets/scripts/autoshoot.cs in SourceAssetDB has modification time of '2026-05-01T22:03:16.8502543Z' while content on disk has modification time of '2026-05-01T22:03:31.9912102Z'
  ERROR: Build asset version error: assets/scripts/autoshoot.cs in SourceAssetDB has modification time of '2026-05-01T22:03:16.8502543Z' while content on disk has modification time of '2026-05-01T22:03:31.9912102Z'
Number of updated asset objects reloaded before import = 0Number of asset objects unloaded after import = 0

========================================================================
Received Import Request.
  Time since last request: 0.000032 seconds.
  path: Assets/Scripts/AutoShoot.cs
  artifactKey: Guid(adafc00a93ffaa2458f9e9945c50402e) Importer(815301076,1909f56bfc062723c751e8b465ee728b)
Start importing Assets/Scripts/AutoShoot.cs using Guid(adafc00a93ffaa2458f9e9945c50402e) Importer(815301076,1909f56bfc062723c751e8b465ee728b) (PreviewImporter) -> (artifact id: '00000000000000000000000000000000') in 0.0006584 seconds
Import Error Code:(4)
Message: Build asset version error: assets/scripts/autoshoot.cs in SourceAssetDB has modification time of '2026-05-01T22:03:16.8502543Z' while content on disk has modification time of '2026-05-01T22:03:31.9912102Z'
  ERROR: Build asset version error: assets/scripts/autoshoot.cs in SourceAssetDB has modification time of '2026-05-01T22:03:16.8502543Z' while content on disk has modification time of '2026-05-01T22:03:31.9912102Z'
Number of updated asset objects reloaded before import = 0Number of asset objects unloaded after import = 0

========================================================================
Received Import Request.
  Time since last request: 0.000015 seconds.
  path: Assets/Scripts/AutoShoot.cs
  artifactKey: Guid(adafc00a93ffaa2458f9e9945c50402e) Importer(815301076,1909f56bfc062723c751e8b465ee728b)
Start importing Assets/Scripts/AutoShoot.cs using Guid(adafc00a93ffaa2458f9e9945c50402e) Importer(815301076,1909f56bfc062723c751e8b465ee728b) (PreviewImporter) -> (artifact id: '00000000000000000000000000000000') in 0.0006368 seconds
Import Error Code:(4)
Message: Build asset version error: assets/scripts/autoshoot.cs in SourceAssetDB has modification time of '2026-05-01T22:03:16.8502543Z' while content on disk has modification time of '2026-05-01T22:03:31.9912102Z'
  ERROR: Build asset version error: assets/scripts/autoshoot.cs in SourceAssetDB has modification time of '2026-05-01T22:03:16.8502543Z' while content on disk has modification time of '2026-05-01T22:03:31.9912102Z'
Number of updated asset objects reloaded before import = 0Number of asset objects unloaded after import = 0

========================================================================
Received Import Request.
  Time since last request: 0.000019 seconds.
  path: Assets/Scripts/AutoShoot.cs
  artifactKey: Guid(adafc00a93ffaa2458f9e9945c50402e) Importer(815301076,1909f56bfc062723c751e8b465ee728b)
Start importing Assets/Scripts/AutoShoot.cs using Guid(adafc00a93ffaa2458f9e9945c50402e) Importer(815301076,1909f56bfc062723c751e8b465ee728b) (PreviewImporter) -> (artifact id: '00000000000000000000000000000000') in 0.0006504 seconds
Import Error Code:(4)
Message: Build asset version error: assets/scripts/autoshoot.cs in SourceAssetDB has modification time of '2026-05-01T22:03:16.8502543Z' while content on disk has modification time of '2026-05-01T22:03:31.9912102Z'
  ERROR: Build asset version error: assets/scripts/autoshoot.cs in SourceAssetDB has modification time of '2026-05-01T22:03:16.8502543Z' while content on disk has modification time of '2026-05-01T22:03:31.9912102Z'
Number of updated asset objects reloaded before import = 0Number of asset objects unloaded after import = 0

========================================================================
Received Import Request.
  Time since last request: 0.000019 seconds.
  path: Assets/Scripts/AutoShoot.cs
  artifactKey: Guid(adafc00a93ffaa2458f9e9945c50402e) Importer(815301076,1909f56bfc062723c751e8b465ee728b)
Start importing Assets/Scripts/AutoShoot.cs using Guid(adafc00a93ffaa2458f9e9945c50402e) Importer(815301076,1909f56bfc062723c751e8b465ee728b) (PreviewImporter) -> (artifact id: '00000000000000000000000000000000') in 0.000684 seconds
Import Error Code:(4)
Message: Build asset version error: assets/scripts/autoshoot.cs in SourceAssetDB has modification time of '2026-05-01T22:03:16.8502543Z' while content on disk has modification time of '2026-05-01T22:03:31.9912102Z'
  ERROR: Build asset version error: assets/scripts/autoshoot.cs in SourceAssetDB has modification time of '2026-05-01T22:03:16.8502543Z' while content on disk has modification time of '2026-05-01T22:03:31.9912102Z'
Number of updated asset objects reloaded before import = 0Number of asset objects unloaded after import = 0

========================================================================
Received Import Request.
  Time since last request: 0.000032 seconds.
  path: Assets/Scripts/AutoShoot.cs
  artifactKey: Guid(adafc00a93ffaa2458f9e9945c50402e) Importer(815301076,1909f56bfc062723c751e8b465ee728b)
Start importing Assets/Scripts/AutoShoot.cs using Guid(adafc00a93ffaa2458f9e9945c50402e) Importer(815301076,1909f56bfc062723c751e8b465ee728b) (PreviewImporter) -> (artifact id: '00000000000000000000000000000000') in 0.0007659 seconds
Import Error Code:(4)
Message: Build asset version error: assets/scripts/autoshoot.cs in SourceAssetDB has modification time of '2026-05-01T22:03:16.8502543Z' while content on disk has modification time of '2026-05-01T22:03:31.9912102Z'
  ERROR: Build asset version error: assets/scripts/autoshoot.cs in SourceAssetDB has modification time of '2026-05-01T22:03:16.8502543Z' while content on disk has modification time of '2026-05-01T22:03:31.9912102Z'
Number of updated asset objects reloaded before import = 0Number of asset objects unloaded after import = 0

========================================================================
Received Import Request.
  Time since last request: 0.000026 seconds.
  path: Assets/Scripts/AutoShoot.cs
  artifactKey: Guid(adafc00a93ffaa2458f9e9945c50402e) Importer(815301076,1909f56bfc062723c751e8b465ee728b)
Start importing Assets/Scripts/AutoShoot.cs using Guid(adafc00a93ffaa2458f9e9945c50402e) Importer(815301076,1909f56bfc062723c751e8b465ee728b) (PreviewImporter) -> (artifact id: '00000000000000000000000000000000') in 0.0006957 seconds
Import Error Code:(4)
Message: Build asset version error: assets/scripts/autoshoot.cs in SourceAssetDB has modification time of '2026-05-01T22:03:16.8502543Z' while content on disk has modification time of '2026-05-01T22:03:31.9912102Z'
  ERROR: Build asset version error: assets/scripts/autoshoot.cs in SourceAssetDB has modification time of '2026-05-01T22:03:16.8502543Z' while content on disk has modification time of '2026-05-01T22:03:31.9912102Z'
Number of updated asset objects reloaded before import = 0Number of asset objects unloaded after import = 0

========================================================================
Received Import Request.
  Time since last request: 0.000032 seconds.
  path: Assets/Scripts/AutoShoot.cs
  artifactKey: Guid(adafc00a93ffaa2458f9e9945c50402e) Importer(815301076,1909f56bfc062723c751e8b465ee728b)
Start importing Assets/Scripts/AutoShoot.cs using Guid(adafc00a93ffaa2458f9e9945c50402e) Importer(815301076,1909f56bfc062723c751e8b465ee728b) (PreviewImporter) -> (artifact id: '00000000000000000000000000000000') in 0.0008481 seconds
Import Error Code:(4)
Message: Build asset version error: assets/scripts/autoshoot.cs in SourceAssetDB has modification time of '2026-05-01T22:03:16.8502543Z' while content on disk has modification time of '2026-05-01T22:03:31.9912102Z'
  ERROR: Build asset version error: assets/scripts/autoshoot.cs in SourceAssetDB has modification time of '2026-05-01T22:03:16.8502543Z' while content on disk has modification time of '2026-05-01T22:03:31.9912102Z'
Number of updated asset objects reloaded before import = 0Number of asset objects unloaded after import = 0

========================================================================
Received Import Request.
  Time since last request: 0.000026 seconds.
  path: Assets/Scripts/AutoShoot.cs
  artifactKey: Guid(adafc00a93ffaa2458f9e9945c50402e) Importer(815301076,1909f56bfc062723c751e8b465ee728b)
Start importing Assets/Scripts/AutoShoot.cs using Guid(adafc00a93ffaa2458f9e9945c50402e) Importer(815301076,1909f56bfc062723c751e8b465ee728b) (PreviewImporter) -> (artifact id: '00000000000000000000000000000000') in 0.0007555 seconds
Import Error Code:(4)
Message: Build asset version error: assets/scripts/autoshoot.cs in SourceAssetDB has modification time of '2026-05-01T22:03:16.8502543Z' while content on disk has modification time of '2026-05-01T22:03:31.9912102Z'
  ERROR: Build asset version error: assets/scripts/autoshoot.cs in SourceAssetDB has modification time of '2026-05-01T22:03:16.8502543Z' while content on disk has modification time of '2026-05-01T22:03:31.9912102Z'
Number of updated asset objects reloaded before import = 0Number of asset objects unloaded after import = 0

========================================================================
Received Import Request.
  Time since last request: 0.000026 seconds.
  path: Assets/Scripts/AutoShoot.cs
  artifactKey: Guid(adafc00a93ffaa2458f9e9945c50402e) Importer(815301076,1909f56bfc062723c751e8b465ee728b)
Start importing Assets/Scripts/AutoShoot.cs using Guid(adafc00a93ffaa2458f9e9945c50402e) Importer(815301076,1909f56bfc062723c751e8b465ee728b) (PreviewImporter) -> (artifact id: '00000000000000000000000000000000') in 0.000606 seconds
Import Error Code:(4)
Message: Build asset version error: assets/scripts/autoshoot.cs in SourceAssetDB has modification time of '2026-05-01T22:03:16.8502543Z' while content on disk has modification time of '2026-05-01T22:03:31.9912102Z'
  ERROR: Build asset version error: assets/scripts/autoshoot.cs in SourceAssetDB has modification time of '2026-05-01T22:03:16.8502543Z' while content on disk has modification time of '2026-05-01T22:03:31.9912102Z'
Number of updated asset objects reloaded before import = 0Number of asset objects unloaded after import = 0

========================================================================
Received Import Request.
  Time since last request: 0.000022 seconds.
  path: Assets/Scripts/AutoShoot.cs
  artifactKey: Guid(adafc00a93ffaa2458f9e9945c50402e) Importer(815301076,1909f56bfc062723c751e8b465ee728b)
Start importing Assets/Scripts/AutoShoot.cs using Guid(adafc00a93ffaa2458f9e9945c50402e) Importer(815301076,1909f56bfc062723c751e8b465ee728b) (PreviewImporter) -> (artifact id: '00000000000000000000000000000000') in 0.0006757 seconds
Import Error Code:(4)
Message: Build asset version error: assets/scripts/autoshoot.cs in SourceAssetDB has modification time of '2026-05-01T22:03:16.8502543Z' while content on disk has modification time of '2026-05-01T22:03:31.9912102Z'
  ERROR: Build asset version error: assets/scripts/autoshoot.cs in SourceAssetDB has modification time of '2026-05-01T22:03:16.8502543Z' while content on disk has modification time of '2026-05-01T22:03:31.9912102Z'
Number of updated asset objects reloaded before import = 0Number of asset objects unloaded after import = 0

========================================================================
Received Import Request.
  Time since last request: 0.000020 seconds.
  path: Assets/Scripts/AutoShoot.cs
  artifactKey: Guid(adafc00a93ffaa2458f9e9945c50402e) Importer(815301076,1909f56bfc062723c751e8b465ee728b)
Start importing Assets/Scripts/AutoShoot.cs using Guid(adafc00a93ffaa2458f9e9945c50402e) Importer(815301076,1909f56bfc062723c751e8b465ee728b) (PreviewImporter) -> (artifact id: '00000000000000000000000000000000') in 0.0007009 seconds
Import Error Code:(4)
Message: Build asset version error: assets/scripts/autoshoot.cs in SourceAssetDB has modification time of '2026-05-01T22:03:16.8502543Z' while content on disk has modification time of '2026-05-01T22:03:31.9912102Z'
  ERROR: Build asset version error: assets/scripts/autoshoot.cs in SourceAssetDB has modification time of '2026-05-01T22:03:16.8502543Z' while content on disk has modification time of '2026-05-01T22:03:31.9912102Z'
Number of updated asset objects reloaded before import = 0Number of asset objects unloaded after import = 0

========================================================================
Received Import Request.
  Time since last request: 0.000021 seconds.
  path: Assets/Scripts/AutoShoot.cs
  artifactKey: Guid(adafc00a93ffaa2458f9e9945c50402e) Importer(815301076,1909f56bfc062723c751e8b465ee728b)
Start importing Assets/Scripts/AutoShoot.cs using Guid(adafc00a93ffaa2458f9e9945c50402e) Importer(815301076,1909f56bfc062723c751e8b465ee728b) (PreviewImporter) -> (artifact id: '00000000000000000000000000000000') in 0.0006945 seconds
Import Error Code:(4)
Message: Build asset version error: assets/scripts/autoshoot.cs in SourceAssetDB has modification time of '2026-05-01T22:03:16.8502543Z' while content on disk has modification time of '2026-05-01T22:03:31.9912102Z'
  ERROR: Build asset version error: assets/scripts/autoshoot.cs in SourceAssetDB has modification time of '2026-05-01T22:03:16.8502543Z' while content on disk has modification time of '2026-05-01T22:03:31.9912102Z'
Number of updated asset objects reloaded before import = 0Number of asset objects unloaded after import = 0

========================================================================
Received Import Request.
  Time since last request: 0.000028 seconds.
  path: Assets/Scripts/AutoShoot.cs
  artifactKey: Guid(adafc00a93ffaa2458f9e9945c50402e) Importer(815301076,1909f56bfc062723c751e8b465ee728b)
Start importing Assets/Scripts/AutoShoot.cs using Guid(adafc00a93ffaa2458f9e9945c50402e) Importer(815301076,1909f56bfc062723c751e8b465ee728b) (PreviewImporter) -> (artifact id: '00000000000000000000000000000000') in 0.0007956 seconds
Import Error Code:(4)
Message: Build asset version error: assets/scripts/autoshoot.cs in SourceAssetDB has modification time of '2026-05-01T22:03:16.8502543Z' while content on disk has modification time of '2026-05-01T22:03:31.9912102Z'
  ERROR: Build asset version error: assets/scripts/autoshoot.cs in SourceAssetDB has modification time of '2026-05-01T22:03:16.8502543Z' while content on disk has modification time of '2026-05-01T22:03:31.9912102Z'
Number of updated asset objects reloaded before import = 0Number of asset objects unloaded after import = 0

========================================================================
Received Import Request.
  Time since last request: 0.000015 seconds.
  path: Assets/Scripts/AutoShoot.cs
  artifactKey: Guid(adafc00a93ffaa2458f9e9945c50402e) Importer(815301076,1909f56bfc062723c751e8b465ee728b)
Start importing Assets/Scripts/AutoShoot.cs using Guid(adafc00a93ffaa2458f9e9945c50402e) Importer(815301076,1909f56bfc062723c751e8b465ee728b) (PreviewImporter) -> (artifact id: '00000000000000000000000000000000') in 0.0006627 seconds
Import Error Code:(4)
Message: Build asset version error: assets/scripts/autoshoot.cs in SourceAssetDB has modification time of '2026-05-01T22:03:16.8502543Z' while content on disk has modification time of '2026-05-01T22:03:31.9912102Z'
  ERROR: Build asset version error: assets/scripts/autoshoot.cs in SourceAssetDB has modification time of '2026-05-01T22:03:16.8502543Z' while content on disk has modification time of '2026-05-01T22:03:31.9912102Z'
Number of updated asset objects reloaded before import = 0Number of asset objects unloaded after import = 0

========================================================================
Received Import Request.
  Time since last request: 0.000014 seconds.
  path: Assets/Scripts/AutoShoot.cs
  artifactKey: Guid(adafc00a93ffaa2458f9e9945c50402e) Importer(815301076,1909f56bfc062723c751e8b465ee728b)
Start importing Assets/Scripts/AutoShoot.cs using Guid(adafc00a93ffaa2458f9e9945c50402e) Importer(815301076,1909f56bfc062723c751e8b465ee728b) (PreviewImporter) -> (artifact id: '00000000000000000000000000000000') in 0.0006745 seconds
Import Error Code:(4)
Message: Build asset version error: assets/scripts/autoshoot.cs in SourceAssetDB has modification time of '2026-05-01T22:03:16.8502543Z' while content on disk has modification time of '2026-05-01T22:03:31.9912102Z'
  ERROR: Build asset version error: assets/scripts/autoshoot.cs in SourceAssetDB has modification time of '2026-05-01T22:03:16.8502543Z' while content on disk has modification time of '2026-05-01T22:03:31.9912102Z'
Number of updated asset objects reloaded before import = 0Number of asset objects unloaded after import = 0

========================================================================
Received Import Request.
  Time since last request: 0.000014 seconds.
  path: Assets/Scripts/AutoShoot.cs
  artifactKey: Guid(adafc00a93ffaa2458f9e9945c50402e) Importer(815301076,1909f56bfc062723c751e8b465ee728b)
Start importing Assets/Scripts/AutoShoot.cs using Guid(adafc00a93ffaa2458f9e9945c50402e) Importer(815301076,1909f56bfc062723c751e8b465ee728b) (PreviewImporter) -> (artifact id: '00000000000000000000000000000000') in 0.000729 seconds
Import Error Code:(4)
Message: Build asset version error: assets/scripts/autoshoot.cs in SourceAssetDB has modification time of '2026-05-01T22:03:16.8502543Z' while content on disk has modification time of '2026-05-01T22:03:31.9912102Z'
  ERROR: Build asset version error: assets/scripts/autoshoot.cs in SourceAssetDB has modification time of '2026-05-01T22:03:16.8502543Z' while content on disk has modification time of '2026-05-01T22:03:31.9912102Z'
Number of updated asset objects reloaded before import = 0Number of asset objects unloaded after import = 0

========================================================================
Received Import Request.
  Time since last request: 0.000017 seconds.
  path: Assets/Scripts/AutoShoot.cs
  artifactKey: Guid(adafc00a93ffaa2458f9e9945c50402e) Importer(815301076,1909f56bfc062723c751e8b465ee728b)
Start importing Assets/Scripts/AutoShoot.cs using Guid(adafc00a93ffaa2458f9e9945c50402e) Importer(815301076,1909f56bfc062723c751e8b465ee728b) (PreviewImporter) -> (artifact id: '00000000000000000000000000000000') in 0.0008174 seconds
Import Error Code:(4)
Message: Build asset version error: assets/scripts/autoshoot.cs in SourceAssetDB has modification time of '2026-05-01T22:03:16.8502543Z' while content on disk has modification time of '2026-05-01T22:03:31.9912102Z'
  ERROR: Build asset version error: assets/scripts/autoshoot.cs in SourceAssetDB has modification time of '2026-05-01T22:03:16.8502543Z' while content on disk has modification time of '2026-05-01T22:03:31.9912102Z'
Number of updated asset objects reloaded before import = 0Number of asset objects unloaded after import = 0

========================================================================
Received Import Request.
  Time since last request: 0.000018 seconds.
  path: Assets/Scripts/AutoShoot.cs
  artifactKey: Guid(adafc00a93ffaa2458f9e9945c50402e) Importer(815301076,1909f56bfc062723c751e8b465ee728b)
Start importing Assets/Scripts/AutoShoot.cs using Guid(adafc00a93ffaa2458f9e9945c50402e) Importer(815301076,1909f56bfc062723c751e8b465ee728b) (PreviewImporter) -> (artifact id: '00000000000000000000000000000000') in 0.0006586 seconds
Import Error Code:(4)
Message: Build asset version error: assets/scripts/autoshoot.cs in SourceAssetDB has modification time of '2026-05-01T22:03:16.8502543Z' while content on disk has modification time of '2026-05-01T22:03:31.9912102Z'
  ERROR: Build asset version error: assets/scripts/autoshoot.cs in SourceAssetDB has modification time of '2026-05-01T22:03:16.8502543Z' while content on disk has modification time of '2026-05-01T22:03:31.9912102Z'
Number of updated asset objects reloaded before import = 0Number of asset objects unloaded after import = 0

========================================================================
Received Import Request.
  Time since last request: 0.000030 seconds.
  path: Assets/Scripts/AutoShoot.cs
  artifactKey: Guid(adafc00a93ffaa2458f9e9945c50402e) Importer(815301076,1909f56bfc062723c751e8b465ee728b)
Start importing Assets/Scripts/AutoShoot.cs using Guid(adafc00a93ffaa2458f9e9945c50402e) Importer(815301076,1909f56bfc062723c751e8b465ee728b) (PreviewImporter) -> (artifact id: '00000000000000000000000000000000') in 0.0006158 seconds
Import Error Code:(4)
Message: Build asset version error: assets/scripts/autoshoot.cs in SourceAssetDB has modification time of '2026-05-01T22:03:16.8502543Z' while content on disk has modification time of '2026-05-01T22:03:31.9912102Z'
  ERROR: Build asset version error: assets/scripts/autoshoot.cs in SourceAssetDB has modification time of '2026-05-01T22:03:16.8502543Z' while content on disk has modification time of '2026-05-01T22:03:31.9912102Z'
Number of updated asset objects reloaded before import = 0Number of asset objects unloaded after import = 0

========================================================================
Received Import Request.
  Time since last request: 0.000020 seconds.
  path: Assets/Scripts/AutoShoot.cs
  artifactKey: Guid(adafc00a93ffaa2458f9e9945c50402e) Importer(815301076,1909f56bfc062723c751e8b465ee728b)
Start importing Assets/Scripts/AutoShoot.cs using Guid(adafc00a93ffaa2458f9e9945c50402e) Importer(815301076,1909f56bfc062723c751e8b465ee728b) (PreviewImporter) -> (artifact id: '00000000000000000000000000000000') in 0.0007285 seconds
Import Error Code:(4)
Message: Build asset version error: assets/scripts/autoshoot.cs in SourceAssetDB has modification time of '2026-05-01T22:03:16.8502543Z' while content on disk has modification time of '2026-05-01T22:03:31.9912102Z'
  ERROR: Build asset version error: assets/scripts/autoshoot.cs in SourceAssetDB has modification time of '2026-05-01T22:03:16.8502543Z' while content on disk has modification time of '2026-05-01T22:03:31.9912102Z'
Number of updated asset objects reloaded before import = 0Number of asset objects unloaded after import = 0

========================================================================
Received Import Request.
  Time since last request: 0.000017 seconds.
  path: Assets/Scripts/AutoShoot.cs
  artifactKey: Guid(adafc00a93ffaa2458f9e9945c50402e) Importer(815301076,1909f56bfc062723c751e8b465ee728b)
Start importing Assets/Scripts/AutoShoot.cs using Guid(adafc00a93ffaa2458f9e9945c50402e) Importer(815301076,1909f56bfc062723c751e8b465ee728b) (PreviewImporter) -> (artifact id: '00000000000000000000000000000000') in 0.0006128 seconds
Import Error Code:(4)
Message: Build asset version error: assets/scripts/autoshoot.cs in SourceAssetDB has modification time of '2026-05-01T22:03:16.8502543Z' while content on disk has modification time of '2026-05-01T22:03:31.9912102Z'
  ERROR: Build asset version error: assets/scripts/autoshoot.cs in SourceAssetDB has modification time of '2026-05-01T22:03:16.8502543Z' while content on disk has modification time of '2026-05-01T22:03:31.9912102Z'
Number of updated asset objects reloaded before import = 0Number of asset objects unloaded after import = 0

========================================================================
Received Import Request.
  Time since last request: 0.000017 seconds.
  path: Assets/Scripts/AutoShoot.cs
  artifactKey: Guid(adafc00a93ffaa2458f9e9945c50402e) Importer(815301076,1909f56bfc062723c751e8b465ee728b)
Start importing Assets/Scripts/AutoShoot.cs using Guid(adafc00a93ffaa2458f9e9945c50402e) Importer(815301076,1909f56bfc062723c751e8b465ee728b) (PreviewImporter) -> (artifact id: '00000000000000000000000000000000') in 0.0006734 seconds
Import Error Code:(4)
Message: Build asset version error: assets/scripts/autoshoot.cs in SourceAssetDB has modification time of '2026-05-01T22:03:16.8502543Z' while content on disk has modification time of '2026-05-01T22:03:31.9912102Z'
  ERROR: Build asset version error: assets/scripts/autoshoot.cs in SourceAssetDB has modification time of '2026-05-01T22:03:16.8502543Z' while content on disk has modification time of '2026-05-01T22:03:31.9912102Z'
Number of updated asset objects reloaded before import = 0Number of asset objects unloaded after import = 0

========================================================================
Received Import Request.
  Time since last request: 0.000020 seconds.
  path: Assets/Scripts/AutoShoot.cs
  artifactKey: Guid(adafc00a93ffaa2458f9e9945c50402e) Importer(815301076,1909f56bfc062723c751e8b465ee728b)
Start importing Assets/Scripts/AutoShoot.cs using Guid(adafc00a93ffaa2458f9e9945c50402e) Importer(815301076,1909f56bfc062723c751e8b465ee728b) (PreviewImporter) -> (artifact id: '00000000000000000000000000000000') in 0.0007392 seconds
Import Error Code:(4)
Message: Build asset version error: assets/scripts/autoshoot.cs in SourceAssetDB has modification time of '2026-05-01T22:03:16.8502543Z' while content on disk has modification time of '2026-05-01T22:03:31.9912102Z'
  ERROR: Build asset version error: assets/scripts/autoshoot.cs in SourceAssetDB has modification time of '2026-05-01T22:03:16.8502543Z' while content on disk has modification time of '2026-05-01T22:03:31.9912102Z'
Number of updated asset objects reloaded before import = 0Number of asset objects unloaded after import = 0

========================================================================
Received Import Request.
  Time since last request: 0.000021 seconds.
  path: Assets/Scripts/AutoShoot.cs
  artifactKey: Guid(adafc00a93ffaa2458f9e9945c50402e) Importer(815301076,1909f56bfc062723c751e8b465ee728b)
Start importing Assets/Scripts/AutoShoot.cs using Guid(adafc00a93ffaa2458f9e9945c50402e) Importer(815301076,1909f56bfc062723c751e8b465ee728b) (PreviewImporter) -> (artifact id: '00000000000000000000000000000000') in 0.0006442 seconds
Import Error Code:(4)
Message: Build asset version error: assets/scripts/autoshoot.cs in SourceAssetDB has modification time of '2026-05-01T22:03:16.8502543Z' while content on disk has modification time of '2026-05-01T22:03:31.9912102Z'
  ERROR: Build asset version error: assets/scripts/autoshoot.cs in SourceAssetDB has modification time of '2026-05-01T22:03:16.8502543Z' while content on disk has modification time of '2026-05-01T22:03:31.9912102Z'
Number of updated asset objects reloaded before import = 0Number of asset objects unloaded after import = 0

========================================================================
Received Import Request.
  Time since last request: 0.000028 seconds.
  path: Assets/Scripts/AutoShoot.cs
  artifactKey: Guid(adafc00a93ffaa2458f9e9945c50402e) Importer(815301076,1909f56bfc062723c751e8b465ee728b)
Start importing Assets/Scripts/AutoShoot.cs using Guid(adafc00a93ffaa2458f9e9945c50402e) Importer(815301076,1909f56bfc062723c751e8b465ee728b) (PreviewImporter) -> (artifact id: '00000000000000000000000000000000') in 0.0006192 seconds
Import Error Code:(4)
Message: Build asset version error: assets/scripts/autoshoot.cs in SourceAssetDB has modification time of '2026-05-01T22:03:16.8502543Z' while content on disk has modification time of '2026-05-01T22:03:31.9912102Z'
  ERROR: Build asset version error: assets/scripts/autoshoot.cs in SourceAssetDB has modification time of '2026-05-01T22:03:16.8502543Z' while content on disk has modification time of '2026-05-01T22:03:31.9912102Z'
Number of updated asset objects reloaded before import = 0Number of asset objects unloaded after import = 0

========================================================================
Received Import Request.
  Time since last request: 0.000015 seconds.
  path: Assets/Scripts/AutoShoot.cs
  artifactKey: Guid(adafc00a93ffaa2458f9e9945c50402e) Importer(815301076,1909f56bfc062723c751e8b465ee728b)
Start importing Assets/Scripts/AutoShoot.cs using Guid(adafc00a93ffaa2458f9e9945c50402e) Importer(815301076,1909f56bfc062723c751e8b465ee728b) (PreviewImporter) -> (artifact id: '00000000000000000000000000000000') in 0.0009563 seconds
Import Error Code:(4)
Message: Build asset version error: assets/scripts/autoshoot.cs in SourceAssetDB has modification time of '2026-05-01T22:03:16.8502543Z' while content on disk has modification time of '2026-05-01T22:03:31.9912102Z'
  ERROR: Build asset version error: assets/scripts/autoshoot.cs in SourceAssetDB has modification time of '2026-05-01T22:03:16.8502543Z' while content on disk has modification time of '2026-05-01T22:03:31.9912102Z'
Number of updated asset objects reloaded before import = 0Number of asset objects unloaded after import = 0

========================================================================
Received Import Request.
  Time since last request: 0.000019 seconds.
  path: Assets/Scripts/AutoShoot.cs
  artifactKey: Guid(adafc00a93ffaa2458f9e9945c50402e) Importer(815301076,1909f56bfc062723c751e8b465ee728b)
Start importing Assets/Scripts/AutoShoot.cs using Guid(adafc00a93ffaa2458f9e9945c50402e) Importer(815301076,1909f56bfc062723c751e8b465ee728b) (PreviewImporter) -> (artifact id: '00000000000000000000000000000000') in 0.0006457 seconds
Import Error Code:(4)
Message: Build asset version error: assets/scripts/autoshoot.cs in SourceAssetDB has modification time of '2026-05-01T22:03:16.8502543Z' while content on disk has modification time of '2026-05-01T22:03:31.9912102Z'
  ERROR: Build asset version error: assets/scripts/autoshoot.cs in SourceAssetDB has modification time of '2026-05-01T22:03:16.8502543Z' while content on disk has modification time of '2026-05-01T22:03:31.9912102Z'
Number of updated asset objects reloaded before import = 0Number of asset objects unloaded after import = 0

========================================================================
Received Import Request.
  Time since last request: 0.000016 seconds.
  path: Assets/Scripts/AutoShoot.cs
  artifactKey: Guid(adafc00a93ffaa2458f9e9945c50402e) Importer(815301076,1909f56bfc062723c751e8b465ee728b)
Start importing Assets/Scripts/AutoShoot.cs using Guid(adafc00a93ffaa2458f9e9945c50402e) Importer(815301076,1909f56bfc062723c751e8b465ee728b) (PreviewImporter) -> (artifact id: '00000000000000000000000000000000') in 0.0007438 seconds
Import Error Code:(4)
Message: Build asset version error: assets/scripts/autoshoot.cs in SourceAssetDB has modification time of '2026-05-01T22:03:16.8502543Z' while content on disk has modification time of '2026-05-01T22:03:31.9912102Z'
  ERROR: Build asset version error: assets/scripts/autoshoot.cs in SourceAssetDB has modification time of '2026-05-01T22:03:16.8502543Z' while content on disk has modification time of '2026-05-01T22:03:31.9912102Z'
Number of updated asset objects reloaded before import = 0Number of asset objects unloaded after import = 0

========================================================================
Received Import Request.
  Time since last request: 0.000017 seconds.
  path: Assets/Scripts/AutoShoot.cs
  artifactKey: Guid(adafc00a93ffaa2458f9e9945c50402e) Importer(815301076,1909f56bfc062723c751e8b465ee728b)
Start importing Assets/Scripts/AutoShoot.cs using Guid(adafc00a93ffaa2458f9e9945c50402e) Importer(815301076,1909f56bfc062723c751e8b465ee728b) (PreviewImporter) -> (artifact id: '00000000000000000000000000000000') in 0.0007234 seconds
Import Error Code:(4)
Message: Build asset version error: assets/scripts/autoshoot.cs in SourceAssetDB has modification time of '2026-05-01T22:03:16.8502543Z' while content on disk has modification time of '2026-05-01T22:03:31.9912102Z'
  ERROR: Build asset version error: assets/scripts/autoshoot.cs in SourceAssetDB has modification time of '2026-05-01T22:03:16.8502543Z' while content on disk has modification time of '2026-05-01T22:03:31.9912102Z'
Number of updated asset objects reloaded before import = 0Number of asset objects unloaded after import = 0

========================================================================
Received Import Request.
  Time since last request: 0.000025 seconds.
  path: Assets/Scripts/AutoShoot.cs
  artifactKey: Guid(adafc00a93ffaa2458f9e9945c50402e) Importer(815301076,1909f56bfc062723c751e8b465ee728b)
Start importing Assets/Scripts/AutoShoot.cs using Guid(adafc00a93ffaa2458f9e9945c50402e) Importer(815301076,1909f56bfc062723c751e8b465ee728b) (PreviewImporter) -> (artifact id: '00000000000000000000000000000000') in 0.0006691 seconds
Import Error Code:(4)
Message: Build asset version error: assets/scripts/autoshoot.cs in SourceAssetDB has modification time of '2026-05-01T22:03:16.8502543Z' while content on disk has modification time of '2026-05-01T22:03:31.9912102Z'
  ERROR: Build asset version error: assets/scripts/autoshoot.cs in SourceAssetDB has modification time of '2026-05-01T22:03:16.8502543Z' while content on disk has modification time of '2026-05-01T22:03:31.9912102Z'
Number of updated asset objects reloaded before import = 0Number of asset objects unloaded after import = 0

========================================================================
Received Import Request.
  Time since last request: 0.000028 seconds.
  path: Assets/Scripts/AutoShoot.cs
  artifactKey: Guid(adafc00a93ffaa2458f9e9945c50402e) Importer(815301076,1909f56bfc062723c751e8b465ee728b)
Start importing Assets/Scripts/AutoShoot.cs using Guid(adafc00a93ffaa2458f9e9945c50402e) Importer(815301076,1909f56bfc062723c751e8b465ee728b) (PreviewImporter) -> (artifact id: '00000000000000000000000000000000') in 0.0006356 seconds
Import Error Code:(4)
Message: Build asset version error: assets/scripts/autoshoot.cs in SourceAssetDB has modification time of '2026-05-01T22:03:16.8502543Z' while content on disk has modification time of '2026-05-01T22:03:31.9912102Z'
  ERROR: Build asset version error: assets/scripts/autoshoot.cs in SourceAssetDB has modification time of '2026-05-01T22:03:16.8502543Z' while content on disk has modification time of '2026-05-01T22:03:31.9912102Z'
Number of updated asset objects reloaded before import = 0Number of asset objects unloaded after import = 0

========================================================================
Received Import Request.
  Time since last request: 0.000018 seconds.
  path: Assets/Scripts/AutoShoot.cs
  artifactKey: Guid(adafc00a93ffaa2458f9e9945c50402e) Importer(815301076,1909f56bfc062723c751e8b465ee728b)
Start importing Assets/Scripts/AutoShoot.cs using Guid(adafc00a93ffaa2458f9e9945c50402e) Importer(815301076,1909f56bfc062723c751e8b465ee728b) (PreviewImporter) -> (artifact id: '00000000000000000000000000000000') in 0.0006245 seconds
Import Error Code:(4)
Message: Build asset version error: assets/scripts/autoshoot.cs in SourceAssetDB has modification time of '2026-05-01T22:03:16.8502543Z' while content on disk has modification time of '2026-05-01T22:03:31.9912102Z'
  ERROR: Build asset version error: assets/scripts/autoshoot.cs in SourceAssetDB has modification time of '2026-05-01T22:03:16.8502543Z' while content on disk has modification time of '2026-05-01T22:03:31.9912102Z'
Number of updated asset objects reloaded before import = 0Number of asset objects unloaded after import = 0

========================================================================
Received Import Request.
  Time since last request: 0.000017 seconds.
  path: Assets/Scripts/AutoShoot.cs
  artifactKey: Guid(adafc00a93ffaa2458f9e9945c50402e) Importer(815301076,1909f56bfc062723c751e8b465ee728b)
Start importing Assets/Scripts/AutoShoot.cs using Guid(adafc00a93ffaa2458f9e9945c50402e) Importer(815301076,1909f56bfc062723c751e8b465ee728b) (PreviewImporter) -> (artifact id: '00000000000000000000000000000000') in 0.000866 seconds
Import Error Code:(4)
Message: Build asset version error: assets/scripts/autoshoot.cs in SourceAssetDB has modification time of '2026-05-01T22:03:16.8502543Z' while content on disk has modification time of '2026-05-01T22:03:31.9912102Z'
  ERROR: Build asset version error: assets/scripts/autoshoot.cs in SourceAssetDB has modification time of '2026-05-01T22:03:16.8502543Z' while content on disk has modification time of '2026-05-01T22:03:31.9912102Z'
Number of updated asset objects reloaded before import = 0Number of asset objects unloaded after import = 0

========================================================================
Received Import Request.
  Time since last request: 0.000018 seconds.
  path: Assets/Scripts/AutoShoot.cs
  artifactKey: Guid(adafc00a93ffaa2458f9e9945c50402e) Importer(815301076,1909f56bfc062723c751e8b465ee728b)
Start importing Assets/Scripts/AutoShoot.cs using Guid(adafc00a93ffaa2458f9e9945c50402e) Importer(815301076,1909f56bfc062723c751e8b465ee728b) (PreviewImporter) -> (artifact id: '00000000000000000000000000000000') in 0.0007063 seconds
Import Error Code:(4)
Message: Build asset version error: assets/scripts/autoshoot.cs in SourceAssetDB has modification time of '2026-05-01T22:03:16.8502543Z' while content on disk has modification time of '2026-05-01T22:03:31.9912102Z'
  ERROR: Build asset version error: assets/scripts/autoshoot.cs in SourceAssetDB has modification time of '2026-05-01T22:03:16.8502543Z' while content on disk has modification time of '2026-05-01T22:03:31.9912102Z'
Number of updated asset objects reloaded before import = 0Number of asset objects unloaded after import = 0

========================================================================
Received Import Request.
  Time since last request: 0.000016 seconds.
  path: Assets/Scripts/AutoShoot.cs
  artifactKey: Guid(adafc00a93ffaa2458f9e9945c50402e) Importer(815301076,1909f56bfc062723c751e8b465ee728b)
Start importing Assets/Scripts/AutoShoot.cs using Guid(adafc00a93ffaa2458f9e9945c50402e) Importer(815301076,1909f56bfc062723c751e8b465ee728b) (PreviewImporter) -> (artifact id: '00000000000000000000000000000000') in 0.0006629 seconds
Import Error Code:(4)
Message: Build asset version error: assets/scripts/autoshoot.cs in SourceAssetDB has modification time of '2026-05-01T22:03:16.8502543Z' while content on disk has modification time of '2026-05-01T22:03:31.9912102Z'
  ERROR: Build asset version error: assets/scripts/autoshoot.cs in SourceAssetDB has modification time of '2026-05-01T22:03:16.8502543Z' while content on disk has modification time of '2026-05-01T22:03:31.9912102Z'
Number of updated asset objects reloaded before import = 0Number of asset objects unloaded after import = 0

========================================================================
Received Import Request.
  Time since last request: 0.000017 seconds.
  path: Assets/Scripts/AutoShoot.cs
  artifactKey: Guid(adafc00a93ffaa2458f9e9945c50402e) Importer(815301076,1909f56bfc062723c751e8b465ee728b)
Start importing Assets/Scripts/AutoShoot.cs using Guid(adafc00a93ffaa2458f9e9945c50402e) Importer(815301076,1909f56bfc062723c751e8b465ee728b) (PreviewImporter) -> (artifact id: '00000000000000000000000000000000') in 0.0006868 seconds
Import Error Code:(4)
Message: Build asset version error: assets/scripts/autoshoot.cs in SourceAssetDB has modification time of '2026-05-01T22:03:16.8502543Z' while content on disk has modification time of '2026-05-01T22:03:31.9912102Z'
  ERROR: Build asset version error: assets/scripts/autoshoot.cs in SourceAssetDB has modification time of '2026-05-01T22:03:16.8502543Z' while content on disk has modification time of '2026-05-01T22:03:31.9912102Z'
Number of updated asset objects reloaded before import = 0Number of asset objects unloaded after import = 0

========================================================================
Received Import Request.
  Time since last request: 0.000023 seconds.
  path: Assets/Scripts/AutoShoot.cs
  artifactKey: Guid(adafc00a93ffaa2458f9e9945c50402e) Importer(815301076,1909f56bfc062723c751e8b465ee728b)
Start importing Assets/Scripts/AutoShoot.cs using Guid(adafc00a93ffaa2458f9e9945c50402e) Importer(815301076,1909f56bfc062723c751e8b465ee728b) (PreviewImporter) -> (artifact id: '00000000000000000000000000000000') in 0.0006942 seconds
Import Error Code:(4)
Message: Build asset version error: assets/scripts/autoshoot.cs in SourceAssetDB has modification time of '2026-05-01T22:03:16.8502543Z' while content on disk has modification time of '2026-05-01T22:03:31.9912102Z'
  ERROR: Build asset version error: assets/scripts/autoshoot.cs in SourceAssetDB has modification time of '2026-05-01T22:03:16.8502543Z' while content on disk has modification time of '2026-05-01T22:03:31.9912102Z'
Number of updated asset objects reloaded before import = 0Number of asset objects unloaded after import = 0

========================================================================
Received Import Request.
  Time since last request: 0.000021 seconds.
  path: Assets/Scripts/AutoShoot.cs
  artifactKey: Guid(adafc00a93ffaa2458f9e9945c50402e) Importer(815301076,1909f56bfc062723c751e8b465ee728b)
Start importing Assets/Scripts/AutoShoot.cs using Guid(adafc00a93ffaa2458f9e9945c50402e) Importer(815301076,1909f56bfc062723c751e8b465ee728b) (PreviewImporter) -> (artifact id: '00000000000000000000000000000000') in 0.0006265 seconds
Import Error Code:(4)
Message: Build asset version error: assets/scripts/autoshoot.cs in SourceAssetDB has modification time of '2026-05-01T22:03:16.8502543Z' while content on disk has modification time of '2026-05-01T22:03:31.9912102Z'
  ERROR: Build asset version error: assets/scripts/autoshoot.cs in SourceAssetDB has modification time of '2026-05-01T22:03:16.8502543Z' while content on disk has modification time of '2026-05-01T22:03:31.9912102Z'
Number of updated asset objects reloaded before import = 0Number of asset objects unloaded after import = 0

========================================================================
Received Import Request.
  Time since last request: 0.000023 seconds.
  path: Assets/Scripts/AutoShoot.cs
  artifactKey: Guid(adafc00a93ffaa2458f9e9945c50402e) Importer(815301076,1909f56bfc062723c751e8b465ee728b)
Start importing Assets/Scripts/AutoShoot.cs using Guid(adafc00a93ffaa2458f9e9945c50402e) Importer(815301076,1909f56bfc062723c751e8b465ee728b) (PreviewImporter) -> (artifact id: '00000000000000000000000000000000') in 0.0007842 seconds
Import Error Code:(4)
Message: Build asset version error: assets/scripts/autoshoot.cs in SourceAssetDB has modification time of '2026-05-01T22:03:16.8502543Z' while content on disk has modification time of '2026-05-01T22:03:31.9912102Z'
  ERROR: Build asset version error: assets/scripts/autoshoot.cs in SourceAssetDB has modification time of '2026-05-01T22:03:16.8502543Z' while content on disk has modification time of '2026-05-01T22:03:31.9912102Z'
Number of updated asset objects reloaded before import = 0Number of asset objects unloaded after import = 0

========================================================================
Received Import Request.
  Time since last request: 0.000026 seconds.
  path: Assets/Scripts/AutoShoot.cs
  artifactKey: Guid(adafc00a93ffaa2458f9e9945c50402e) Importer(815301076,1909f56bfc062723c751e8b465ee728b)
Start importing Assets/Scripts/AutoShoot.cs using Guid(adafc00a93ffaa2458f9e9945c50402e) Importer(815301076,1909f56bfc062723c751e8b465ee728b) (PreviewImporter) -> (artifact id: '00000000000000000000000000000000') in 0.0007516 seconds
Import Error Code:(4)
Message: Build asset version error: assets/scripts/autoshoot.cs in SourceAssetDB has modification time of '2026-05-01T22:03:16.8502543Z' while content on disk has modification time of '2026-05-01T22:03:31.9912102Z'
  ERROR: Build asset version error: assets/scripts/autoshoot.cs in SourceAssetDB has modification time of '2026-05-01T22:03:16.8502543Z' while content on disk has modification time of '2026-05-01T22:03:31.9912102Z'
Number of updated asset objects reloaded before import = 0Number of asset objects unloaded after import = 0

========================================================================
Received Import Request.
  Time since last request: 0.000017 seconds.
  path: Assets/Scripts/AutoShoot.cs
  artifactKey: Guid(adafc00a93ffaa2458f9e9945c50402e) Importer(815301076,1909f56bfc062723c751e8b465ee728b)
Start importing Assets/Scripts/AutoShoot.cs using Guid(adafc00a93ffaa2458f9e9945c50402e) Importer(815301076,1909f56bfc062723c751e8b465ee728b) (PreviewImporter) -> (artifact id: '00000000000000000000000000000000') in 0.0006596 seconds
Import Error Code:(4)
Message: Build asset version error: assets/scripts/autoshoot.cs in SourceAssetDB has modification time of '2026-05-01T22:03:16.8502543Z' while content on disk has modification time of '2026-05-01T22:03:31.9912102Z'
  ERROR: Build asset version error: assets/scripts/autoshoot.cs in SourceAssetDB has modification time of '2026-05-01T22:03:16.8502543Z' while content on disk has modification time of '2026-05-01T22:03:31.9912102Z'
Number of updated asset objects reloaded before import = 0Number of asset objects unloaded after import = 0

========================================================================
Received Import Request.
  Time since last request: 0.000018 seconds.
  path: Assets/Scripts/AutoShoot.cs
  artifactKey: Guid(adafc00a93ffaa2458f9e9945c50402e) Importer(815301076,1909f56bfc062723c751e8b465ee728b)
Start importing Assets/Scripts/AutoShoot.cs using Guid(adafc00a93ffaa2458f9e9945c50402e) Importer(815301076,1909f56bfc062723c751e8b465ee728b) (PreviewImporter) -> (artifact id: '00000000000000000000000000000000') in 0.0009086 seconds
Import Error Code:(4)
Message: Build asset version error: assets/scripts/autoshoot.cs in SourceAssetDB has modification time of '2026-05-01T22:03:16.8502543Z' while content on disk has modification time of '2026-05-01T22:03:31.9912102Z'
  ERROR: Build asset version error: assets/scripts/autoshoot.cs in SourceAssetDB has modification time of '2026-05-01T22:03:16.8502543Z' while content on disk has modification time of '2026-05-01T22:03:31.9912102Z'
Number of updated asset objects reloaded before import = 0Number of asset objects unloaded after import = 0

========================================================================
Received Import Request.
  Time since last request: 0.000031 seconds.
  path: Assets/Scripts/AutoShoot.cs
  artifactKey: Guid(adafc00a93ffaa2458f9e9945c50402e) Importer(815301076,1909f56bfc062723c751e8b465ee728b)
Start importing Assets/Scripts/AutoShoot.cs using Guid(adafc00a93ffaa2458f9e9945c50402e) Importer(815301076,1909f56bfc062723c751e8b465ee728b) (PreviewImporter) -> (artifact id: '00000000000000000000000000000000') in 0.0008748 seconds
Import Error Code:(4)
Message: Build asset version error: assets/scripts/autoshoot.cs in SourceAssetDB has modification time of '2026-05-01T22:03:16.8502543Z' while content on disk has modification time of '2026-05-01T22:03:31.9912102Z'
  ERROR: Build asset version error: assets/scripts/autoshoot.cs in SourceAssetDB has modification time of '2026-05-01T22:03:16.8502543Z' while content on disk has modification time of '2026-05-01T22:03:31.9912102Z'
Number of updated asset objects reloaded before import = 0Number of asset objects unloaded after import = 0

========================================================================
Received Import Request.
  Time since last request: 0.000023 seconds.
  path: Assets/Scripts/AutoShoot.cs
  artifactKey: Guid(adafc00a93ffaa2458f9e9945c50402e) Importer(815301076,1909f56bfc062723c751e8b465ee728b)
Start importing Assets/Scripts/AutoShoot.cs using Guid(adafc00a93ffaa2458f9e9945c50402e) Importer(815301076,1909f56bfc062723c751e8b465ee728b) (PreviewImporter) -> (artifact id: '00000000000000000000000000000000') in 0.000783 seconds
Import Error Code:(4)
Message: Build asset version error: assets/scripts/autoshoot.cs in SourceAssetDB has modification time of '2026-05-01T22:03:16.8502543Z' while content on disk has modification time of '2026-05-01T22:03:31.9912102Z'
  ERROR: Build asset version error: assets/scripts/autoshoot.cs in SourceAssetDB has modification time of '2026-05-01T22:03:16.8502543Z' while content on disk has modification time of '2026-05-01T22:03:31.9912102Z'
Number of updated asset objects reloaded before import = 0Number of asset objects unloaded after import = 0

========================================================================
Received Import Request.
  Time since last request: 0.000017 seconds.
  path: Assets/Scripts/AutoShoot.cs
  artifactKey: Guid(adafc00a93ffaa2458f9e9945c50402e) Importer(815301076,1909f56bfc062723c751e8b465ee728b)
Start importing Assets/Scripts/AutoShoot.cs using Guid(adafc00a93ffaa2458f9e9945c50402e) Importer(815301076,1909f56bfc062723c751e8b465ee728b) (PreviewImporter) -> (artifact id: '00000000000000000000000000000000') in 0.0007626 seconds
Import Error Code:(4)
Message: Build asset version error: assets/scripts/autoshoot.cs in SourceAssetDB has modification time of '2026-05-01T22:03:16.8502543Z' while content on disk has modification time of '2026-05-01T22:03:31.9912102Z'
  ERROR: Build asset version error: assets/scripts/autoshoot.cs in SourceAssetDB has modification time of '2026-05-01T22:03:16.8502543Z' while content on disk has modification time of '2026-05-01T22:03:31.9912102Z'
Number of updated asset objects reloaded before import = 0Number of asset objects unloaded after import = 0

========================================================================
Received Import Request.
  Time since last request: 0.000018 seconds.
  path: Assets/Scripts/AutoShoot.cs
  artifactKey: Guid(adafc00a93ffaa2458f9e9945c50402e) Importer(815301076,1909f56bfc062723c751e8b465ee728b)
Start importing Assets/Scripts/AutoShoot.cs using Guid(adafc00a93ffaa2458f9e9945c50402e) Importer(815301076,1909f56bfc062723c751e8b465ee728b) (PreviewImporter) -> (artifact id: '00000000000000000000000000000000') in 0.0006272 seconds
Import Error Code:(4)
Message: Build asset version error: assets/scripts/autoshoot.cs in SourceAssetDB has modification time of '2026-05-01T22:03:16.8502543Z' while content on disk has modification time of '2026-05-01T22:03:31.9912102Z'
  ERROR: Build asset version error: assets/scripts/autoshoot.cs in SourceAssetDB has modification time of '2026-05-01T22:03:16.8502543Z' while content on disk has modification time of '2026-05-01T22:03:31.9912102Z'
Number of updated asset objects reloaded before import = 0Number of asset objects unloaded after import = 0

========================================================================
Received Import Request.
  Time since last request: 0.000015 seconds.
  path: Assets/Scripts/AutoShoot.cs
  artifactKey: Guid(adafc00a93ffaa2458f9e9945c50402e) Importer(815301076,1909f56bfc062723c751e8b465ee728b)
Start importing Assets/Scripts/AutoShoot.cs using Guid(adafc00a93ffaa2458f9e9945c50402e) Importer(815301076,1909f56bfc062723c751e8b465ee728b) (PreviewImporter) -> (artifact id: '00000000000000000000000000000000') in 0.000855 seconds
Import Error Code:(4)
Message: Build asset version error: assets/scripts/autoshoot.cs in SourceAssetDB has modification time of '2026-05-01T22:03:16.8502543Z' while content on disk has modification time of '2026-05-01T22:03:31.9912102Z'
  ERROR: Build asset version error: assets/scripts/autoshoot.cs in SourceAssetDB has modification time of '2026-05-01T22:03:16.8502543Z' while content on disk has modification time of '2026-05-01T22:03:31.9912102Z'
Number of updated asset objects reloaded before import = 0Number of asset objects unloaded after import = 0

========================================================================
Received Import Request.
  Time since last request: 0.000025 seconds.
  path: Assets/Scripts/AutoShoot.cs
  artifactKey: Guid(adafc00a93ffaa2458f9e9945c50402e) Importer(815301076,1909f56bfc062723c751e8b465ee728b)
Start importing Assets/Scripts/AutoShoot.cs using Guid(adafc00a93ffaa2458f9e9945c50402e) Importer(815301076,1909f56bfc062723c751e8b465ee728b) (PreviewImporter) -> (artifact id: '00000000000000000000000000000000') in 0.0006264 seconds
Import Error Code:(4)
Message: Build asset version error: assets/scripts/autoshoot.cs in SourceAssetDB has modification time of '2026-05-01T22:03:16.8502543Z' while content on disk has modification time of '2026-05-01T22:03:31.9912102Z'
  ERROR: Build asset version error: assets/scripts/autoshoot.cs in SourceAssetDB has modification time of '2026-05-01T22:03:16.8502543Z' while content on disk has modification time of '2026-05-01T22:03:31.9912102Z'
Number of updated asset objects reloaded before import = 0Number of asset objects unloaded after import = 0

========================================================================
Received Import Request.
  Time since last request: 0.000036 seconds.
  path: Assets/Scripts/AutoShoot.cs
  artifactKey: Guid(adafc00a93ffaa2458f9e9945c50402e) Importer(815301076,1909f56bfc062723c751e8b465ee728b)
Start importing Assets/Scripts/AutoShoot.cs using Guid(adafc00a93ffaa2458f9e9945c50402e) Importer(815301076,1909f56bfc062723c751e8b465ee728b) (PreviewImporter) -> (artifact id: '00000000000000000000000000000000') in 0.0008167 seconds
Import Error Code:(4)
Message: Build asset version error: assets/scripts/autoshoot.cs in SourceAssetDB has modification time of '2026-05-01T22:03:16.8502543Z' while content on disk has modification time of '2026-05-01T22:03:31.9912102Z'
  ERROR: Build asset version error: assets/scripts/autoshoot.cs in SourceAssetDB has modification time of '2026-05-01T22:03:16.8502543Z' while content on disk has modification time of '2026-05-01T22:03:31.9912102Z'
Number of updated asset objects reloaded before import = 0Number of asset objects unloaded after import = 0

========================================================================
Received Import Request.
  Time since last request: 0.000015 seconds.
  path: Assets/Scripts/AutoShoot.cs
  artifactKey: Guid(adafc00a93ffaa2458f9e9945c50402e) Importer(815301076,1909f56bfc062723c751e8b465ee728b)
Start importing Assets/Scripts/AutoShoot.cs using Guid(adafc00a93ffaa2458f9e9945c50402e) Importer(815301076,1909f56bfc062723c751e8b465ee728b) (PreviewImporter) -> (artifact id: '00000000000000000000000000000000') in 0.00084 seconds
Import Error Code:(4)
Message: Build asset version error: assets/scripts/autoshoot.cs in SourceAssetDB has modification time of '2026-05-01T22:03:16.8502543Z' while content on disk has modification time of '2026-05-01T22:03:31.9912102Z'
  ERROR: Build asset version error: assets/scripts/autoshoot.cs in SourceAssetDB has modification time of '2026-05-01T22:03:16.8502543Z' while content on disk has modification time of '2026-05-01T22:03:31.9912102Z'
Number of updated asset objects reloaded before import = 0Number of asset objects unloaded after import = 0

========================================================================
Received Import Request.
  Time since last request: 0.000019 seconds.
  path: Assets/Scripts/AutoShoot.cs
  artifactKey: Guid(adafc00a93ffaa2458f9e9945c50402e) Importer(815301076,1909f56bfc062723c751e8b465ee728b)
Start importing Assets/Scripts/AutoShoot.cs using Guid(adafc00a93ffaa2458f9e9945c50402e) Importer(815301076,1909f56bfc062723c751e8b465ee728b) (PreviewImporter) -> (artifact id: '00000000000000000000000000000000') in 0.001287 seconds
Import Error Code:(4)
Message: Build asset version error: assets/scripts/autoshoot.cs in SourceAssetDB has modification time of '2026-05-01T22:03:16.8502543Z' while content on disk has modification time of '2026-05-01T22:03:31.9912102Z'
  ERROR: Build asset version error: assets/scripts/autoshoot.cs in SourceAssetDB has modification time of '2026-05-01T22:03:16.8502543Z' while content on disk has modification time of '2026-05-01T22:03:31.9912102Z'
Number of updated asset objects reloaded before import = 0Number of asset objects unloaded after import = 0

========================================================================
Received Import Request.
  Time since last request: 0.000015 seconds.
  path: Assets/Scripts/AutoShoot.cs
  artifactKey: Guid(adafc00a93ffaa2458f9e9945c50402e) Importer(815301076,1909f56bfc062723c751e8b465ee728b)
Start importing Assets/Scripts/AutoShoot.cs using Guid(adafc00a93ffaa2458f9e9945c50402e) Importer(815301076,1909f56bfc062723c751e8b465ee728b) (PreviewImporter) -> (artifact id: '00000000000000000000000000000000') in 0.0006845 seconds
Import Error Code:(4)
Message: Build asset version error: assets/scripts/autoshoot.cs in SourceAssetDB has modification time of '2026-05-01T22:03:16.8502543Z' while content on disk has modification time of '2026-05-01T22:03:31.9912102Z'
  ERROR: Build asset version error: assets/scripts/autoshoot.cs in SourceAssetDB has modification time of '2026-05-01T22:03:16.8502543Z' while content on disk has modification time of '2026-05-01T22:03:31.9912102Z'
Number of updated asset objects reloaded before import = 0Number of asset objects unloaded after import = 0

========================================================================
Received Import Request.
  Time since last request: 0.000022 seconds.
  path: Assets/Scripts/AutoShoot.cs
  artifactKey: Guid(adafc00a93ffaa2458f9e9945c50402e) Importer(815301076,1909f56bfc062723c751e8b465ee728b)
Start importing Assets/Scripts/AutoShoot.cs using Guid(adafc00a93ffaa2458f9e9945c50402e) Importer(815301076,1909f56bfc062723c751e8b465ee728b) (PreviewImporter) -> (artifact id: '00000000000000000000000000000000') in 0.0009405 seconds
Import Error Code:(4)
Message: Build asset version error: assets/scripts/autoshoot.cs in SourceAssetDB has modification time of '2026-05-01T22:03:16.8502543Z' while content on disk has modification time of '2026-05-01T22:03:31.9912102Z'
  ERROR: Build asset version error: assets/scripts/autoshoot.cs in SourceAssetDB has modification time of '2026-05-01T22:03:16.8502543Z' while content on disk has modification time of '2026-05-01T22:03:31.9912102Z'
Number of updated asset objects reloaded before import = 0Number of asset objects unloaded after import = 0

========================================================================
Received Import Request.
  Time since last request: 0.000032 seconds.
  path: Assets/Scripts/AutoShoot.cs
  artifactKey: Guid(adafc00a93ffaa2458f9e9945c50402e) Importer(815301076,1909f56bfc062723c751e8b465ee728b)
Start importing Assets/Scripts/AutoShoot.cs using Guid(adafc00a93ffaa2458f9e9945c50402e) Importer(815301076,1909f56bfc062723c751e8b465ee728b) (PreviewImporter) -> (artifact id: '00000000000000000000000000000000') in 0.0009501 seconds
Import Error Code:(4)
Message: Build asset version error: assets/scripts/autoshoot.cs in SourceAssetDB has modification time of '2026-05-01T22:03:16.8502543Z' while content on disk has modification time of '2026-05-01T22:03:31.9912102Z'
  ERROR: Build asset version error: assets/scripts/autoshoot.cs in SourceAssetDB has modification time of '2026-05-01T22:03:16.8502543Z' while content on disk has modification time of '2026-05-01T22:03:31.9912102Z'
Number of updated asset objects reloaded before import = 0Number of asset objects unloaded after import = 0

========================================================================
Received Import Request.
  Time since last request: 0.000016 seconds.
  path: Assets/Scripts/AutoShoot.cs
  artifactKey: Guid(adafc00a93ffaa2458f9e9945c50402e) Importer(815301076,1909f56bfc062723c751e8b465ee728b)
Start importing Assets/Scripts/AutoShoot.cs using Guid(adafc00a93ffaa2458f9e9945c50402e) Importer(815301076,1909f56bfc062723c751e8b465ee728b) (PreviewImporter) -> (artifact id: '00000000000000000000000000000000') in 0.000754 seconds
Import Error Code:(4)
Message: Build asset version error: assets/scripts/autoshoot.cs in SourceAssetDB has modification time of '2026-05-01T22:03:16.8502543Z' while content on disk has modification time of '2026-05-01T22:03:31.9912102Z'
  ERROR: Build asset version error: assets/scripts/autoshoot.cs in SourceAssetDB has modification time of '2026-05-01T22:03:16.8502543Z' while content on disk has modification time of '2026-05-01T22:03:31.9912102Z'
Number of updated asset objects reloaded before import = 0Number of asset objects unloaded after import = 0

========================================================================
Received Import Request.
  Time since last request: 0.000015 seconds.
  path: Assets/Scripts/AutoShoot.cs
  artifactKey: Guid(adafc00a93ffaa2458f9e9945c50402e) Importer(815301076,1909f56bfc062723c751e8b465ee728b)
Start importing Assets/Scripts/AutoShoot.cs using Guid(adafc00a93ffaa2458f9e9945c50402e) Importer(815301076,1909f56bfc062723c751e8b465ee728b) (PreviewImporter) -> (artifact id: '00000000000000000000000000000000') in 0.0006996 seconds
Import Error Code:(4)
Message: Build asset version error: assets/scripts/autoshoot.cs in SourceAssetDB has modification time of '2026-05-01T22:03:16.8502543Z' while content on disk has modification time of '2026-05-01T22:03:31.9912102Z'
  ERROR: Build asset version error: assets/scripts/autoshoot.cs in SourceAssetDB has modification time of '2026-05-01T22:03:16.8502543Z' while content on disk has modification time of '2026-05-01T22:03:31.9912102Z'
Number of updated asset objects reloaded before import = 0Number of asset objects unloaded after import = 0

========================================================================
Received Import Request.
  Time since last request: 0.000016 seconds.
  path: Assets/Scripts/AutoShoot.cs
  artifactKey: Guid(adafc00a93ffaa2458f9e9945c50402e) Importer(815301076,1909f56bfc062723c751e8b465ee728b)
Start importing Assets/Scripts/AutoShoot.cs using Guid(adafc00a93ffaa2458f9e9945c50402e) Importer(815301076,1909f56bfc062723c751e8b465ee728b) (PreviewImporter) -> (artifact id: '00000000000000000000000000000000') in 0.0007274 seconds
Import Error Code:(4)
Message: Build asset version error: assets/scripts/autoshoot.cs in SourceAssetDB has modification time of '2026-05-01T22:03:16.8502543Z' while content on disk has modification time of '2026-05-01T22:03:31.9912102Z'
  ERROR: Build asset version error: assets/scripts/autoshoot.cs in SourceAssetDB has modification time of '2026-05-01T22:03:16.8502543Z' while content on disk has modification time of '2026-05-01T22:03:31.9912102Z'
Number of updated asset objects reloaded before import = 0Number of asset objects unloaded after import = 0

========================================================================
Received Import Request.
  Time since last request: 0.000017 seconds.
  path: Assets/Scripts/AutoShoot.cs
  artifactKey: Guid(adafc00a93ffaa2458f9e9945c50402e) Importer(815301076,1909f56bfc062723c751e8b465ee728b)
Start importing Assets/Scripts/AutoShoot.cs using Guid(adafc00a93ffaa2458f9e9945c50402e) Importer(815301076,1909f56bfc062723c751e8b465ee728b) (PreviewImporter) -> (artifact id: '00000000000000000000000000000000') in 0.0005775 seconds
Import Error Code:(4)
Message: Build asset version error: assets/scripts/autoshoot.cs in SourceAssetDB has modification time of '2026-05-01T22:03:16.8502543Z' while content on disk has modification time of '2026-05-01T22:03:31.9912102Z'
  ERROR: Build asset version error: assets/scripts/autoshoot.cs in SourceAssetDB has modification time of '2026-05-01T22:03:16.8502543Z' while content on disk has modification time of '2026-05-01T22:03:31.9912102Z'
Number of updated asset objects reloaded before import = 0Number of asset objects unloaded after import = 0

========================================================================
Received Import Request.
  Time since last request: 0.000017 seconds.
  path: Assets/Scripts/AutoShoot.cs
  artifactKey: Guid(adafc00a93ffaa2458f9e9945c50402e) Importer(815301076,1909f56bfc062723c751e8b465ee728b)
Start importing Assets/Scripts/AutoShoot.cs using Guid(adafc00a93ffaa2458f9e9945c50402e) Importer(815301076,1909f56bfc062723c751e8b465ee728b) (PreviewImporter) -> (artifact id: '00000000000000000000000000000000') in 0.0006652 seconds
Import Error Code:(4)
Message: Build asset version error: assets/scripts/autoshoot.cs in SourceAssetDB has modification time of '2026-05-01T22:03:16.8502543Z' while content on disk has modification time of '2026-05-01T22:03:31.9912102Z'
  ERROR: Build asset version error: assets/scripts/autoshoot.cs in SourceAssetDB has modification time of '2026-05-01T22:03:16.8502543Z' while content on disk has modification time of '2026-05-01T22:03:31.9912102Z'
Number of updated asset objects reloaded before import = 0Number of asset objects unloaded after import = 0

========================================================================
Received Import Request.
  Time since last request: 0.000027 seconds.
  path: Assets/Scripts/AutoShoot.cs
  artifactKey: Guid(adafc00a93ffaa2458f9e9945c50402e) Importer(815301076,1909f56bfc062723c751e8b465ee728b)
Start importing Assets/Scripts/AutoShoot.cs using Guid(adafc00a93ffaa2458f9e9945c50402e) Importer(815301076,1909f56bfc062723c751e8b465ee728b) (PreviewImporter) -> (artifact id: '00000000000000000000000000000000') in 0.0007409 seconds
Import Error Code:(4)
Message: Build asset version error: assets/scripts/autoshoot.cs in SourceAssetDB has modification time of '2026-05-01T22:03:16.8502543Z' while content on disk has modification time of '2026-05-01T22:03:31.9912102Z'
  ERROR: Build asset version error: assets/scripts/autoshoot.cs in SourceAssetDB has modification time of '2026-05-01T22:03:16.8502543Z' while content on disk has modification time of '2026-05-01T22:03:31.9912102Z'
Number of updated asset objects reloaded before import = 0Number of asset objects unloaded after import = 0

========================================================================
Received Import Request.
  Time since last request: 0.000019 seconds.
  path: Assets/Scripts/AutoShoot.cs
  artifactKey: Guid(adafc00a93ffaa2458f9e9945c50402e) Importer(815301076,1909f56bfc062723c751e8b465ee728b)
Start importing Assets/Scripts/AutoShoot.cs using Guid(adafc00a93ffaa2458f9e9945c50402e) Importer(815301076,1909f56bfc062723c751e8b465ee728b) (PreviewImporter) -> (artifact id: '00000000000000000000000000000000') in 0.0006949 seconds
Import Error Code:(4)
Message: Build asset version error: assets/scripts/autoshoot.cs in SourceAssetDB has modification time of '2026-05-01T22:03:16.8502543Z' while content on disk has modification time of '2026-05-01T22:03:31.9912102Z'
  ERROR: Build asset version error: assets/scripts/autoshoot.cs in SourceAssetDB has modification time of '2026-05-01T22:03:16.8502543Z' while content on disk has modification time of '2026-05-01T22:03:31.9912102Z'
Number of updated asset objects reloaded before import = 0Number of asset objects unloaded after import = 0

========================================================================
Received Import Request.
  Time since last request: 0.000020 seconds.
  path: Assets/Scripts/AutoShoot.cs
  artifactKey: Guid(adafc00a93ffaa2458f9e9945c50402e) Importer(815301076,1909f56bfc062723c751e8b465ee728b)
Start importing Assets/Scripts/AutoShoot.cs using Guid(adafc00a93ffaa2458f9e9945c50402e) Importer(815301076,1909f56bfc062723c751e8b465ee728b) (PreviewImporter) -> (artifact id: '00000000000000000000000000000000') in 0.0009002 seconds
Import Error Code:(4)
Message: Build asset version error: assets/scripts/autoshoot.cs in SourceAssetDB has modification time of '2026-05-01T22:03:16.8502543Z' while content on disk has modification time of '2026-05-01T22:03:31.9912102Z'
  ERROR: Build asset version error: assets/scripts/autoshoot.cs in SourceAssetDB has modification time of '2026-05-01T22:03:16.8502543Z' while content on disk has modification time of '2026-05-01T22:03:31.9912102Z'
Number of updated asset objects reloaded before import = 0Number of asset objects unloaded after import = 0

========================================================================
Received Import Request.
  Time since last request: 0.000021 seconds.
  path: Assets/Scripts/AutoShoot.cs
  artifactKey: Guid(adafc00a93ffaa2458f9e9945c50402e) Importer(815301076,1909f56bfc062723c751e8b465ee728b)
Start importing Assets/Scripts/AutoShoot.cs using Guid(adafc00a93ffaa2458f9e9945c50402e) Importer(815301076,1909f56bfc062723c751e8b465ee728b) (PreviewImporter) -> (artifact id: '00000000000000000000000000000000') in 0.0006892 seconds
Import Error Code:(4)
Message: Build asset version error: assets/scripts/autoshoot.cs in SourceAssetDB has modification time of '2026-05-01T22:03:16.8502543Z' while content on disk has modification time of '2026-05-01T22:03:31.9912102Z'
  ERROR: Build asset version error: assets/scripts/autoshoot.cs in SourceAssetDB has modification time of '2026-05-01T22:03:16.8502543Z' while content on disk has modification time of '2026-05-01T22:03:31.9912102Z'
Number of updated asset objects reloaded before import = 0Number of asset objects unloaded after import = 0

========================================================================
Received Import Request.
  Time since last request: 0.000017 seconds.
  path: Assets/Scripts/AutoShoot.cs
  artifactKey: Guid(adafc00a93ffaa2458f9e9945c50402e) Importer(815301076,1909f56bfc062723c751e8b465ee728b)
Start importing Assets/Scripts/AutoShoot.cs using Guid(adafc00a93ffaa2458f9e9945c50402e) Importer(815301076,1909f56bfc062723c751e8b465ee728b) (PreviewImporter) -> (artifact id: '00000000000000000000000000000000') in 0.0007306 seconds
Import Error Code:(4)
Message: Build asset version error: assets/scripts/autoshoot.cs in SourceAssetDB has modification time of '2026-05-01T22:03:16.8502543Z' while content on disk has modification time of '2026-05-01T22:03:31.9912102Z'
  ERROR: Build asset version error: assets/scripts/autoshoot.cs in SourceAssetDB has modification time of '2026-05-01T22:03:16.8502543Z' while content on disk has modification time of '2026-05-01T22:03:31.9912102Z'
Number of updated asset objects reloaded before import = 0Number of asset objects unloaded after import = 0

========================================================================
Received Import Request.
  Time since last request: 0.000027 seconds.
  path: Assets/Scripts/AutoShoot.cs
  artifactKey: Guid(adafc00a93ffaa2458f9e9945c50402e) Importer(815301076,1909f56bfc062723c751e8b465ee728b)
Start importing Assets/Scripts/AutoShoot.cs using Guid(adafc00a93ffaa2458f9e9945c50402e) Importer(815301076,1909f56bfc062723c751e8b465ee728b) (PreviewImporter) -> (artifact id: '00000000000000000000000000000000') in 0.0005565 seconds
Import Error Code:(4)
Message: Build asset version error: assets/scripts/autoshoot.cs in SourceAssetDB has modification time of '2026-05-01T22:03:16.8502543Z' while content on disk has modification time of '2026-05-01T22:03:31.9912102Z'
  ERROR: Build asset version error: assets/scripts/autoshoot.cs in SourceAssetDB has modification time of '2026-05-01T22:03:16.8502543Z' while content on disk has modification time of '2026-05-01T22:03:31.9912102Z'
Number of updated asset objects reloaded before import = 0Number of asset objects unloaded after import = 0

========================================================================
Received Import Request.
  Time since last request: 0.000018 seconds.
  path: Assets/Scripts/AutoShoot.cs
  artifactKey: Guid(adafc00a93ffaa2458f9e9945c50402e) Importer(815301076,1909f56bfc062723c751e8b465ee728b)
Start importing Assets/Scripts/AutoShoot.cs using Guid(adafc00a93ffaa2458f9e9945c50402e) Importer(815301076,1909f56bfc062723c751e8b465ee728b) (PreviewImporter) -> (artifact id: '00000000000000000000000000000000') in 0.0008227 seconds
Import Error Code:(4)
Message: Build asset version error: assets/scripts/autoshoot.cs in SourceAssetDB has modification time of '2026-05-01T22:03:16.8502543Z' while content on disk has modification time of '2026-05-01T22:03:31.9912102Z'
  ERROR: Build asset version error: assets/scripts/autoshoot.cs in SourceAssetDB has modification time of '2026-05-01T22:03:16.8502543Z' while content on disk has modification time of '2026-05-01T22:03:31.9912102Z'
Number of updated asset objects reloaded before import = 0Number of asset objects unloaded after import = 0

========================================================================
Received Import Request.
  Time since last request: 0.000014 seconds.
  path: Assets/Scripts/AutoShoot.cs
  artifactKey: Guid(adafc00a93ffaa2458f9e9945c50402e) Importer(815301076,1909f56bfc062723c751e8b465ee728b)
Start importing Assets/Scripts/AutoShoot.cs using Guid(adafc00a93ffaa2458f9e9945c50402e) Importer(815301076,1909f56bfc062723c751e8b465ee728b) (PreviewImporter) -> (artifact id: '00000000000000000000000000000000') in 0.0006053 seconds
Import Error Code:(4)
Message: Build asset version error: assets/scripts/autoshoot.cs in SourceAssetDB has modification time of '2026-05-01T22:03:16.8502543Z' while content on disk has modification time of '2026-05-01T22:03:31.9912102Z'
  ERROR: Build asset version error: assets/scripts/autoshoot.cs in SourceAssetDB has modification time of '2026-05-01T22:03:16.8502543Z' while content on disk has modification time of '2026-05-01T22:03:31.9912102Z'
Number of updated asset objects reloaded before import = 0Number of asset objects unloaded after import = 0

========================================================================
Received Import Request.
  Time since last request: 0.000018 seconds.
  path: Assets/Scripts/AutoShoot.cs
  artifactKey: Guid(adafc00a93ffaa2458f9e9945c50402e) Importer(815301076,1909f56bfc062723c751e8b465ee728b)
Start importing Assets/Scripts/AutoShoot.cs using Guid(adafc00a93ffaa2458f9e9945c50402e) Importer(815301076,1909f56bfc062723c751e8b465ee728b) (PreviewImporter) -> (artifact id: '00000000000000000000000000000000') in 0.0007481 seconds
Import Error Code:(4)
Message: Build asset version error: assets/scripts/autoshoot.cs in SourceAssetDB has modification time of '2026-05-01T22:03:16.8502543Z' while content on disk has modification time of '2026-05-01T22:03:31.9912102Z'
  ERROR: Build asset version error: assets/scripts/autoshoot.cs in SourceAssetDB has modification time of '2026-05-01T22:03:16.8502543Z' while content on disk has modification time of '2026-05-01T22:03:31.9912102Z'
Number of updated asset objects reloaded before import = 0Number of asset objects unloaded after import = 0

========================================================================
Received Import Request.
  Time since last request: 0.000017 seconds.
  path: Assets/Scripts/AutoShoot.cs
  artifactKey: Guid(adafc00a93ffaa2458f9e9945c50402e) Importer(815301076,1909f56bfc062723c751e8b465ee728b)
Start importing Assets/Scripts/AutoShoot.cs using Guid(adafc00a93ffaa2458f9e9945c50402e) Importer(815301076,1909f56bfc062723c751e8b465ee728b) (PreviewImporter) -> (artifact id: '00000000000000000000000000000000') in 0.0006054 seconds
Import Error Code:(4)
Message: Build asset version error: assets/scripts/autoshoot.cs in SourceAssetDB has modification time of '2026-05-01T22:03:16.8502543Z' while content on disk has modification time of '2026-05-01T22:03:31.9912102Z'
  ERROR: Build asset version error: assets/scripts/autoshoot.cs in SourceAssetDB has modification time of '2026-05-01T22:03:16.8502543Z' while content on disk has modification time of '2026-05-01T22:03:31.9912102Z'
Number of updated asset objects reloaded before import = 0Number of asset objects unloaded after import = 0

========================================================================
Received Import Request.
  Time since last request: 0.000030 seconds.
  path: Assets/Scripts/AutoShoot.cs
  artifactKey: Guid(adafc00a93ffaa2458f9e9945c50402e) Importer(815301076,1909f56bfc062723c751e8b465ee728b)
Start importing Assets/Scripts/AutoShoot.cs using Guid(adafc00a93ffaa2458f9e9945c50402e) Importer(815301076,1909f56bfc062723c751e8b465ee728b) (PreviewImporter) -> (artifact id: '00000000000000000000000000000000') in 0.0006035 seconds
Import Error Code:(4)
Message: Build asset version error: assets/scripts/autoshoot.cs in SourceAssetDB has modification time of '2026-05-01T22:03:16.8502543Z' while content on disk has modification time of '2026-05-01T22:03:31.9912102Z'
  ERROR: Build asset version error: assets/scripts/autoshoot.cs in SourceAssetDB has modification time of '2026-05-01T22:03:16.8502543Z' while content on disk has modification time of '2026-05-01T22:03:31.9912102Z'
Number of updated asset objects reloaded before import = 0Number of asset objects unloaded after import = 0

========================================================================
Received Import Request.
  Time since last request: 0.000016 seconds.
  path: Assets/Scripts/AutoShoot.cs
  artifactKey: Guid(adafc00a93ffaa2458f9e9945c50402e) Importer(815301076,1909f56bfc062723c751e8b465ee728b)
Start importing Assets/Scripts/AutoShoot.cs using Guid(adafc00a93ffaa2458f9e9945c50402e) Importer(815301076,1909f56bfc062723c751e8b465ee728b) (PreviewImporter) -> (artifact id: '00000000000000000000000000000000') in 0.0007337 seconds
Import Error Code:(4)
Message: Build asset version error: assets/scripts/autoshoot.cs in SourceAssetDB has modification time of '2026-05-01T22:03:16.8502543Z' while content on disk has modification time of '2026-05-01T22:03:31.9912102Z'
  ERROR: Build asset version error: assets/scripts/autoshoot.cs in SourceAssetDB has modification time of '2026-05-01T22:03:16.8502543Z' while content on disk has modification time of '2026-05-01T22:03:31.9912102Z'
Number of updated asset objects reloaded before import = 0Number of asset objects unloaded after import = 0

========================================================================
Received Import Request.
  Time since last request: 0.000015 seconds.
  path: Assets/Scripts/AutoShoot.cs
  artifactKey: Guid(adafc00a93ffaa2458f9e9945c50402e) Importer(815301076,1909f56bfc062723c751e8b465ee728b)
Start importing Assets/Scripts/AutoShoot.cs using Guid(adafc00a93ffaa2458f9e9945c50402e) Importer(815301076,1909f56bfc062723c751e8b465ee728b) (PreviewImporter) -> (artifact id: '00000000000000000000000000000000') in 0.0006217 seconds
Import Error Code:(4)
Message: Build asset version error: assets/scripts/autoshoot.cs in SourceAssetDB has modification time of '2026-05-01T22:03:16.8502543Z' while content on disk has modification time of '2026-05-01T22:03:31.9912102Z'
  ERROR: Build asset version error: assets/scripts/autoshoot.cs in SourceAssetDB has modification time of '2026-05-01T22:03:16.8502543Z' while content on disk has modification time of '2026-05-01T22:03:31.9912102Z'
Number of updated asset objects reloaded before import = 0Number of asset objects unloaded after import = 0

========================================================================
Received Import Request.
  Time since last request: 0.000014 seconds.
  path: Assets/Scripts/AutoShoot.cs
  artifactKey: Guid(adafc00a93ffaa2458f9e9945c50402e) Importer(815301076,1909f56bfc062723c751e8b465ee728b)
Start importing Assets/Scripts/AutoShoot.cs using Guid(adafc00a93ffaa2458f9e9945c50402e) Importer(815301076,1909f56bfc062723c751e8b465ee728b) (PreviewImporter) -> (artifact id: '00000000000000000000000000000000') in 0.0005683 seconds
Import Error Code:(4)
Message: Build asset version error: assets/scripts/autoshoot.cs in SourceAssetDB has modification time of '2026-05-01T22:03:16.8502543Z' while content on disk has modification time of '2026-05-01T22:03:31.9912102Z'
  ERROR: Build asset version error: assets/scripts/autoshoot.cs in SourceAssetDB has modification time of '2026-05-01T22:03:16.8502543Z' while content on disk has modification time of '2026-05-01T22:03:31.9912102Z'
Number of updated asset objects reloaded before import = 0Number of asset objects unloaded after import = 0

========================================================================
Received Import Request.
  Time since last request: 0.000018 seconds.
  path: Assets/Scripts/AutoShoot.cs
  artifactKey: Guid(adafc00a93ffaa2458f9e9945c50402e) Importer(815301076,1909f56bfc062723c751e8b465ee728b)
Start importing Assets/Scripts/AutoShoot.cs using Guid(adafc00a93ffaa2458f9e9945c50402e) Importer(815301076,1909f56bfc062723c751e8b465ee728b) (PreviewImporter) -> (artifact id: '00000000000000000000000000000000') in 0.0007813 seconds
Import Error Code:(4)
Message: Build asset version error: assets/scripts/autoshoot.cs in SourceAssetDB has modification time of '2026-05-01T22:03:16.8502543Z' while content on disk has modification time of '2026-05-01T22:03:31.9912102Z'
  ERROR: Build asset version error: assets/scripts/autoshoot.cs in SourceAssetDB has modification time of '2026-05-01T22:03:16.8502543Z' while content on disk has modification time of '2026-05-01T22:03:31.9912102Z'
Number of updated asset objects reloaded before import = 0Number of asset objects unloaded after import = 0

========================================================================
Received Import Request.
  Time since last request: 0.000023 seconds.
  path: Assets/Scripts/AutoShoot.cs
  artifactKey: Guid(adafc00a93ffaa2458f9e9945c50402e) Importer(815301076,1909f56bfc062723c751e8b465ee728b)
Start importing Assets/Scripts/AutoShoot.cs using Guid(adafc00a93ffaa2458f9e9945c50402e) Importer(815301076,1909f56bfc062723c751e8b465ee728b) (PreviewImporter) -> (artifact id: '00000000000000000000000000000000') in 0.000782 seconds
Import Error Code:(4)
Message: Build asset version error: assets/scripts/autoshoot.cs in SourceAssetDB has modification time of '2026-05-01T22:03:16.8502543Z' while content on disk has modification time of '2026-05-01T22:03:31.9912102Z'
  ERROR: Build asset version error: assets/scripts/autoshoot.cs in SourceAssetDB has modification time of '2026-05-01T22:03:16.8502543Z' while content on disk has modification time of '2026-05-01T22:03:31.9912102Z'
Number of updated asset objects reloaded before import = 0Number of asset objects unloaded after import = 0

========================================================================
Received Import Request.
  Time since last request: 0.000028 seconds.
  path: Assets/Scripts/AutoShoot.cs
  artifactKey: Guid(adafc00a93ffaa2458f9e9945c50402e) Importer(815301076,1909f56bfc062723c751e8b465ee728b)
Start importing Assets/Scripts/AutoShoot.cs using Guid(adafc00a93ffaa2458f9e9945c50402e) Importer(815301076,1909f56bfc062723c751e8b465ee728b) (PreviewImporter) -> (artifact id: '00000000000000000000000000000000') in 0.0006877 seconds
Import Error Code:(4)
Message: Build asset version error: assets/scripts/autoshoot.cs in SourceAssetDB has modification time of '2026-05-01T22:03:16.8502543Z' while content on disk has modification time of '2026-05-01T22:03:31.9912102Z'
  ERROR: Build asset version error: assets/scripts/autoshoot.cs in SourceAssetDB has modification time of '2026-05-01T22:03:16.8502543Z' while content on disk has modification time of '2026-05-01T22:03:31.9912102Z'
Number of updated asset objects reloaded before import = 0Number of asset objects unloaded after import = 0

========================================================================
Received Import Request.
  Time since last request: 0.000014 seconds.
  path: Assets/Scripts/AutoShoot.cs
  artifactKey: Guid(adafc00a93ffaa2458f9e9945c50402e) Importer(815301076,1909f56bfc062723c751e8b465ee728b)
Start importing Assets/Scripts/AutoShoot.cs using Guid(adafc00a93ffaa2458f9e9945c50402e) Importer(815301076,1909f56bfc062723c751e8b465ee728b) (PreviewImporter) -> (artifact id: '00000000000000000000000000000000') in 0.0007009 seconds
Import Error Code:(4)
Message: Build asset version error: assets/scripts/autoshoot.cs in SourceAssetDB has modification time of '2026-05-01T22:03:16.8502543Z' while content on disk has modification time of '2026-05-01T22:03:31.9912102Z'
  ERROR: Build asset version error: assets/scripts/autoshoot.cs in SourceAssetDB has modification time of '2026-05-01T22:03:16.8502543Z' while content on disk has modification time of '2026-05-01T22:03:31.9912102Z'
Number of updated asset objects reloaded before import = 0Number of asset objects unloaded after import = 0

========================================================================
Received Import Request.
  Time since last request: 0.000016 seconds.
  path: Assets/Scripts/AutoShoot.cs
  artifactKey: Guid(adafc00a93ffaa2458f9e9945c50402e) Importer(815301076,1909f56bfc062723c751e8b465ee728b)
Start importing Assets/Scripts/AutoShoot.cs using Guid(adafc00a93ffaa2458f9e9945c50402e) Importer(815301076,1909f56bfc062723c751e8b465ee728b) (PreviewImporter) -> (artifact id: '00000000000000000000000000000000') in 0.0006915 seconds
Import Error Code:(4)
Message: Build asset version error: assets/scripts/autoshoot.cs in SourceAssetDB has modification time of '2026-05-01T22:03:16.8502543Z' while content on disk has modification time of '2026-05-01T22:03:31.9912102Z'
  ERROR: Build asset version error: assets/scripts/autoshoot.cs in SourceAssetDB has modification time of '2026-05-01T22:03:16.8502543Z' while content on disk has modification time of '2026-05-01T22:03:31.9912102Z'
Number of updated asset objects reloaded before import = 0Number of asset objects unloaded after import = 0

========================================================================
Received Import Request.
  Time since last request: 0.000019 seconds.
  path: Assets/Scripts/AutoShoot.cs
  artifactKey: Guid(adafc00a93ffaa2458f9e9945c50402e) Importer(815301076,1909f56bfc062723c751e8b465ee728b)
Start importing Assets/Scripts/AutoShoot.cs using Guid(adafc00a93ffaa2458f9e9945c50402e) Importer(815301076,1909f56bfc062723c751e8b465ee728b) (PreviewImporter) -> (artifact id: '00000000000000000000000000000000') in 0.0006412 seconds
Import Error Code:(4)
Message: Build asset version error: assets/scripts/autoshoot.cs in SourceAssetDB has modification time of '2026-05-01T22:03:16.8502543Z' while content on disk has modification time of '2026-05-01T22:03:31.9912102Z'
  ERROR: Build asset version error: assets/scripts/autoshoot.cs in SourceAssetDB has modification time of '2026-05-01T22:03:16.8502543Z' while content on disk has modification time of '2026-05-01T22:03:31.9912102Z'
Number of updated asset objects reloaded before import = 0Number of asset objects unloaded after import = 0

========================================================================
Received Import Request.
  Time since last request: 0.000018 seconds.
  path: Assets/Scripts/AutoShoot.cs
  artifactKey: Guid(adafc00a93ffaa2458f9e9945c50402e) Importer(815301076,1909f56bfc062723c751e8b465ee728b)
Start importing Assets/Scripts/AutoShoot.cs using Guid(adafc00a93ffaa2458f9e9945c50402e) Importer(815301076,1909f56bfc062723c751e8b465ee728b) (PreviewImporter) -> (artifact id: '00000000000000000000000000000000') in 0.000803 seconds
Import Error Code:(4)
Message: Build asset version error: assets/scripts/autoshoot.cs in SourceAssetDB has modification time of '2026-05-01T22:03:16.8502543Z' while content on disk has modification time of '2026-05-01T22:03:31.9912102Z'
  ERROR: Build asset version error: assets/scripts/autoshoot.cs in SourceAssetDB has modification time of '2026-05-01T22:03:16.8502543Z' while content on disk has modification time of '2026-05-01T22:03:31.9912102Z'
Number of updated asset objects reloaded before import = 0Number of asset objects unloaded after import = 0

========================================================================
Received Import Request.
  Time since last request: 0.000021 seconds.
  path: Assets/Scripts/AutoShoot.cs
  artifactKey: Guid(adafc00a93ffaa2458f9e9945c50402e) Importer(815301076,1909f56bfc062723c751e8b465ee728b)
Start importing Assets/Scripts/AutoShoot.cs using Guid(adafc00a93ffaa2458f9e9945c50402e) Importer(815301076,1909f56bfc062723c751e8b465ee728b) (PreviewImporter) -> (artifact id: '00000000000000000000000000000000') in 0.0006342 seconds
Import Error Code:(4)
Message: Build asset version error: assets/scripts/autoshoot.cs in SourceAssetDB has modification time of '2026-05-01T22:03:16.8502543Z' while content on disk has modification time of '2026-05-01T22:03:31.9912102Z'
  ERROR: Build asset version error: assets/scripts/autoshoot.cs in SourceAssetDB has modification time of '2026-05-01T22:03:16.8502543Z' while content on disk has modification time of '2026-05-01T22:03:31.9912102Z'
Number of updated asset objects reloaded before import = 0Number of asset objects unloaded after import = 0

========================================================================
Received Import Request.
  Time since last request: 0.000024 seconds.
  path: Assets/Scripts/AutoShoot.cs
  artifactKey: Guid(adafc00a93ffaa2458f9e9945c50402e) Importer(815301076,1909f56bfc062723c751e8b465ee728b)
Start importing Assets/Scripts/AutoShoot.cs using Guid(adafc00a93ffaa2458f9e9945c50402e) Importer(815301076,1909f56bfc062723c751e8b465ee728b) (PreviewImporter) -> (artifact id: '00000000000000000000000000000000') in 0.0006854 seconds
Import Error Code:(4)
Message: Build asset version error: assets/scripts/autoshoot.cs in SourceAssetDB has modification time of '2026-05-01T22:03:16.8502543Z' while content on disk has modification time of '2026-05-01T22:03:31.9912102Z'
  ERROR: Build asset version error: assets/scripts/autoshoot.cs in SourceAssetDB has modification time of '2026-05-01T22:03:16.8502543Z' while content on disk has modification time of '2026-05-01T22:03:31.9912102Z'
Number of updated asset objects reloaded before import = 0Number of asset objects unloaded after import = 0

========================================================================
Received Import Request.
  Time since last request: 0.000019 seconds.
  path: Assets/Scripts/AutoShoot.cs
  artifactKey: Guid(adafc00a93ffaa2458f9e9945c50402e) Importer(815301076,1909f56bfc062723c751e8b465ee728b)
Start importing Assets/Scripts/AutoShoot.cs using Guid(adafc00a93ffaa2458f9e9945c50402e) Importer(815301076,1909f56bfc062723c751e8b465ee728b) (PreviewImporter) -> (artifact id: '00000000000000000000000000000000') in 0.0006578 seconds
Import Error Code:(4)
Message: Build asset version error: assets/scripts/autoshoot.cs in SourceAssetDB has modification time of '2026-05-01T22:03:16.8502543Z' while content on disk has modification time of '2026-05-01T22:03:31.9912102Z'
  ERROR: Build asset version error: assets/scripts/autoshoot.cs in SourceAssetDB has modification time of '2026-05-01T22:03:16.8502543Z' while content on disk has modification time of '2026-05-01T22:03:31.9912102Z'
Number of updated asset objects reloaded before import = 0Number of asset objects unloaded after import = 0

========================================================================
Received Import Request.
  Time since last request: 0.000018 seconds.
  path: Assets/Scripts/AutoShoot.cs
  artifactKey: Guid(adafc00a93ffaa2458f9e9945c50402e) Importer(815301076,1909f56bfc062723c751e8b465ee728b)
Start importing Assets/Scripts/AutoShoot.cs using Guid(adafc00a93ffaa2458f9e9945c50402e) Importer(815301076,1909f56bfc062723c751e8b465ee728b) (PreviewImporter) -> (artifact id: '00000000000000000000000000000000') in 0.0006739 seconds
Import Error Code:(4)
Message: Build asset version error: assets/scripts/autoshoot.cs in SourceAssetDB has modification time of '2026-05-01T22:03:16.8502543Z' while content on disk has modification time of '2026-05-01T22:03:31.9912102Z'
  ERROR: Build asset version error: assets/scripts/autoshoot.cs in SourceAssetDB has modification time of '2026-05-01T22:03:16.8502543Z' while content on disk has modification time of '2026-05-01T22:03:31.9912102Z'
Number of updated asset objects reloaded before import = 0Number of asset objects unloaded after import = 0

========================================================================
Received Import Request.
  Time since last request: 0.000014 seconds.
  path: Assets/Scripts/AutoShoot.cs
  artifactKey: Guid(adafc00a93ffaa2458f9e9945c50402e) Importer(815301076,1909f56bfc062723c751e8b465ee728b)
Start importing Assets/Scripts/AutoShoot.cs using Guid(adafc00a93ffaa2458f9e9945c50402e) Importer(815301076,1909f56bfc062723c751e8b465ee728b) (PreviewImporter) -> (artifact id: '00000000000000000000000000000000') in 0.0006755 seconds
Import Error Code:(4)
Message: Build asset version error: assets/scripts/autoshoot.cs in SourceAssetDB has modification time of '2026-05-01T22:03:16.8502543Z' while content on disk has modification time of '2026-05-01T22:03:31.9912102Z'
  ERROR: Build asset version error: assets/scripts/autoshoot.cs in SourceAssetDB has modification time of '2026-05-01T22:03:16.8502543Z' while content on disk has modification time of '2026-05-01T22:03:31.9912102Z'
Number of updated asset objects reloaded before import = 0Number of asset objects unloaded after import = 0

========================================================================
Received Import Request.
  Time since last request: 0.000020 seconds.
  path: Assets/Scripts/AutoShoot.cs
  artifactKey: Guid(adafc00a93ffaa2458f9e9945c50402e) Importer(815301076,1909f56bfc062723c751e8b465ee728b)
Start importing Assets/Scripts/AutoShoot.cs using Guid(adafc00a93ffaa2458f9e9945c50402e) Importer(815301076,1909f56bfc062723c751e8b465ee728b) (PreviewImporter) -> (artifact id: '00000000000000000000000000000000') in 0.0006739 seconds
Import Error Code:(4)
Message: Build asset version error: assets/scripts/autoshoot.cs in SourceAssetDB has modification time of '2026-05-01T22:03:16.8502543Z' while content on disk has modification time of '2026-05-01T22:03:31.9912102Z'
  ERROR: Build asset version error: assets/scripts/autoshoot.cs in SourceAssetDB has modification time of '2026-05-01T22:03:16.8502543Z' while content on disk has modification time of '2026-05-01T22:03:31.9912102Z'
Number of updated asset objects reloaded before import = 0Number of asset objects unloaded after import = 0

========================================================================
Received Import Request.
  Time since last request: 0.000027 seconds.
  path: Assets/Scripts/AutoShoot.cs
  artifactKey: Guid(adafc00a93ffaa2458f9e9945c50402e) Importer(815301076,1909f56bfc062723c751e8b465ee728b)
Start importing Assets/Scripts/AutoShoot.cs using Guid(adafc00a93ffaa2458f9e9945c50402e) Importer(815301076,1909f56bfc062723c751e8b465ee728b) (PreviewImporter) -> (artifact id: '00000000000000000000000000000000') in 0.0007314 seconds
Import Error Code:(4)
Message: Build asset version error: assets/scripts/autoshoot.cs in SourceAssetDB has modification time of '2026-05-01T22:03:16.8502543Z' while content on disk has modification time of '2026-05-01T22:03:31.9912102Z'
  ERROR: Build asset version error: assets/scripts/autoshoot.cs in SourceAssetDB has modification time of '2026-05-01T22:03:16.8502543Z' while content on disk has modification time of '2026-05-01T22:03:31.9912102Z'
Number of updated asset objects reloaded before import = 0Number of asset objects unloaded after import = 0

========================================================================
Received Import Request.
  Time since last request: 0.000028 seconds.
  path: Assets/Scripts/AutoShoot.cs
  artifactKey: Guid(adafc00a93ffaa2458f9e9945c50402e) Importer(815301076,1909f56bfc062723c751e8b465ee728b)
Start importing Assets/Scripts/AutoShoot.cs using Guid(adafc00a93ffaa2458f9e9945c50402e) Importer(815301076,1909f56bfc062723c751e8b465ee728b) (PreviewImporter) -> (artifact id: '00000000000000000000000000000000') in 0.0006289 seconds
Import Error Code:(4)
Message: Build asset version error: assets/scripts/autoshoot.cs in SourceAssetDB has modification time of '2026-05-01T22:03:16.8502543Z' while content on disk has modification time of '2026-05-01T22:03:31.9912102Z'
  ERROR: Build asset version error: assets/scripts/autoshoot.cs in SourceAssetDB has modification time of '2026-05-01T22:03:16.8502543Z' while content on disk has modification time of '2026-05-01T22:03:31.9912102Z'
Number of updated asset objects reloaded before import = 0Number of asset objects unloaded after import = 0

========================================================================
Received Import Request.
  Time since last request: 0.000021 seconds.
  path: Assets/Scripts/AutoShoot.cs
  artifactKey: Guid(adafc00a93ffaa2458f9e9945c50402e) Importer(815301076,1909f56bfc062723c751e8b465ee728b)
Start importing Assets/Scripts/AutoShoot.cs using Guid(adafc00a93ffaa2458f9e9945c50402e) Importer(815301076,1909f56bfc062723c751e8b465ee728b) (PreviewImporter) -> (artifact id: '00000000000000000000000000000000') in 0.0006556 seconds
Import Error Code:(4)
Message: Build asset version error: assets/scripts/autoshoot.cs in SourceAssetDB has modification time of '2026-05-01T22:03:16.8502543Z' while content on disk has modification time of '2026-05-01T22:03:31.9912102Z'
  ERROR: Build asset version error: assets/scripts/autoshoot.cs in SourceAssetDB has modification time of '2026-05-01T22:03:16.8502543Z' while content on disk has modification time of '2026-05-01T22:03:31.9912102Z'
Number of updated asset objects reloaded before import = 0Number of asset objects unloaded after import = 0

========================================================================
Received Import Request.
  Time since last request: 0.000019 seconds.
  path: Assets/Scripts/AutoShoot.cs
  artifactKey: Guid(adafc00a93ffaa2458f9e9945c50402e) Importer(815301076,1909f56bfc062723c751e8b465ee728b)
Start importing Assets/Scripts/AutoShoot.cs using Guid(adafc00a93ffaa2458f9e9945c50402e) Importer(815301076,1909f56bfc062723c751e8b465ee728b) (PreviewImporter) -> (artifact id: '00000000000000000000000000000000') in 0.0006532 seconds
Import Error Code:(4)
Message: Build asset version error: assets/scripts/autoshoot.cs in SourceAssetDB has modification time of '2026-05-01T22:03:16.8502543Z' while content on disk has modification time of '2026-05-01T22:03:31.9912102Z'
  ERROR: Build asset version error: assets/scripts/autoshoot.cs in SourceAssetDB has modification time of '2026-05-01T22:03:16.8502543Z' while content on disk has modification time of '2026-05-01T22:03:31.9912102Z'
Number of updated asset objects reloaded before import = 0Number of asset objects unloaded after import = 0

========================================================================
Received Import Request.
  Time since last request: 0.000017 seconds.
  path: Assets/Scripts/AutoShoot.cs
  artifactKey: Guid(adafc00a93ffaa2458f9e9945c50402e) Importer(815301076,1909f56bfc062723c751e8b465ee728b)
Start importing Assets/Scripts/AutoShoot.cs using Guid(adafc00a93ffaa2458f9e9945c50402e) Importer(815301076,1909f56bfc062723c751e8b465ee728b) (PreviewImporter) -> (artifact id: '00000000000000000000000000000000') in 0.0006561 seconds
Import Error Code:(4)
Message: Build asset version error: assets/scripts/autoshoot.cs in SourceAssetDB has modification time of '2026-05-01T22:03:16.8502543Z' while content on disk has modification time of '2026-05-01T22:03:31.9912102Z'
  ERROR: Build asset version error: assets/scripts/autoshoot.cs in SourceAssetDB has modification time of '2026-05-01T22:03:16.8502543Z' while content on disk has modification time of '2026-05-01T22:03:31.9912102Z'
Number of updated asset objects reloaded before import = 0Number of asset objects unloaded after import = 0

========================================================================
Received Import Request.
  Time since last request: 0.000017 seconds.
  path: Assets/Scripts/AutoShoot.cs
  artifactKey: Guid(adafc00a93ffaa2458f9e9945c50402e) Importer(815301076,1909f56bfc062723c751e8b465ee728b)
Start importing Assets/Scripts/AutoShoot.cs using Guid(adafc00a93ffaa2458f9e9945c50402e) Importer(815301076,1909f56bfc062723c751e8b465ee728b) (PreviewImporter) -> (artifact id: '00000000000000000000000000000000') in 0.000759 seconds
Import Error Code:(4)
Message: Build asset version error: assets/scripts/autoshoot.cs in SourceAssetDB has modification time of '2026-05-01T22:03:16.8502543Z' while content on disk has modification time of '2026-05-01T22:03:31.9912102Z'
  ERROR: Build asset version error: assets/scripts/autoshoot.cs in SourceAssetDB has modification time of '2026-05-01T22:03:16.8502543Z' while content on disk has modification time of '2026-05-01T22:03:31.9912102Z'
Number of updated asset objects reloaded before import = 0Number of asset objects unloaded after import = 0

========================================================================
Received Import Request.
  Time since last request: 0.000024 seconds.
  path: Assets/Scripts/AutoShoot.cs
  artifactKey: Guid(adafc00a93ffaa2458f9e9945c50402e) Importer(815301076,1909f56bfc062723c751e8b465ee728b)
Start importing Assets/Scripts/AutoShoot.cs using Guid(adafc00a93ffaa2458f9e9945c50402e) Importer(815301076,1909f56bfc062723c751e8b465ee728b) (PreviewImporter) -> (artifact id: '4108fd02967502251dc3a64986882a45') in 0.000969 seconds
Number of updated asset objects reloaded before import = 0Number of asset objects unloaded after import = 0

========================================================================
Received Prepare
Refreshing native plugins compatible for Editor in 2.66 ms, found 5 plugins.
Preloading 0 native plugins for Editor in 0.00 ms.
Unloading 16 Unused Serialized files (Serialized files now loaded: 0)
Unloading 7155 unused Assets / (4.1 MB). Loaded Objects now: 8147.
Memory consumption went from 159.8 MB to 155.7 MB.
Total: 12.484900 ms (FindLiveObjects: 1.610300 ms CreateObjectMapping: 1.408000 ms MarkObjects: 6.602500 ms  DeleteObjects: 2.862300 ms)

Prepare: number of updated asset objects reloaded= 0
========================================================================
Received Import Request.
  Time since last request: 70.676311 seconds.
  path: Assets/Scripts/AutoShoot.cs
  artifactKey: Guid(adafc00a93ffaa2458f9e9945c50402e) Importer(2089858483,b0f066a214c2f5e87bad3c948f4d605d)
Start importing Assets/Scripts/AutoShoot.cs using Guid(adafc00a93ffaa2458f9e9945c50402e) Importer(2089858483,b0f066a214c2f5e87bad3c948f4d605d) (ScriptedImporter) -> (artifact id: 'e1d4258413ff401c6318c27987695911') in 0.0652611 seconds
Number of updated asset objects reloaded before import = 0Number of asset objects unloaded after import = 0

========================================================================
Received Prepare
Refreshing native plugins compatible for Editor in 1.90 ms, found 5 plugins.
Preloading 0 native plugins for Editor in 0.00 ms.
Unloading 16 Unused Serialized files (Serialized files now loaded: 0)
Unloading 7156 unused Assets / (5.2 MB). Loaded Objects now: 8148.
Memory consumption went from 159.8 MB to 154.7 MB.
Total: 12.388700 ms (FindLiveObjects: 0.917600 ms CreateObjectMapping: 0.911700 ms MarkObjects: 6.459100 ms  DeleteObjects: 4.098800 ms)

Prepare: number of updated asset objects reloaded= 0
========================================================================
Received Import Request.
  Time since last request: 6.715010 seconds.
  path: Assets/Scripts/Bullet.cs
  artifactKey: Guid(96dbcd901342a804da7d864f2be729d2) Importer(2089858483,b0f066a214c2f5e87bad3c948f4d605d)
Start importing Assets/Scripts/Bullet.cs using Guid(96dbcd901342a804da7d864f2be729d2) Importer(2089858483,b0f066a214c2f5e87bad3c948f4d605d) (ScriptedImporter) -> (artifact id: 'dc98878ae90770edf549cf7a9a05e2dc') in 0.007885 seconds
Number of updated asset objects reloaded before import = 0Number of asset objects unloaded after import = 0

========================================================================
Received Prepare
Refreshing native plugins compatible for Editor in 5.37 ms, found 5 plugins.
Preloading 0 native plugins for Editor in 0.00 ms.
Unloading 16 Unused Serialized files (Serialized files now loaded: 0)
Unloading 7156 unused Assets / (2.9 MB). Loaded Objects now: 8148.
Memory consumption went from 159.8 MB to 156.9 MB.
Total: 19.168300 ms (FindLiveObjects: 1.864100 ms CreateObjectMapping: 2.577900 ms MarkObjects: 10.376100 ms  DeleteObjects: 4.348600 ms)

Prepare: number of updated asset objects reloaded= 0
========================================================================
Received Import Request.
  Time since last request: 186.532657 seconds.
  path: Assets/Scripts/Bullet.cs
  artifactKey: Guid(96dbcd901342a804da7d864f2be729d2) Importer(2089858483,b0f066a214c2f5e87bad3c948f4d605d)
Start importing Assets/Scripts/Bullet.cs using Guid(96dbcd901342a804da7d864f2be729d2) Importer(2089858483,b0f066a214c2f5e87bad3c948f4d605d) (ScriptedImporter) -> (artifact id: '29e8004ea2b5c0de658a66a98267ebc3') in 0.0087968 seconds
Number of updated asset objects reloaded before import = 0Number of asset objects unloaded after import = 0

========================================================================
Received Prepare
Refreshing native plugins compatible for Editor in 2.44 ms, found 5 plugins.
Preloading 0 native plugins for Editor in 0.00 ms.
Unloading 16 Unused Serialized files (Serialized files now loaded: 0)
Unloading 7157 unused Assets / (4.2 MB). Loaded Objects now: 8149.
Memory consumption went from 159.8 MB to 155.6 MB.
Total: 11.676400 ms (FindLiveObjects: 0.841800 ms CreateObjectMapping: 0.360800 ms MarkObjects: 6.854300 ms  DeleteObjects: 3.618000 ms)

Prepare: number of updated asset objects reloaded= 0
========================================================================
Received Import Request.
  Time since last request: 23.630083 seconds.
  path: Assets/Scripts/EnemyHealth.cs
  artifactKey: Guid(71f504a1cbe83cf4a87a6a6c7455f9c7) Importer(2089858483,b0f066a214c2f5e87bad3c948f4d605d)
Start importing Assets/Scripts/EnemyHealth.cs using Guid(71f504a1cbe83cf4a87a6a6c7455f9c7) Importer(2089858483,b0f066a214c2f5e87bad3c948f4d605d) (ScriptedImporter) -> (artifact id: '306d26036ca958ad22a1585c8731ac8e') in 0.0090533 seconds
Number of updated asset objects reloaded before import = 0Number of asset objects unloaded after import = 0

========================================================================
Received Prepare
Refreshing native plugins compatible for Editor in 2.25 ms, found 5 plugins.
Preloading 0 native plugins for Editor in 0.00 ms.
Unloading 16 Unused Serialized files (Serialized files now loaded: 0)
Unloading 7157 unused Assets / (4.1 MB). Loaded Objects now: 8149.
Memory consumption went from 159.8 MB to 155.8 MB.
Total: 10.751200 ms (FindLiveObjects: 0.858400 ms CreateObjectMapping: 0.393500 ms MarkObjects: 6.612300 ms  DeleteObjects: 2.885500 ms)

Prepare: number of updated asset objects reloaded= 0
========================================================================
Received Import Request.
  Time since last request: 31.264331 seconds.
  path: Assets/Scripts/EnemyHealth.cs
  artifactKey: Guid(71f504a1cbe83cf4a87a6a6c7455f9c7) Importer(2089858483,b0f066a214c2f5e87bad3c948f4d605d)
Start importing Assets/Scripts/EnemyHealth.cs using Guid(71f504a1cbe83cf4a87a6a6c7455f9c7) Importer(2089858483,b0f066a214c2f5e87bad3c948f4d605d) (ScriptedImporter) -> (artifact id: 'ea1725332827c2e456945c8de2d10c4b') in 0.0095067 seconds
Number of updated asset objects reloaded before import = 0Number of asset objects unloaded after import = 0

========================================================================
Received Prepare
Refreshing native plugins compatible for Editor in 4.47 ms, found 5 plugins.
Preloading 0 native plugins for Editor in 0.00 ms.
Unloading 16 Unused Serialized files (Serialized files now loaded: 0)
Unloading 7157 unused Assets / (4.1 MB). Loaded Objects now: 8149.
Memory consumption went from 159.8 MB to 155.7 MB.
Total: 10.922600 ms (FindLiveObjects: 0.932600 ms CreateObjectMapping: 0.485300 ms MarkObjects: 6.776700 ms  DeleteObjects: 2.726500 ms)

Prepare: number of updated asset objects reloaded= 0
========================================================================
Received Import Request.
  Time since last request: 261.907211 seconds.
  path: Assets/Scripts/EnemyMovement.cs
  artifactKey: Guid(94dde27ba6989a947bfc608e8801ba1b) Importer(2089858483,b0f066a214c2f5e87bad3c948f4d605d)
Start importing Assets/Scripts/EnemyMovement.cs using Guid(94dde27ba6989a947bfc608e8801ba1b) Importer(2089858483,b0f066a214c2f5e87bad3c948f4d605d) (ScriptedImporter) -> (artifact id: 'f78f53dde99bcd87c54cbaf2db68a00a') in 0.0108385 seconds
Number of updated asset objects reloaded before import = 0Number of asset objects unloaded after import = 0

========================================================================
Received Prepare
Refreshing native plugins compatible for Editor in 2.42 ms, found 5 plugins.
Preloading 0 native plugins for Editor in 0.00 ms.
Unloading 16 Unused Serialized files (Serialized files now loaded: 0)
Unloading 7156 unused Assets / (4.0 MB). Loaded Objects now: 8148.
Memory consumption went from 159.8 MB to 155.8 MB.
Total: 9.426900 ms (FindLiveObjects: 0.952300 ms CreateObjectMapping: 0.471700 ms MarkObjects: 5.191700 ms  DeleteObjects: 2.809600 ms)

Prepare: number of updated asset objects reloaded= 0
========================================================================
Received Import Request.
  Time since last request: 13.509441 seconds.
  path: Assets/Prefags/Enemy.prefab
  artifactKey: Guid(673753f9545cf3c4f9cd5f54ec8b68a6) Importer(815301076,1909f56bfc062723c751e8b465ee728b)
Start importing Assets/Prefags/Enemy.prefab using Guid(673753f9545cf3c4f9cd5f54ec8b68a6) Importer(815301076,1909f56bfc062723c751e8b465ee728b) (PreviewImporter) -> (artifact id: 'ad8eafc467481e398b1a0f7fbbf2c593') in 0.3202285 seconds
Number of updated asset objects reloaded before import = 0Number of asset objects unloaded after import = 10

========================================================================
Received Import Request.
  Time since last request: 24.842261 seconds.
  path: Assets/Scripts/Bullet.cs
  artifactKey: Guid(96dbcd901342a804da7d864f2be729d2) Importer(815301076,1909f56bfc062723c751e8b465ee728b)
Start importing Assets/Scripts/Bullet.cs using Guid(96dbcd901342a804da7d864f2be729d2) Importer(815301076,1909f56bfc062723c751e8b465ee728b) (PreviewImporter) -> (artifact id: '3c9bc489351c74d81ef64040cb4bab9f') in 0.0008003 seconds
Number of updated asset objects reloaded before import = 0Number of asset objects unloaded after import = 0

========================================================================
Received Prepare
Refreshing native plugins compatible for Editor in 1.98 ms, found 5 plugins.
Preloading 0 native plugins for Editor in 0.00 ms.
Unloading 16 Unused Serialized files (Serialized files now loaded: 0)
Unloading 7155 unused Assets / (3.7 MB). Loaded Objects now: 8240.
Memory consumption went from 160.4 MB to 156.6 MB.
Total: 9.358700 ms (FindLiveObjects: 0.860100 ms CreateObjectMapping: 0.330700 ms MarkObjects: 6.189700 ms  DeleteObjects: 1.976900 ms)

Prepare: number of updated asset objects reloaded= 0
========================================================================
Received Prepare
Refreshing native plugins compatible for Editor in 1.82 ms, found 5 plugins.
Preloading 0 native plugins for Editor in 0.00 ms.
Unloading 16 Unused Serialized files (Serialized files now loaded: 0)
Unloading 7156 unused Assets / (4.2 MB). Loaded Objects now: 8241.
Memory consumption went from 160.4 MB to 156.2 MB.
Total: 11.619500 ms (FindLiveObjects: 1.141500 ms CreateObjectMapping: 0.434900 ms MarkObjects: 7.177200 ms  DeleteObjects: 2.864400 ms)

Prepare: number of updated asset objects reloaded= 0
========================================================================
Received Prepare
Refreshing native plugins compatible for Editor in 3.16 ms, found 5 plugins.
Preloading 0 native plugins for Editor in 0.00 ms.
Unloading 16 Unused Serialized files (Serialized files now loaded: 0)
Unloading 7156 unused Assets / (3.3 MB). Loaded Objects now: 8241.
Memory consumption went from 160.4 MB to 157.1 MB.
Total: 20.091000 ms (FindLiveObjects: 1.738500 ms CreateObjectMapping: 1.488100 ms MarkObjects: 12.673900 ms  DeleteObjects: 4.188500 ms)

Prepare: number of updated asset objects reloaded= 0
========================================================================
Received Prepare
Refreshing native plugins compatible for Editor in 2.69 ms, found 5 plugins.
Preloading 0 native plugins for Editor in 0.00 ms.
Unloading 16 Unused Serialized files (Serialized files now loaded: 0)
Unloading 7157 unused Assets / (4.0 MB). Loaded Objects now: 8242.
Memory consumption went from 160.4 MB to 156.3 MB.
Total: 10.546700 ms (FindLiveObjects: 1.223200 ms CreateObjectMapping: 0.983800 ms MarkObjects: 5.797800 ms  DeleteObjects: 2.540400 ms)

Prepare: number of updated asset objects reloaded= 0
========================================================================
Received Import Request.
  Time since last request: 322.794521 seconds.
  path: Assets/Scripts/EnemySpawner.cs
  artifactKey: Guid(0ee90695cc9339542b0ef988544468b7) Importer(2089858483,b0f066a214c2f5e87bad3c948f4d605d)
Start importing Assets/Scripts/EnemySpawner.cs using Guid(0ee90695cc9339542b0ef988544468b7) Importer(2089858483,b0f066a214c2f5e87bad3c948f4d605d) (ScriptedImporter) -> (artifact id: '5fffb729b1635e9f2330d1adabf4c18d') in 0.0245254 seconds
Number of updated asset objects reloaded before import = 0Number of asset objects unloaded after import = 0

========================================================================
Received Import Request.
  Time since last request: 2.496607 seconds.
  path: Assets/Scripts/EnemySpawner.cs
  artifactKey: Guid(0ee90695cc9339542b0ef988544468b7) Importer(815301076,1909f56bfc062723c751e8b465ee728b)
Start importing Assets/Scripts/EnemySpawner.cs using Guid(0ee90695cc9339542b0ef988544468b7) Importer(815301076,1909f56bfc062723c751e8b465ee728b) (PreviewImporter) -> (artifact id: '52d581b8cdd884c7ae5e73b0f3162fb5') in 0.0010477 seconds
Number of updated asset objects reloaded before import = 0Number of asset objects unloaded after import = 0

========================================================================
Received Prepare
Refreshing native plugins compatible for Editor in 2.83 ms, found 5 plugins.
Preloading 0 native plugins for Editor in 0.00 ms.
Unloading 16 Unused Serialized files (Serialized files now loaded: 0)
Unloading 7157 unused Assets / (4.2 MB). Loaded Objects now: 8242.
Memory consumption went from 160.4 MB to 156.2 MB.
Total: 12.975200 ms (FindLiveObjects: 0.824800 ms CreateObjectMapping: 0.326500 ms MarkObjects: 7.796700 ms  DeleteObjects: 4.025600 ms)

Prepare: number of updated asset objects reloaded= 0
========================================================================
Received Import Request.
  Time since last request: 33.507935 seconds.
  path: Assets/Scripts/EnemySpawner.cs
  artifactKey: Guid(0ee90695cc9339542b0ef988544468b7) Importer(2089858483,b0f066a214c2f5e87bad3c948f4d605d)
Start importing Assets/Scripts/EnemySpawner.cs using Guid(0ee90695cc9339542b0ef988544468b7) Importer(2089858483,b0f066a214c2f5e87bad3c948f4d605d) (ScriptedImporter) -> (artifact id: '6bec2417a60be5a0ac2099ed6950f020') in 0.0154727 seconds
Number of updated asset objects reloaded before import = 0Number of asset objects unloaded after import = 0

========================================================================
Received Prepare
Refreshing native plugins compatible for Editor in 1.81 ms, found 5 plugins.
Preloading 0 native plugins for Editor in 0.00 ms.
Unloading 16 Unused Serialized files (Serialized files now loaded: 0)
Unloading 7158 unused Assets / (4.0 MB). Loaded Objects now: 8243.
Memory consumption went from 160.4 MB to 156.4 MB.
Total: 12.426900 ms (FindLiveObjects: 0.977900 ms CreateObjectMapping: 0.440200 ms MarkObjects: 8.180300 ms  DeleteObjects: 2.826000 ms)

Prepare: number of updated asset objects reloaded= 0
========================================================================
Received Import Request.
  Time since last request: 86.182394 seconds.
  path: Assets/Scripts/GameSimple.cs
  artifactKey: Guid(b0c13f28d59972b4fbd3d8061b3f469a) Importer(2089858483,b0f066a214c2f5e87bad3c948f4d605d)
Start importing Assets/Scripts/GameSimple.cs using Guid(b0c13f28d59972b4fbd3d8061b3f469a) Importer(2089858483,b0f066a214c2f5e87bad3c948f4d605d) (ScriptedImporter) -> (artifact id: '1b9e083140df29a4c63860da17c604ae') in 0.0111059 seconds
Number of updated asset objects reloaded before import = 0Number of asset objects unloaded after import = 0

========================================================================
Received Import Request.
  Time since last request: 103.573407 seconds.
  path: Assets/Scripts/GameSimple.cs
  artifactKey: Guid(b0c13f28d59972b4fbd3d8061b3f469a) Importer(815301076,1909f56bfc062723c751e8b465ee728b)
Start importing Assets/Scripts/GameSimple.cs using Guid(b0c13f28d59972b4fbd3d8061b3f469a) Importer(815301076,1909f56bfc062723c751e8b465ee728b) (PreviewImporter) -> (artifact id: 'bedd88c28a1033df38346fc4b5951648') in 0.0009613 seconds
Number of updated asset objects reloaded before import = 0Number of asset objects unloaded after import = 0

========================================================================
Received Prepare
Refreshing native plugins compatible for Editor in 3.70 ms, found 5 plugins.
Preloading 0 native plugins for Editor in 0.00 ms.
Unloading 16 Unused Serialized files (Serialized files now loaded: 0)
Unloading 7158 unused Assets / (4.3 MB). Loaded Objects now: 8243.
Memory consumption went from 160.4 MB to 156.1 MB.
Total: 16.203200 ms (FindLiveObjects: 0.879800 ms CreateObjectMapping: 0.785200 ms MarkObjects: 10.905500 ms  DeleteObjects: 3.630900 ms)

Prepare: number of updated asset objects reloaded= 0
========================================================================
Received Import Request.
  Time since last request: 8.562979 seconds.
  path: Assets/Scripts/GameSimple.cs
  artifactKey: Guid(b0c13f28d59972b4fbd3d8061b3f469a) Importer(2089858483,b0f066a214c2f5e87bad3c948f4d605d)
Start importing Assets/Scripts/GameSimple.cs using Guid(b0c13f28d59972b4fbd3d8061b3f469a) Importer(2089858483,b0f066a214c2f5e87bad3c948f4d605d) (ScriptedImporter) -> (artifact id: '0c2cc8c458e91e39ea5606c54c4254b8') in 0.011602 seconds
Number of updated asset objects reloaded before import = 0Number of asset objects unloaded after import = 0

========================================================================
Received Prepare
Refreshing native plugins compatible for Editor in 3.30 ms, found 5 plugins.
Preloading 0 native plugins for Editor in 0.00 ms.
Unloading 16 Unused Serialized files (Serialized files now loaded: 0)
Unloading 7158 unused Assets / (4.7 MB). Loaded Objects now: 8243.
Memory consumption went from 160.4 MB to 155.7 MB.
Total: 17.339600 ms (FindLiveObjects: 1.763100 ms CreateObjectMapping: 1.286900 ms MarkObjects: 9.719900 ms  DeleteObjects: 4.567600 ms)

Prepare: number of updated asset objects reloaded= 0
========================================================================
Received Import Request.
  Time since last request: 40.156754 seconds.
  path: Assets/Scripts/GameSimple.cs
  artifactKey: Guid(b0c13f28d59972b4fbd3d8061b3f469a) Importer(2089858483,b0f066a214c2f5e87bad3c948f4d605d)
Start importing Assets/Scripts/GameSimple.cs using Guid(b0c13f28d59972b4fbd3d8061b3f469a) Importer(2089858483,b0f066a214c2f5e87bad3c948f4d605d) (ScriptedImporter) -> (artifact id: 'f39e575bfca9519369938c95a91a60da') in 0.0114262 seconds
Number of updated asset objects reloaded before import = 0Number of asset objects unloaded after import = 0

========================================================================
Received Prepare
Refreshing native plugins compatible for Editor in 4.21 ms, found 5 plugins.
Preloading 0 native plugins for Editor in 0.00 ms.
Unloading 16 Unused Serialized files (Serialized files now loaded: 0)
Unloading 7158 unused Assets / (4.8 MB). Loaded Objects now: 8243.
Memory consumption went from 160.4 MB to 155.6 MB.
Total: 16.601800 ms (FindLiveObjects: 1.638700 ms CreateObjectMapping: 0.787600 ms MarkObjects: 10.426500 ms  DeleteObjects: 3.747400 ms)

Prepare: number of updated asset objects reloaded= 0
========================================================================
Received Import Request.
  Time since last request: 29.085104 seconds.
  path: Assets/Scripts/GameSimple.cs
  artifactKey: Guid(b0c13f28d59972b4fbd3d8061b3f469a) Importer(2089858483,b0f066a214c2f5e87bad3c948f4d605d)
Start importing Assets/Scripts/GameSimple.cs using Guid(b0c13f28d59972b4fbd3d8061b3f469a) Importer(2089858483,b0f066a214c2f5e87bad3c948f4d605d) (ScriptedImporter) -> (artifact id: '46e12176ee9aebbf66f8f0127efcc1c5') in 0.0162911 seconds
Number of updated asset objects reloaded before import = 0Number of asset objects unloaded after import = 0

========================================================================
Received Prepare
Refreshing native plugins compatible for Editor in 2.00 ms, found 5 plugins.
Preloading 0 native plugins for Editor in 0.00 ms.
Unloading 16 Unused Serialized files (Serialized files now loaded: 0)
Unloading 7157 unused Assets / (4.3 MB). Loaded Objects now: 8242.
Memory consumption went from 160.4 MB to 156.1 MB.
Total: 12.524400 ms (FindLiveObjects: 0.955100 ms CreateObjectMapping: 0.424900 ms MarkObjects: 7.838200 ms  DeleteObjects: 3.303700 ms)

Prepare: number of updated asset objects reloaded= 0
========================================================================
Received Prepare
Refreshing native plugins compatible for Editor in 2.03 ms, found 5 plugins.
Preloading 0 native plugins for Editor in 0.00 ms.
Unloading 16 Unused Serialized files (Serialized files now loaded: 0)
Unloading 7156 unused Assets / (4.1 MB). Loaded Objects now: 8241.
Memory consumption went from 160.4 MB to 156.3 MB.
Total: 11.486200 ms (FindLiveObjects: 1.010700 ms CreateObjectMapping: 0.400000 ms MarkObjects: 7.615400 ms  DeleteObjects: 2.458800 ms)

Prepare: number of updated asset objects reloaded= 0
========================================================================
Received Prepare
Begin MonoManager ReloadAssembly
[Licensing::Client] Successfully resolved entitlement details
- Loaded All Assemblies, in  0.769 seconds
Refreshing native plugins compatible for Editor in 2.14 ms, found 5 plugins.
Native extension for WindowsStandalone target not found
[Package Manager] Failed to launch server process. Reason: Unity was launched with the -noUpm command-line argument
[Package Manager] Unable to send message (not connected to server process).
[Package Manager] Cannot connect to Unity Package Manager local server
[Package Manager] Failed to launch server process. Reason: Unity was launched with the -noUpm command-line argument
[Package Manager] Unable to send message (not connected to server process).
[Package Manager] Cannot connect to Unity Package Manager local server
ScheduleIndexationOnStartup MainProcess:False IndexOnStartup:True
Mono: successfully reloaded assembly
- Finished resetting the current domain, in  0.703 seconds
Domain Reload Profiling: 1471ms
	BeginReloadAssembly (235ms)
		ExecutionOrderSort (0ms)
		DisableScriptedObjects (28ms)
		BackupInstance (0ms)
		ReleaseScriptingObjects (0ms)
		CreateAndSetChildDomain (66ms)
	RebuildCommonClasses (34ms)
	RebuildNativeTypeToScriptingClass (12ms)
	initialDomainReloadingComplete (32ms)
	LoadAllAssembliesAndSetupDomain (455ms)
		LoadAssemblies (350ms)
		RebuildTransferFunctionScriptingTraits (0ms)
		AnalyzeDomain (187ms)
			TypeCache.Refresh (9ms)
				TypeCache.ScanAssembly (0ms)
			BuildScriptInfoCaches (163ms)
			ResolveRequiredComponents (10ms)
	FinalizeReload (704ms)
		ReleaseScriptCaches (0ms)
		RebuildScriptCaches (0ms)
		SetupLoadedEditorAssemblies (539ms)
			LogAssemblyErrors (0ms)
			InitializePlatformSupportModulesInManaged (2ms)
			SetLoadedEditorAssemblies (3ms)
			BeforeProcessingInitializeOnLoad (147ms)
			ProcessInitializeOnLoadAttributes (301ms)
			ProcessInitializeOnLoadMethodAttributes (79ms)
			AfterProcessingInitializeOnLoad (6ms)
			EditorAssembliesLoaded (0ms)
		ExecutionOrderSort2 (0ms)
		AwakeInstancesAfterBackupRestoration (17ms)
Refreshing native plugins compatible for Editor in 2.63 ms, found 5 plugins.
Preloading 0 native plugins for Editor in 0.00 ms.
Unloading 16 Unused Serialized files (Serialized files now loaded: 0)
Unloading 7171 unused Assets / (4.0 MB). Loaded Objects now: 8171.
Memory consumption went from 159.9 MB to 155.9 MB.
Total: 10.252800 ms (FindLiveObjects: 0.884200 ms CreateObjectMapping: 0.444900 ms MarkObjects: 6.397000 ms  DeleteObjects: 2.525300 ms)

Prepare: number of updated asset objects reloaded= 0
========================================================================
Received Prepare
Begin MonoManager ReloadAssembly
- Loaded All Assemblies, in  0.802 seconds
Refreshing native plugins compatible for Editor in 2.40 ms, found 5 plugins.
Native extension for WindowsStandalone target not found
[Package Manager] Failed to launch server process. Reason: Unity was launched with the -noUpm command-line argument
[Package Manager] Unable to send message (not connected to server process).
[Package Manager] Cannot connect to Unity Package Manager local server
[Package Manager] Failed to launch server process. Reason: Unity was launched with the -noUpm command-line argument
[Package Manager] Unable to send message (not connected to server process).
[Package Manager] Cannot connect to Unity Package Manager local server
ScheduleIndexationOnStartup MainProcess:False IndexOnStartup:True
Mono: successfully reloaded assembly
- Finished resetting the current domain, in  0.746 seconds
Domain Reload Profiling: 1548ms
	BeginReloadAssembly (249ms)
		ExecutionOrderSort (0ms)
		DisableScriptedObjects (38ms)
		BackupInstance (0ms)
		ReleaseScriptingObjects (0ms)
		CreateAndSetChildDomain (50ms)
	RebuildCommonClasses (42ms)
	RebuildNativeTypeToScriptingClass (12ms)
	initialDomainReloadingComplete (28ms)
	LoadAllAssembliesAndSetupDomain (471ms)
		LoadAssemblies (352ms)
		RebuildTransferFunctionScriptingTraits (0ms)
		AnalyzeDomain (214ms)
			TypeCache.Refresh (6ms)
				TypeCache.ScanAssembly (0ms)
			BuildScriptInfoCaches (195ms)
			ResolveRequiredComponents (8ms)
	FinalizeReload (747ms)
		ReleaseScriptCaches (0ms)
		RebuildScriptCaches (0ms)
		SetupLoadedEditorAssemblies (591ms)
			LogAssemblyErrors (0ms)
			InitializePlatformSupportModulesInManaged (2ms)
			SetLoadedEditorAssemblies (3ms)
			BeforeProcessingInitializeOnLoad (152ms)
			ProcessInitializeOnLoadAttributes (335ms)
			ProcessInitializeOnLoadMethodAttributes (90ms)
			AfterProcessingInitializeOnLoad (8ms)
			EditorAssembliesLoaded (1ms)
		ExecutionOrderSort2 (0ms)
		AwakeInstancesAfterBackupRestoration (23ms)
Refreshing native plugins compatible for Editor in 2.56 ms, found 5 plugins.
Preloading 0 native plugins for Editor in 0.00 ms.
Unloading 16 Unused Serialized files (Serialized files now loaded: 0)
Unloading 7171 unused Assets / (4.1 MB). Loaded Objects now: 8174.
Memory consumption went from 159.8 MB to 155.7 MB.
Total: 11.942400 ms (FindLiveObjects: 1.307600 ms CreateObjectMapping: 1.275100 ms MarkObjects: 6.933000 ms  DeleteObjects: 2.424400 ms)

Prepare: number of updated asset objects reloaded= 0
========================================================================
Received Import Request.
  Time since last request: 263.196237 seconds.
  path: Assets/Prefags/Enemy.prefab
  artifactKey: Guid(673753f9545cf3c4f9cd5f54ec8b68a6) Importer(815301076,1909f56bfc062723c751e8b465ee728b)
Start importing Assets/Prefags/Enemy.prefab using Guid(673753f9545cf3c4f9cd5f54ec8b68a6) Importer(815301076,1909f56bfc062723c751e8b465ee728b) (PreviewImporter) -> (artifact id: 'fe723f7e0042fa1663dfb80a52d164e8') in 0.3462166 seconds
Number of updated asset objects reloaded before import = 0Number of asset objects unloaded after import = 10

========================================================================
Received Prepare
Begin MonoManager ReloadAssembly
[Licensing::Client] Successfully resolved entitlement details
- Loaded All Assemblies, in  0.788 seconds
Refreshing native plugins compatible for Editor in 2.54 ms, found 5 plugins.
Native extension for WindowsStandalone target not found
[Package Manager] Failed to launch server process. Reason: Unity was launched with the -noUpm command-line argument
[Package Manager] Unable to send message (not connected to server process).
[Package Manager] Cannot connect to Unity Package Manager local server
[Package Manager] Failed to launch server process. Reason: Unity was launched with the -noUpm command-line argument
[Package Manager] Unable to send message (not connected to server process).
[Package Manager] Cannot connect to Unity Package Manager local server
ScheduleIndexationOnStartup MainProcess:False IndexOnStartup:True
Mono: successfully reloaded assembly
- Finished resetting the current domain, in  0.739 seconds
Domain Reload Profiling: 1526ms
	BeginReloadAssembly (244ms)
		ExecutionOrderSort (0ms)
		DisableScriptedObjects (34ms)
		BackupInstance (0ms)
		ReleaseScriptingObjects (0ms)
		CreateAndSetChildDomain (70ms)
	RebuildCommonClasses (37ms)
	RebuildNativeTypeToScriptingClass (11ms)
	initialDomainReloadingComplete (28ms)
	LoadAllAssembliesAndSetupDomain (467ms)
		LoadAssemblies (352ms)
		RebuildTransferFunctionScriptingTraits (0ms)
		AnalyzeDomain (194ms)
			TypeCache.Refresh (6ms)
				TypeCache.ScanAssembly (0ms)
			BuildScriptInfoCaches (175ms)
			ResolveRequiredComponents (8ms)
	FinalizeReload (739ms)
		ReleaseScriptCaches (0ms)
		RebuildScriptCaches (0ms)
		SetupLoadedEditorAssemblies (582ms)
			LogAssemblyErrors (0ms)
			InitializePlatformSupportModulesInManaged (2ms)
			SetLoadedEditorAssemblies (3ms)
			BeforeProcessingInitializeOnLoad (152ms)
			ProcessInitializeOnLoadAttributes (323ms)
			ProcessInitializeOnLoadMethodAttributes (94ms)
			AfterProcessingInitializeOnLoad (7ms)
			EditorAssembliesLoaded (1ms)
		ExecutionOrderSort2 (0ms)
		AwakeInstancesAfterBackupRestoration (21ms)
Refreshing native plugins compatible for Editor in 4.08 ms, found 5 plugins.
Preloading 0 native plugins for Editor in 0.00 ms.
Unloading 16 Unused Serialized files (Serialized files now loaded: 0)
Unloading 7171 unused Assets / (4.5 MB). Loaded Objects now: 8197.
Memory consumption went from 160.0 MB to 155.5 MB.
Total: 13.948300 ms (FindLiveObjects: 1.263700 ms CreateObjectMapping: 0.952300 ms MarkObjects: 8.148000 ms  DeleteObjects: 3.582000 ms)

Prepare: number of updated asset objects reloaded= 0
========================================================================
Received Prepare
Refreshing native plugins compatible for Editor in 3.88 ms, found 5 plugins.
Preloading 0 native plugins for Editor in 0.00 ms.
Unloading 16 Unused Serialized files (Serialized files now loaded: 0)
Unloading 7156 unused Assets / (4.0 MB). Loaded Objects now: 8197.
Memory consumption went from 160.0 MB to 155.9 MB.
Total: 12.007000 ms (FindLiveObjects: 1.299300 ms CreateObjectMapping: 1.037000 ms MarkObjects: 6.386600 ms  DeleteObjects: 3.282600 ms)

Prepare: number of updated asset objects reloaded= 0
========================================================================
Received Prepare
Begin MonoManager ReloadAssembly
[Licensing::Client] Successfully resolved entitlement details
- Loaded All Assemblies, in  1.002 seconds
Refreshing native plugins compatible for Editor in 2.60 ms, found 5 plugins.
Native extension for WindowsStandalone target not found
[Package Manager] Failed to launch server process. Reason: Unity was launched with the -noUpm command-line argument
[Package Manager] Unable to send message (not connected to server process).
[Package Manager] Cannot connect to Unity Package Manager local server
[Package Manager] Failed to launch server process. Reason: Unity was launched with the -noUpm command-line argument
[Package Manager] Unable to send message (not connected to server process).
[Package Manager] Cannot connect to Unity Package Manager local server
ScheduleIndexationOnStartup MainProcess:False IndexOnStartup:True
Mono: successfully reloaded assembly
- Finished resetting the current domain, in  0.939 seconds
Domain Reload Profiling: 1940ms
	BeginReloadAssembly (296ms)
		ExecutionOrderSort (0ms)
		DisableScriptedObjects (19ms)
		BackupInstance (0ms)
		ReleaseScriptingObjects (0ms)
		CreateAndSetChildDomain (78ms)
	RebuildCommonClasses (36ms)
	RebuildNativeTypeToScriptingClass (24ms)
	initialDomainReloadingComplete (30ms)
	LoadAllAssembliesAndSetupDomain (614ms)
		LoadAssemblies (438ms)
		RebuildTransferFunctionScriptingTraits (0ms)
		AnalyzeDomain (291ms)
			TypeCache.Refresh (15ms)
				TypeCache.ScanAssembly (1ms)
			BuildScriptInfoCaches (252ms)
			ResolveRequiredComponents (16ms)
	FinalizeReload (939ms)
		ReleaseScriptCaches (0ms)
		RebuildScriptCaches (0ms)
		SetupLoadedEditorAssemblies (720ms)
			LogAssemblyErrors (0ms)
			InitializePlatformSupportModulesInManaged (3ms)
			SetLoadedEditorAssemblies (4ms)
			BeforeProcessingInitializeOnLoad (203ms)
			ProcessInitializeOnLoadAttributes (417ms)
			ProcessInitializeOnLoadMethodAttributes (88ms)
			AfterProcessingInitializeOnLoad (5ms)
			EditorAssembliesLoaded (0ms)
		ExecutionOrderSort2 (0ms)
		AwakeInstancesAfterBackupRestoration (19ms)
Refreshing native plugins compatible for Editor in 2.56 ms, found 5 plugins.
Preloading 0 native plugins for Editor in 0.00 ms.
Unloading 16 Unused Serialized files (Serialized files now loaded: 0)
Unloading 7171 unused Assets / (4.1 MB). Loaded Objects now: 8200.
Memory consumption went from 159.9 MB to 155.8 MB.
Total: 11.817500 ms (FindLiveObjects: 1.089300 ms CreateObjectMapping: 0.780500 ms MarkObjects: 6.751400 ms  DeleteObjects: 3.194700 ms)

Prepare: number of updated asset objects reloaded= 0
========================================================================
Received Prepare
Begin MonoManager ReloadAssembly
- Loaded All Assemblies, in  0.766 seconds
Refreshing native plugins compatible for Editor in 1.74 ms, found 5 plugins.
Native extension for WindowsStandalone target not found
[Package Manager] Failed to launch server process. Reason: Unity was launched with the -noUpm command-line argument
[Package Manager] Unable to send message (not connected to server process).
[Package Manager] Cannot connect to Unity Package Manager local server
[Package Manager] Failed to launch server process. Reason: Unity was launched with the -noUpm command-line argument
[Package Manager] Unable to send message (not connected to server process).
[Package Manager] Cannot connect to Unity Package Manager local server
ScheduleIndexationOnStartup MainProcess:False IndexOnStartup:True
Mono: successfully reloaded assembly
- Finished resetting the current domain, in  0.723 seconds
Domain Reload Profiling: 1490ms
	BeginReloadAssembly (205ms)
		ExecutionOrderSort (0ms)
		DisableScriptedObjects (13ms)
		BackupInstance (0ms)
		ReleaseScriptingObjects (0ms)
		CreateAndSetChildDomain (50ms)
	RebuildCommonClasses (41ms)
	RebuildNativeTypeToScriptingClass (16ms)
	initialDomainReloadingComplete (29ms)
	LoadAllAssembliesAndSetupDomain (474ms)
		LoadAssemblies (354ms)
		RebuildTransferFunctionScriptingTraits (0ms)
		AnalyzeDomain (207ms)
			TypeCache.Refresh (7ms)
				TypeCache.ScanAssembly (0ms)
			BuildScriptInfoCaches (183ms)
			ResolveRequiredComponents (11ms)
	FinalizeReload (724ms)
		ReleaseScriptCaches (0ms)
		RebuildScriptCaches (0ms)
		SetupLoadedEditorAssemblies (566ms)
			LogAssemblyErrors (0ms)
			InitializePlatformSupportModulesInManaged (2ms)
			SetLoadedEditorAssemblies (3ms)
			BeforeProcessingInitializeOnLoad (150ms)
			ProcessInitializeOnLoadAttributes (315ms)
			ProcessInitializeOnLoadMethodAttributes (89ms)
			AfterProcessingInitializeOnLoad (7ms)
			EditorAssembliesLoaded (0ms)
		ExecutionOrderSort2 (0ms)
		AwakeInstancesAfterBackupRestoration (19ms)
Refreshing native plugins compatible for Editor in 2.41 ms, found 5 plugins.
Preloading 0 native plugins for Editor in 0.00 ms.
Unloading 16 Unused Serialized files (Serialized files now loaded: 0)
Unloading 7171 unused Assets / (4.0 MB). Loaded Objects now: 8203.
Memory consumption went from 159.9 MB to 156.0 MB.
Total: 11.808700 ms (FindLiveObjects: 1.236600 ms CreateObjectMapping: 0.892400 ms MarkObjects: 6.833100 ms  DeleteObjects: 2.844100 ms)

Prepare: number of updated asset objects reloaded= 0
========================================================================
Received Prepare
Begin MonoManager ReloadAssembly
- Loaded All Assemblies, in  0.766 seconds
Refreshing native plugins compatible for Editor in 2.31 ms, found 5 plugins.
Native extension for WindowsStandalone target not found
[Package Manager] Failed to launch server process. Reason: Unity was launched with the -noUpm command-line argument
[Package Manager] Unable to send message (not connected to server process).
[Package Manager] Cannot connect to Unity Package Manager local server
[Package Manager] Failed to launch server process. Reason: Unity was launched with the -noUpm command-line argument
[Package Manager] Unable to send message (not connected to server process).
[Package Manager] Cannot connect to Unity Package Manager local server
ScheduleIndexationOnStartup MainProcess:False IndexOnStartup:True
Mono: successfully reloaded assembly
- Finished resetting the current domain, in  0.781 seconds
Domain Reload Profiling: 1546ms
	BeginReloadAssembly (212ms)
		ExecutionOrderSort (0ms)
		DisableScriptedObjects (13ms)
		BackupInstance (0ms)
		ReleaseScriptingObjects (0ms)
		CreateAndSetChildDomain (51ms)
	RebuildCommonClasses (40ms)
	RebuildNativeTypeToScriptingClass (16ms)
	initialDomainReloadingComplete (32ms)
	LoadAllAssembliesAndSetupDomain (465ms)
		LoadAssemblies (360ms)
		RebuildTransferFunctionScriptingTraits (0ms)
		AnalyzeDomain (196ms)
			TypeCache.Refresh (7ms)
				TypeCache.ScanAssembly (0ms)
			BuildScriptInfoCaches (173ms)
			ResolveRequiredComponents (11ms)
	FinalizeReload (781ms)
		ReleaseScriptCaches (0ms)
		RebuildScriptCaches (0ms)
		SetupLoadedEditorAssemblies (625ms)
			LogAssemblyErrors (0ms)
			InitializePlatformSupportModulesInManaged (2ms)
			SetLoadedEditorAssemblies (3ms)
			BeforeProcessingInitializeOnLoad (148ms)
			ProcessInitializeOnLoadAttributes (377ms)
			ProcessInitializeOnLoadMethodAttributes (88ms)
			AfterProcessingInitializeOnLoad (7ms)
			EditorAssembliesLoaded (0ms)
		ExecutionOrderSort2 (0ms)
		AwakeInstancesAfterBackupRestoration (22ms)
Refreshing native plugins compatible for Editor in 2.99 ms, found 5 plugins.
Preloading 0 native plugins for Editor in 0.00 ms.
Unloading 16 Unused Serialized files (Serialized files now loaded: 0)
Unloading 7171 unused Assets / (4.2 MB). Loaded Objects now: 8206.
Memory consumption went from 160.0 MB to 155.8 MB.
Total: 12.784300 ms (FindLiveObjects: 1.259500 ms CreateObjectMapping: 1.053200 ms MarkObjects: 7.324300 ms  DeleteObjects: 3.145600 ms)

Prepare: number of updated asset objects reloaded= 0
========================================================================
Received Prepare
Begin MonoManager ReloadAssembly
[Licensing::Client] Successfully resolved entitlement details
- Loaded All Assemblies, in  0.725 seconds
Refreshing native plugins compatible for Editor in 1.81 ms, found 5 plugins.
Native extension for WindowsStandalone target not found
[Package Manager] Failed to launch server process. Reason: Unity was launched with the -noUpm command-line argument
[Package Manager] Unable to send message (not connected to server process).
[Package Manager] Cannot connect to Unity Package Manager local server
[Package Manager] Failed to launch server process. Reason: Unity was launched with the -noUpm command-line argument
[Package Manager] Unable to send message (not connected to server process).
[Package Manager] Cannot connect to Unity Package Manager local server
ScheduleIndexationOnStartup MainProcess:False IndexOnStartup:True
Mono: successfully reloaded assembly
- Finished resetting the current domain, in  0.634 seconds
Domain Reload Profiling: 1358ms
	BeginReloadAssembly (205ms)
		ExecutionOrderSort (0ms)
		DisableScriptedObjects (17ms)
		BackupInstance (0ms)
		ReleaseScriptingObjects (0ms)
		CreateAndSetChildDomain (52ms)
	RebuildCommonClasses (32ms)
	RebuildNativeTypeToScriptingClass (11ms)
	initialDomainReloadingComplete (30ms)
	LoadAllAssembliesAndSetupDomain (446ms)
		LoadAssemblies (336ms)
		RebuildTransferFunctionScriptingTraits (0ms)
		AnalyzeDomain (187ms)
			TypeCache.Refresh (6ms)
				TypeCache.ScanAssembly (0ms)
			BuildScriptInfoCaches (169ms)
			ResolveRequiredComponents (8ms)
	FinalizeReload (635ms)
		ReleaseScriptCaches (0ms)
		RebuildScriptCaches (0ms)
		SetupLoadedEditorAssemblies (500ms)
			LogAssemblyErrors (0ms)
			InitializePlatformSupportModulesInManaged (3ms)
			SetLoadedEditorAssemblies (3ms)
			BeforeProcessingInitializeOnLoad (133ms)
			ProcessInitializeOnLoadAttributes (286ms)
			ProcessInitializeOnLoadMethodAttributes (69ms)
			AfterProcessingInitializeOnLoad (6ms)
			EditorAssembliesLoaded (0ms)
		ExecutionOrderSort2 (0ms)
		AwakeInstancesAfterBackupRestoration (13ms)
Refreshing native plugins compatible for Editor in 2.15 ms, found 5 plugins.
Preloading 0 native plugins for Editor in 0.00 ms.
Unloading 16 Unused Serialized files (Serialized files now loaded: 0)
Unloading 7171 unused Assets / (4.1 MB). Loaded Objects now: 8209.
Memory consumption went from 160.0 MB to 156.0 MB.
Total: 9.888200 ms (FindLiveObjects: 0.956400 ms CreateObjectMapping: 0.465600 ms MarkObjects: 5.945500 ms  DeleteObjects: 2.518000 ms)

Prepare: number of updated asset objects reloaded= 0
========================================================================
Received Prepare
Begin MonoManager ReloadAssembly
- Loaded All Assemblies, in  0.754 seconds
Refreshing native plugins compatible for Editor in 1.61 ms, found 5 plugins.
Native extension for WindowsStandalone target not found
[Package Manager] Failed to launch server process. Reason: Unity was launched with the -noUpm command-line argument
[Package Manager] Unable to send message (not connected to server process).
[Package Manager] Cannot connect to Unity Package Manager local server
[Package Manager] Failed to launch server process. Reason: Unity was launched with the -noUpm command-line argument
[Package Manager] Unable to send message (not connected to server process).
[Package Manager] Cannot connect to Unity Package Manager local server
ScheduleIndexationOnStartup MainProcess:False IndexOnStartup:True
Mono: successfully reloaded assembly
- Finished resetting the current domain, in  0.770 seconds
Domain Reload Profiling: 1524ms
	BeginReloadAssembly (219ms)
		ExecutionOrderSort (0ms)
		DisableScriptedObjects (16ms)
		BackupInstance (0ms)
		ReleaseScriptingObjects (0ms)
		CreateAndSetChildDomain (50ms)
	RebuildCommonClasses (33ms)
	RebuildNativeTypeToScriptingClass (11ms)
	initialDomainReloadingComplete (25ms)
	LoadAllAssembliesAndSetupDomain (465ms)
		LoadAssemblies (351ms)
		RebuildTransferFunctionScriptingTraits (0ms)
		AnalyzeDomain (205ms)
			TypeCache.Refresh (5ms)
				TypeCache.ScanAssembly (0ms)
			BuildScriptInfoCaches (187ms)
			ResolveRequiredComponents (8ms)
	FinalizeReload (770ms)
		ReleaseScriptCaches (0ms)
		RebuildScriptCaches (0ms)
		SetupLoadedEditorAssemblies (592ms)
			LogAssemblyErrors (0ms)
			InitializePlatformSupportModulesInManaged (2ms)
			SetLoadedEditorAssemblies (3ms)
			BeforeProcessingInitializeOnLoad (137ms)
			ProcessInitializeOnLoadAttributes (350ms)
			ProcessInitializeOnLoadMethodAttributes (90ms)
			AfterProcessingInitializeOnLoad (9ms)
			EditorAssembliesLoaded (1ms)
		ExecutionOrderSort2 (0ms)
		AwakeInstancesAfterBackupRestoration (19ms)
Refreshing native plugins compatible for Editor in 2.74 ms, found 5 plugins.
Preloading 0 native plugins for Editor in 0.00 ms.
Unloading 16 Unused Serialized files (Serialized files now loaded: 0)
Unloading 7171 unused Assets / (4.2 MB). Loaded Objects now: 8212.
Memory consumption went from 160.1 MB to 155.8 MB.
Total: 12.258900 ms (FindLiveObjects: 1.214600 ms CreateObjectMapping: 1.036800 ms MarkObjects: 6.957700 ms  DeleteObjects: 3.048300 ms)

Prepare: number of updated asset objects reloaded= 0
========================================================================
Received Import Request.
  Time since last request: 217.148029 seconds.
  path: Assets/Animations/john 1.controller
  artifactKey: Guid(0150e9c8bac6f604eabebb6dd4771e3d) Importer(815301076,1909f56bfc062723c751e8b465ee728b)
Start importing Assets/Animations/john 1.controller using Guid(0150e9c8bac6f604eabebb6dd4771e3d) Importer(815301076,1909f56bfc062723c751e8b465ee728b) (PreviewImporter) -> (artifact id: 'f7db2a8c51bca76d7d67263b9155c7df') in 0.0719459 seconds
Number of updated asset objects reloaded before import = 0Number of asset objects unloaded after import = 10

========================================================================
Received Import Request.
  Time since last request: 218.103730 seconds.
  path: Assets/Scripts/EnemyMovement.cs
  artifactKey: Guid(94dde27ba6989a947bfc608e8801ba1b) Importer(815301076,1909f56bfc062723c751e8b465ee728b)
Start importing Assets/Scripts/EnemyMovement.cs using Guid(94dde27ba6989a947bfc608e8801ba1b) Importer(815301076,1909f56bfc062723c751e8b465ee728b) (PreviewImporter) -> (artifact id: '7f276417e6bc952432f54a3fa42dfa70') in 0.0023494 seconds
Number of updated asset objects reloaded before import = 0Number of asset objects unloaded after import = 0

